Nombre de la Lista,Lista de Precios Base,,,
Moneda,Peso Chileno,,,
,,,,
Tipo de producto,Código Barras,SKU,Variante,Precio Venta
QUESOS Y FIAMBRES,7801930021478,CD401478,CHORIZO DE CAMPO RECETA DEL ABUELO 400 GR,"5.290,00"
HIGIENE Y CUIDADO PERSONAL,7804918450697,LO1U0697,PRESERVATIVOS ORGAZMAX LIFESTYLES 3U,"7.390,00"
HIGIENE Y CUIDADO PERSONAL,7794626010811,TH8U0811,TOALLAS HIGIENICAS NORMAL CON ALAS KOTEX 8U,"1.690,00"
MENAJE Y LIBRERIA,12345100,1V1U5100,1 VASO BICOLOR 500CC 1U,250
MENAJE Y LIBRERIA,1234599,1V1U4599,1 VASO CHIP 1U,150
LACTEOS,7802900332419,1C142419,1+1 CHOCOCRSIPYS 140GR,990
LACTEOS,7802900228170,1+MICOO8170,1+1 MINI COOKIES,990
LACTEOS,7802900002220,1S152220,1+1 SOPROLE NATURAL ENDULZADO 155GR,990
LACTEOS,7802900003876,1S1403876,1+1 SOPROLE ZERO LACTO ZUCARITA 140GR,990
POSTRES,7802900337049,1Z147049,1+1 ZUCARITAS 140G,990
CANDYLAND,40000422082,3M542082,"3 MUSKETEERS 54,4G","1.790,00"
MASCOTAS,709081031179,3R1U1179,3 ROLLOS BOLSAS MAS DISPENSADOR MARBEN PETS 1U,"2.590,00"
JUEGOS,31345675,DIJU6U5675,6 DIVERTIDOS JUEGOS 6U,"3.990,00"
BEBIDAS,7801620016203,7U2L6203,7UP 2L,"2.490,00"
BEBIDAS,7801620852702,7N2702,7UP NORMAL LATA 350CC,"1.190,00"
CASA Y JARDIN,7806810251068,AL11068,ABRE LATA ILKO ACERO INOXIDABLE 1U,"5.890,00"
MENAJE Y LIBRERIA,7806810251013,AM1U1013|,ABRELATAS MARIPOSA ILKO 1U,"7.890,00"
MENAJE Y LIBRERIA,6981045350029,AD1U0029,ABRIDOR DE LATAS 1U,"3.290,00"
HIGIENE Y CUIDADO,7804945017870,AB217870,ACEITE BRONCEADOR COCO-ZANAHORIA 15 SPF 210ML,"5.690,00"
HIGIENE Y CUIDADO PERSONAL,7800004004362,AB224362,ACEITE BRONCEADOR LEBLON 220ML,"7.790,00"
DESPENSA,7802810002099,ACMA1L2099,ACEITE DE MARAVILLA CHEF 1L,"3.990,00"
DESPENSA,7790272001005,AD901005,ACEITE DE MARAVILLA NATURA 900ML,"4.490,00"
DESPENSA,7801420000600,AD500600,ACEITE DE OLIVA BANQUETE 500ML,"12.190,00"
DESPENSA,7804608720307,AD5000307,ACEITE DE OLIVA EXTRA VIRGEN GRECCO 500ML,"7.290,00"
DESPENSA,7808760900515,AD250115,ACEITE DE OLIVA HUASCO EXTRA VIRGEN 250ML,"6.490,00"
DESPENSA,7808760900478,AD500478,ACEITE DE OLIVA HUASCO EXTRA VIRGEN 500ML,"9.890,00"
DESPENSA,6061100240684,AD250684,ACEITE DE OLIVA NAU 250ML,"5.990,00"
DESPENSA,7808760900072,AD500072,ACEITE DE OLIVA OLAVE 500ML,"6.590,00"
DESPENSA,799192433900,AD503900,ACEITE DE OLIVA SALVATORE 500ML,"11.290,00"
DESPENSA,7804609780010,AD500010,ACEITE DE OLIVA TERRA SANTA 500ML,"6.890,00"
DESPENSA,7804608221651,AM901651,ACEITE MARAVILLA COLISEO 900ML,"2.850,00"
DESPENSA,7801320000007,AM900007,ACEITE MIRAFLORES MARAVILLA 900CC,"3.890,00"
DESPENSA,7801320019375,AM1L9375,ACEITE MIRAFLORES VEGETAL 1L,"3.390,00"
DESPENSA,7801420000617,AO250617,ACEITE OLIVA BANQUETE EXTRA VIRGEN 250ML,"7.190,00"
DESPENSA,7801420002192,AT5002192,ACEITE TUCAPEL DE ARROZ 500ML,"4.090,00"
DESPENSA,7802810012029,AV1L2029,ACEITE VEGETAL BELMONT 1L,"3.990,00"
DESPENSA,7802810012531,AV252531,ACEITE VEGETAL BELMONT CANOLA 250ML,"1.290,00"
DESPENSA,7804608220005,AV900005,ACEITE VEGETAL COLISEO 900ML,"2.590,00"
DESPENSA,7801320242025,AV902025,ACEITE VEGETAL MIRAFLORES 900ML,"3.690,00"
DESPENSA,7794870056009,AV906009,ACEITE VEGETAL SMARTPRICE 900ML,"2.190,00"
DESPENSA,7790272008721,AV508721,ACEITE VEGETAL SORENTO 500ML,"1.590,00"
SNACKS,8428393001350,AL371350,ACEITUNA LA EXPLANADA RELLENA DE PIMENTON 370GR,"2.590,00"
DESPENSA,7804625100342,AN180342,ACEITUNA NEGRA DESHUESADA 1800G,"10.790,00"
DESPENSA,7804625100335,AN180335,ACEITUNA NEGRA EN RODAJAS 1800G,"10.790,00"
SNACKS,7802351111304,AA331304,ACEITUNAS AZAPA DON JUAN 330G,"3.790,00"
SNACKS,7802351121204,AH341204,ACEITUNAS HUASCO DON JUAN 340G,"1.990,00"
DESPENSA,7792070000532,AN330532,ACEITUNAS NEGRAS EN SALMUERA NUCETE 330G,"3.990,00"
SNACKS,7802351131203,AS341203,ACEITUNAS SEVILLANA DON JUAN 340G,"2.990,00"
SNACKS,7802337000110,AT500110,ACEITUNAS TIPO HUASCO TRAVERSO 500G,"1.690,00"
DESPENSA,7804625100366,AV1K0366,ACEITUNAS VERDES SAN AMBROSIO 1K,"10.790,00"
DESPENSA,7792070034353,AV364353,ACEITUNAS VERDES DESCAROZADAS NUCETE 360G,"3.990,00"
DESPENSA,7804625100359,AV1K0359,ACEITUNAS VERDES DESHUESADAS SAN AMBROSIO 1K,"10.790,00"
SNACKS,8436019239377,AV459377,ACEITUNAS VERDES DESHUESADAS TORRENT 450G,"8.390,00"
DESPENSA,7792070000495,AV330495,ACEITUNAS VERDES RELLENAS CON PIMENTON NUCETE 330G,"3.990,00"
DESPENSA,1178003698124,AB258124,ACETO BALSAMICO 250ML,"2.290,00"
DESPENSA,7802315560476,AB500476,ACETO BALSAMICO IMPERATORE 500ML,"3.690,00"
DESPENSA,7802356297287,AB257287,ACETO BALSAMICO IMPERATORE TRAVERSO 250ML,"2.290,00"
HIGIENE Y CUIDADO PERSONAL,7804920008862,AC758862,ACONDICIONADOR ACEITE DE COCO ARGAN Y ALMENDRA BALLERINA 750ML,"2.490,00"
HIGIENE Y CUIDADO,7804920006882,AB406882,ACONDICIONADOR BABY LEE AROMAS INFINITOS 400ML,"3.290,00"
BEBES,7804945072374,AB272374,ACONDICIONADOR BABYLAND BUBBLGEGUM 270ML,"1.790,00"
BEBES,7804920006813,AB256813,ACONDICIONADOR BABYLEE BRILLITOS 250ML,"1.890,00"
HIGIENE Y CUIDADO,7804920005779,AB405779,ACONDICIONADOR BABYLEE BRILLITOS MAGICOS 400ML,"3.290,00"
HIGIENE Y CUIDADO,7804920006219,AB406219,ACONDICIONADOR BABYLEE RIZOS Y RIZAS 400ML,"3.190,00"
HIGIENE Y CUIDADO,7804920005908,AB755908,ACONDICIONADOR BALLERINA BAJOPOO MICELAR AGUA DE COCO DOYPACK 750ML,"2.490,00"
HIGIENE Y CUIDADO PERSONAL,7804920003058,AB753058,ACONDICIONADOR BALLERINA COCO JAZMÍN FRASCO 750ML,"2.490,00"
HIGIENE Y CUIDADO,7804920008558,AB418558,ACONDICIONADOR BALLERINA DETOX PURIFICANTE LIMPIEZA PROFUNDA 410ML,"2.690,00"
HIGIENE Y CUIDADO PERSONAL,7804920003218,AB753218,ACONDICIONADOR BALLERINA GRANADA 750 ML,"2.390,00"
HIGIENE Y CUIDADO PERSONAL,7804920008114,AB408114,ACONDICIONADOR BALLERINA MANZANILLA 40 ML,290
HIGIENE Y CUIDADO PERSONAL,7804920007704,AB417704,ACONDICIONADOR BALLERINA ONDA Y RIZOS 410ML,"1.790,00"
HIGIENE Y CUIDADO PERSONAL,7804920008138,AB408138,ACONDICIONADOR BALLERINA ONDAS Y RIZOS 40 ML,290
HIGIENE Y CUIDADO PERSONAL,7804920007247,AB417247,ACONDICIONADOR BALLERINA PALTA Y ALMENDRAS 410ML,"1.790,00"
HIGIENE Y CUIDADO,7804920002587,AB752587,ACONDICIONADOR BALLERINA PERA 750ML,"2.690,00"
HIGIENE Y CUIDADO PERSONAL,7804920008190,AB758190,ACONDICIONADOR BAMBU Y JINSENG FRASCO BALLERINA 750ML,"2.490,00"
HIGIENE Y CUIDADO,7804920002525,AB752525,ACONDICIONADOR BELLERINA MANZANILLA 750ML,"2.690,00"
HIGIENE Y CUIDADO PERSONAL,7804920008718,AC758718,"ACONDICIONADOR COCO, ARGAN Y ALMENDRAS FRASCO BALLERINA 750ML","2.490,00"
HIGIENE Y CUIDADO PERSONAL,7891150017337,ACDO40,ACONDICIONADOR DOVE 400ML NUTRICION,"5.590,00"
HIGIENE Y CUIDADO PERSONAL,7791293004976,DORE404976,ACONDICIONADOR DOVE 400ML RECONSTRUCCION,"5.590,00"
HIGIENE Y CUIDADO PERSONAL,7791293038759,DORE408759,ACONDICIONADOR DOVE 400ML REGENERACION,"5.590,00"
HIGIENE Y CUIDADO,7891150084131,AD4004131,ACONDICIONADOR DOVE HIDRALISO HIALURONICO,"5.790,00"
HIGIENE Y CUIDADO,7891150055230,AD4005230,ACONDICIONADOR DOVE NUTRICION OLEO MICELAR 400ML,"5.790,00"
HIGIENE Y CUIDADO,7804945063662,AF753662,ACONDICIONADOR FAMILAND ACEITE DE COCO ARGAN 750ML,"2.990,00"
HIGIENE Y CUIDADO,7804945063648,AF753648,ACONDICIONADOR FAMILAND ARANDANO MAQUI BIO 750ML,"2.990,00"
HIGIENE Y CUIDADO PERSONAL,7804945063860,AF753860,ACONDICIONADOR FAMILAND CENTAUREA CYANUS 750ML,"2.590,00"
HIGIENE Y CUIDADO PERSONAL,7804945063631,AF753631,ACONDICIONADOR FAMILAND GRANADA 750ML,"2.590,00"
HIGIENE Y CUIDADO,7804945063877,AF753877,ACONDICIONADOR FAMILAND HIALURONICO ALGAS 750ML,"2.990,00"
HIGIENE Y CUIDADO,7804945063563,AF753563,ACONDICIONADOR FAMILAND MANZANA PAPAYA 750ML,"2.990,00"
HIGIENE Y CUIDADO PERSONAL,7804945034204,AF504204,ACONDICIONADOR FAMILAND MANZANILLA 500ML,"1.790,00"
HIGIENE Y CUIDADO PERSONAL,7804945063518,AF7503518,ACONDICIONADOR FAMILAND MANZANILLA 750ML,"2.790,00"
HIGIENE Y CUIDADO PERSONAL,7804945063365,AF753365,ACONDICIONADOR FAMILAND MORINGA 750ML,"2.590,00"
HIGIENE Y CUIDADO PERSONAL,7804945063570,AF753570,ACONDICIONADOR FAMILAND PROPOLEO JALEA REAL 750ML,"2.590,00"
HIGIENE Y CUIDADO PERSONAL,7804920003195,AG753195,ACONDICIONADOR GRANADA FRASCO BALLERINA 750ML,"2.490,00"
HIGIENE Y CUIDADO,7500435253079,AH243079,ACONDICIONADOR HERBAL ESSENCES 240ML,"4.490,00"
HIGIENE Y CUIDADO PERSONAL,190679000187,AH400187,ACONDICIONADOR HERBAL ESSENCES ARGAN OIL  400ML,"10.590,00"
HIGIENE Y CUIDADO PERSONAL,381519180750,HEES400750,ACONDICIONADOR HERBAL ESSENCES MANZANILLA 400ML,"7.190,00"
HIGIENE Y CUIDADO,7500435252966,AH242966,ACONDICIONADOR HERBAL ESSENCES ROSA MOSQUETA 240ML,"4.490,00"
BEBES,7804945073128,AK273128,ACONDICIONADOR KIDS BABYLAND BRILLITOS 270ML,"1.790,00"
BEBES,7804945072367,AK272367,ACONDICIONADOR KIDS BABYLAND RIZOS Y RULOS 270ML,"1.790,00"
HIGIENE Y CUIDADO PERSONAL,7804920007230,AM417230,ACONDICIONADOR MANZANILLA BALLERINA 410ML,"1.790,00"
HIGIENE Y CUIDADO PERSONAL,7804920055040,AM755040,ACONDICIONADOR MANZANILLA BALLERINA 750ML,"2.490,00"
HIGIENE Y CUIDADO PERSONAL,7804920003232,AP7503232,ACONDICIONADOR PALTA Y ALMENDRA FRASCO BALLERINA 750ML,"2.490,00"
HIGIENE Y CUIDADO PERSONAL,7500435155939,AP205939,ACONDICIONADOR PANTENE BAMBU 200ML,"1.990,00"
HIGIENE Y CUIDADO,7500435247955,AP257955,ACONDICIONADOR PANTENE BIOTINAMINA B3 250ML,"4.490,00"
HIGIENE Y CUIDADO,7501007457826,AP4007826,ACONDICIONADOR PANTENE BRILLO EXTREMO 400ML,"6.190,00"
HIGIENE Y CUIDADO PERSONAL,7500435155922,AP405922,ACONDICIONADOR PANTENE DE BAMBU NUTRI Y CRECE 400 ML,"5.890,00"
HIGIENE Y CUIDADO,7500435241106,AP251106,ACONDICIONADOR PANTENE KERATINA 250ML,"4.490,00"
HIGIENE Y CUIDADO PERSONAL,7500435128636,AP208636,ACONDICIONADOR PANTENE MICELAR 200ML,"2.090,00"
HIGIENE Y CUIDADO PERSONAL,7500435128650,AP408650,ACONDICIONADOR PANTENE MICELAR 400 ML,"5.890,00"
HIGIENE Y CUIDADO,7500435020299,AP400299,ACONDICIONADOR PANTENE PRO-V FUERZA Y RECONSTRUCCION 400ML,"6.390,00"
HIGIENE Y CUIDADO,7500435209663,ACPAPRMI259663,ACONDICIONADOR PANTENE PRO-V MIRACLES 250ML,"6.490,00"
HIGIENE Y CUIDADO,7500435191586,AP251586,ACONDICIONADOR PANTENE PRO-V MIRACLES COLAGENO 250ML,"4.490,00"
HIGIENE Y CUIDADO PERSONAL,7506309803784,AP103784,ACONDICIONADOR PANTENE REST 10ML,490
HIGIENE Y CUIDADO PERSONAL,7501006721317,AP401317,ACONDICIONADOR PANTENE REST 400ML,"5.690,00"
HIGIENE Y CUIDADO PERSONAL,7501006721294,AP201294,ACONDICIONADOR PANTENE RESTAURACION 200ML,"1.990,00"
HIGIENE Y CUIDADO,7501001165321,AP4005321,ACONDICIONADOR PANTENE RIZOS DEFINIDOS 400ML,"6.190,00"
HIGIENE Y CUIDADO PERSONAL,7804920007766,AP757766,ACONDICIONADOR PLATANO Y CAFE BALLERINA 750ML,"2.450,00"
HIGIENE Y CUIDADO PERSONAL,7791293045276,AR205276,ACONDICIONADOR REC COMP DOVE 200ML,"2.090,00"
HIGIENE Y CUIDADO PERSONAL,7791293042312,AR202312,ACONDICIONADOR RECONSTRUCCION COMPLETA DOVE 200ML,"1.990,00"
HIGIENE Y CUIDADO PERSONAL,7791293042305,AR202305,ACONDICIONADOR REG EXT DOVE 200ML,"2.090,00"
HIGIENE Y CUIDADO,7891150103467,AD153467,ACONDICONADOR DOVE UV REPAIR&GLOW+ FERULICO 150GR,"3.190,00"
HIGIENE Y CUIDADO PERSONAL,7506309840581,AH400581,ACONDICONADOR HIDRATACION EXTREMA PANTENE 400 ML,"6.090,00"
FERRETERIA,7809601116935,A11U6935,ADAPTADOR 10A SCHUKO MACROTEL 1U,"3.790,00"
FERRETERIA,7809601113637,A31U3637,ADAPTADOR 3 TOMAS MACROTEL 1U,"4.990,00"
DESPENSA,7804627651040,AB111040,ADEREZO BUKA SALSA DE QUESO CHEDDAR 110GR,"1.790,00"
DESPENSA,6661701000026,AR1L0026,ADEREZO RANCH HIDDEN VALLEY 1L,"14.990,00"
FERRETERIA,7805500011302,AA121302,ADHESIVO AGOREX TRANSPARENTE 120CC,"5.590,00"
FERRETERIA,7805500010169,AA120169,ADHESIVO AGOREX USO GENERAL 120ML,"6.190,00"
FERRETERIA,7730716400858,AC9G0858,ADHESIVO CONTACTO ECCOLE 9G,"5.590,00"
JUEGOS,4068801903513,AI243513,ADIDAS ÎLE-DE-FOOT 24 AZUL,"16.990,00"
LIMPIEZA,7790520990648,AD280648,AEROSOL DESINFECTANTE LYSOFORM 285CC,"3.790,00"
LIMPIEZA,7790520998125,AD308125,AEROSOL DESINFECTANTE LYSOFORM 300G,"3.790,00"
LIMPIEZA,7790520014177,AD364177,AEROSOL DESINFECTANTE LYSOFORM 360G,"4.490,00"
LIMPIEZA,7790520028686,AD388686,AEROSOL DESINFECTANTE LYSOFORM 385CC,"4.490,00"
LIMPIEZA,7790520014313,AD424313,AEROSOL DESINFECTANTE LYSOFORM 420CC,"4.790,00"
LIMPIEZA,7790520014184,AD254184,AEROSOL DESINFECTANTE LYSOFORM LAVANDA 257G,"3.790,00"
HIGIENE Y CUIDADO PERSONAL,70330717541,AB17541,AFEITADORA BIC 3 ACTION 1U,"1.790,00"
HIGIENE Y CUIDADO PERSONAL,70330717534,AB17534,AFEITADORA BIG CONFORT 3 ADVANCE 1U,"1.990,00"
DULCES Y CHOCOLATES,7613032596668,AE206668,AFTER EIGHT 200G,"8.190,00"
HIGIENE Y CUIDADO PERSONAL,7804945014671,AFGE194671,AFTER SUN GEL SIMOND'S ALOE 190ML,"7.490,00"
FERRETERIA,7805500010060,A120060,AGOREX 120CC,"4.890,00"
BEBIDAS,763331064850,AA4850,AGUA ACTIVA 10L,"2.790,00"
BEBIDAS,763331064843,AA4843,AGUA ACTIVA 20L,"2.990,00"
BEBIDAS,763331064867,AA4867,AGUA ACTIVA 6L,"1.790,00"
BEBIDAS,400005351952,AA1952,AGUA ALOE VERA DURAZNO 1L,"1.490,00"
BEBIDAS,400005351969,AA1969,AGUA ALOE VERA GRANADA 1L,"1.490,00"
BEBIDAS,400005902949,AA2949,AGUA ALOE VERA GRANADA ZERO 1L,"1.490,00"
BEBIDAS,400005351976,AA1976,AGUA ALOE VERA MANGO 1L,"1.490,00"
BEBIDAS,7804628246559,AA6559,AGUA ALOE VERA MANZANA 1L,"1.490,00"
BEBIDAS,7804628246580,AA6580,AGUA ALOE VERA TUTTIFRUTI 1L,"1.490,00"
BEBIDAS,7804628246566,AA6566,AGUA ALOE VERA ZERO FRUTILLA 1L,"1.490,00"
BEBIDAS,400005902918,AA2918,AGUA ALOE VERA ZERO ORIGINAL 1L,"1.490,00"
BEBIDAS,400006751645,AA1645,AGUA ALOE VERA ZERO PAPAYA 1L,"1.490,00"
BOTILLERIA,7802105021224,AA901224,AGUA ARDIENTE DOÑIGUE 900CC,"4.990,00"
AGUAS,7802820442229,AB202229,AGUA BENEDICTINO 20L,"5.990,00"
AGUAS,7802820441512,AB151512,AGUA BENEDICTINO CON GAS 1.5ML,"1.190,00"
AGUAS,7802820441802,AB2L1802,AGUA BENEDICTINO CON GAS 2L,"1.490,00"
AGUAS,7802820441123,AB501123,AGUA BENEDICTINO CON GAS 500CC,"1.090,00"
AGUAS,7802820442137,AB152137,"AGUA BENEDICTINO FRUTILLA 1,5L","1.590,00"
BEBIDAS,7802820002089,AB15L2089,"AGUA BENEDICTINO FRUTOS ROJOS 1,5L","1.290,00"
AGUAS,7802820441529,AB151529,AGUA BENEDICTINO GASIFICADA 1.5,"1.190,00"
BEBIDAS,7802820452280,AB2280,"AGUA BENEDICTINO LIMONADA 1,5L","1.290,00"
BEBIDAS,7802820454307,AB4307,AGUA BENEDICTINO LIMONADA 2L,"1.590,00"
BEBIDAS,7802820452129,AB2129,"AGUA BENEDICTINO MANZANA 1,5L","1.290,00"
BEBIDAS,7802820454109,AB4109,AGUA BENEDICTINO MANZANA 2L,"1.590,00"
AGUAS,7802820452105,AB502105,AGUA BENEDICTINO MANZANA 500CC,"1.090,00"
BEBIDAS,7802820452204,"AB1,2204","AGUA BENEDICTINO PERA 1,5L","1.290,00"
BEBIDAS,7802820454208,AB4208,AGUA BENEDICTINO PERA 2L,"1.590,00"
AGUAS,7802820452181,AB502181,AGUA BENEDICTINO PERA 500CC,"1.090,00"
BEBIDAS,7802820452365,AB2365,"AGUA BENEDICTINO POMELO 1,5L","1.290,00"
BEBIDAS,7802820454918,AB4918,AGUA BENEDICTINO POMELO 2L,"1.590,00"
AGUAS,7802820441789,AB2L1789,AGUA BENEDICTINO SIN GAS 2L,"1.490,00"
AGUAS,7802820441000,AB501000,AGUA BENEDICTINO SIN GAS 500CC,"1.090,00"
AGUAS,1234567891011,AB201011,AGUA BIDON PETRUKO 20L,"3.490,00"
AGUAS,74352540704501,AGBI60,AGUA BIDON PURA VIDA 6.0L,"2.390,00"
BEBIDAS,7801620852955,AC12955,"AGUA CACHANTUN CON GAS 1,6L","1.290,00"
BEBIDAS,7801620005887,AC25887,"AGUA CACHANTUN CON GAS 2,5L","1.790,00"
BEBIDAS,7801620015800,AC505800,AGUA CACHANTUN CON GAS 500ML,"1.090,00"
BEBIDAS,7801620852962,AC12962,"AGUA CACHANTUN SIN GAS 1,6L","1.290,00"
BEBIDAS,7801620005894,AC25894,"AGUA CACHANTUN SIN GAS 2,5L","1.790,00"
BEBIDAS,7801620015817,AC5817,AGUA CACHANTUN SIN GAS 500ML,"1.090,00"
AGUAS,7801620010737,AC500C0737,AGUA CACHANTUN STRONG 500CC,"1.190,00"
AGUAS,7801620010744,AC16000744,AGUA CACHANTUN STRONG GAS 1600ML,"1.290,00"
BEBIDAS,7801620009700,AC509700,AGUA CACHANTUN SUAVEMENTE GASIFICADA 500ML,"1.090,00"
BEBIDAS,7809595602315,AC12315,"AGUA CON GAS PUYEHUE 1,5L","1.490,00"
BEBIDAS,7809595603411,AC333411,AGUA CON GAS PUYEHUE 330ML,"1.290,00"
DESPENSA,7804647960566,AD520566,AGUA DE COCO BE ORGANIC 520ML,"2.590,00"
AGUAS,096619056552,AD1L6552,AGUA DE COCO KIRKLAND 1L,"4.990,00"
AGUAS,77008112287830,77008112287830,AGUA DE FRUTA GUALLARAUCO MANGO MARACUYA 500ML,0
AGUAS,7803908004452,AGFR504452,AGUA DE FRUTA GUALLARAUCO MANGO MARACUYA 500ML SABOR LIMON,"1.690,00"
BEBIDAS,7803908004445,AGGUDEFRPE504445,AGUA GUALLARAUCO DE FRUTA PERA 500ML,"2.190,00"
AGUAS,7803908006067,AG16067,AGUA GUALLARAUCO MANZANA 1L,"2.590,00"
BEBIDAS,7803908004438,AGGUMA504438,AGUA GUALLARAUCO MANZANA 500ML,"2.190,00"
AGUAS,7803908006098,AG16098,AGUA GUALLARAUCO PERA 1L,"2.590,00"
JUGOS,7803908004469,AG504469,AGUA GUALLARAUCO SABOR MANGO MARACUYA 500ML,"2.190,00"
BEBIDAS,7801620006600,AM6600,"AGUA MAS CITRUS 1,6L","1.690,00"
BEBIDAS,7801620010232,AM0232,AGUA MAS CITRUS 2L,"2.190,00"
BEBIDAS,7801620006624,AM6624,"AGUA MAS MANZANA 1,6L","1.690,00"
BEBIDAS,7801620009014,AM9014,AGUA MAS MANZANA 2L,"2.190,00"
BEBIDAS,7801620006655,AM6655,"AGUA MAS PERA 1,6L","1.690,00"
BEBIDAS,7801620009007,AM9007,AGUA MAS PERA 2L,"2.190,00"
BEBIDAS,7801620008338,AM8338,"AGUA MAS PIÑA 1,6L","1.690,00"
BEBIDAS,7801620006648,AM6648,"AGUA MAS UVA 1,6L","1.690,00"
HIGIENE Y CUIDADO PERSONAL,40066783,AM106783,AGUA MICELAR NIVEA PIEL SENSIBLE 100 ML,"3.590,00"
BEBIDAS,7801620009694,AM609694,AGUA MINERAL CACHANTUN GASIFICADA 600ML,"1.090,00"
BEBIDAS,7801620009717,AM609717,AGUA MINERAL CACHANTUN SIN GAS 600ML,"1.090,00"
AGUAS,7801620015855,"AM1,5855","AGUA MINERAL CACHANTUN SUAVEMENTE GASIFICADA 1,6L","1.290,00"
AGUAS,79298400434,AM750434,AGUA MINERAL NATURAL SIN GAS EVIAN 750ML,"3.490,00"
AGUAS,884394007285,AO507285,AGUA OKF FARMERS ALOE VERA 500ML,"2.090,00"
AGUAS,884394007414,AO507414,AGUA OKF FARMERS ALOE VERA CON COCO 500ML,"2.090,00"
AGUAS,884394007339,AO507339,AGUA OKF FARMERS ALOE VERA MANGO NATURAL 500ML,"2.090,00"
AGUAS,884394007377,AO507377,AGUA OKF FARMERS ALOE VERA PIÑA 500ML,"2.090,00"
AGUAS,736372666574,AD106574,AGUA PETRUKO 10L,"2.890,00"
AGUAS,0736372666567,AP66567,AGUA PETRUKO 6L,"1.890,00"
AGUAS,7801620006044,AGPUNESIGAPUVI6L6044,AGUA PURIFICADA NESTLE SIN GAS PURA VIDA 6L,"2.690,00"
AGUAS,7809595601318,AP501318,AGUA PUYEHUE GASIFICADA 500CC,"1.290,00"
AGUAS,7809595601301,AP501301,AGUA PUYEHUE SIN GAS 500CC,"1.290,00"
BEBIDAS,7809595602322,AS12322,"AGUA SIN GAS PUYEHUE 1,5L","1.490,00"
BEBIDAS,7809595603428,AS333428,AGUA SIN GAS PUYEHUE 330ML,"1.290,00"
AGUAS,606110996525,AS2L6525,AGUA SODA COTTI 2L,"1.790,00"
AGUAS,7801620005740,AT315740,AGUA TONICA CANADA DRY LATA 310CC,"1.390,00"
BEBIDAS,7801610382028,AT152028,"AGUA TONICA SCHWEPPES 1,5L","2.490,00"
BEBIDAS,7801610383025,AT153025,"AGUA TONICA SIN AZUCAR SCHWEPPES 1,5L","2.490,00"
BEBIDAS,7801610310083,AT310083,AGUA TONICA SIN AZUCAR SCHWEPPES 310ML,"1.390,00"
BEBIDAS,7802820020953,AV0953,"AGUA VITAL CON GAS 1,6L","1.390,00"
AGUAS,7802820330212,AV330212,AGUA VITAL CON GAS 330ML,"1.290,00"
BEBIDAS,7802820600100,AV0100,AGUA VITAL CON GAS 600ML,990
BEBIDAS,7802820600209,AV0209,AGUA VITAL SIN GAS 600ML,"1.190,00"
BEBIDAS,7802820021950,AV1950,"AGUA VITAL SIN GAS 1,6L","1.390,00"
AGUAS,7802820330250,AV330250,AGUA VITAL SIN GAS 330ML,"1.290,00"
AGUAS,7802820990102,AV990102,AGUA VITAL SIN GAS 990CC,"1.690,00"
BEBIDAS,7802820650013,AB650013,"AGUAN BENEDICTINO 6,5L","2.590,00"
CANDYLAND,73390007997,AB577997,AIRHEADS BITES BOUCHEES 57G,"1.790,00"
DULCES Y CHOCOLATES,073390002206,AB152206,"AIRHEADS BLUE RASPERRY 15,6G",590
DULCES Y CHOCOLATES,073390014841,AF574841,AIRHEADS FILLED ROPES ORIGINAL FRUIT 57G,"2.990,00"
DULCES Y CHOCOLATES,073390002039,AW152039,"AIRHEADS WATERMELON 15,6G",590
DULCES Y CHOCOLATES,073390002213,AW152213,"AIRHEADS WHITE MISTERY 15,6G",590
CANDYLAND,73390008277,AX578277,AIRHEADS XTREMES BLUEST RASPBERRY 57G,"2.990,00"
JUEGOS,6920240806023,AJHISE6023,AJEDREZ HIGH CLASS CHESS SET,"4.990,00"
DESPENSA,7802351221003,AC101003,AJI CHILENO DON JUAN 100G,790
DESPENSA,7802420004599,AC154599,AJI COLOR EDRA 15GR,390
DESPENSA,7804652980337,AC430337,AJI CON PIÑA BY MARIA 430G,"7.290,00"
DESPENSA,7802337930219,AC240219,AJI CREMA TRAVERSO 240G,"1.190,00"
DESPENSA,7802410110101,AD100101,AJI DE COLOR 100G,"1.490,00"
DESPENSA,7802410001379,AD151379,AJI DE COLOR MOLIDO GOURMET 15GR,390
DESPENSA,7804656220002,AD100002,AJI DE COLOR PAPRIKA FARO 100G,"2.590,00"
DESPENSA,7802351234607,AD244607,AJI DON JUAN CREMA 240G,"1.490,00"
DESPENSA,7708872000014,AJ290014,AJI JALAPEÑO EN RODAJAS 290G,"3.590,00"
DESPENSA,7802351241018,AP241018,AJI PEBRE DON JUAN 240G,"1.490,00"
DESPENSA,7802640720637,AJPEJB240637,AJI PEBRE JB 240G,"1.890,00"
DESPENSA,7802337930233,AP240233,AJI PEBRE TRAVERSO 240G,"1.190,00"
DESPENSA,7802337920333,AT100333,AJI TRAVERSO EN CREMA 100GR,990
DESPENSA,7804652980023,AV400023,AJI VERDE BY MARIA 400G,"6.590,00"
DESPENSA,567890,AB187890,AJO BOCUS CONFITADO 180GR,"6.500,00"
CONGELADOS,7801300003684,AC100684,AJO CUBO FRUTOS DEL MAIPO 100G,990
DESPENSA,7802410003700,AE153700,AJO EN HOJUELAS GOURMET 15G,790
DESPENSA,7802420004605,AE154605,AJO EN POLVO EDRA 15GR,390
DESPENSA,7802410205203,AE305203,AJO EN POLVO FRASCO GOURMET 30G,"1.990,00"
DESPENSA,7802410004011,AE104011,AJO EN POLVO GOURMET 100G,"1.990,00"
DESPENSA,7802410053514,AE153514,AJO EN POLVO GOURMET 15G,290
CANDYLAND,634418524621,AL12FLMIGUWOBA104621,ALBANESE 12 FLAVOR MINI GUMMI WORMS BAG 100G,"2.490,00"
CANDYLAND,634418524553,ALSO12FLGUBEBA104553,ALBANESE SOUR 12 FLAVOR GUMMI BEARS BAG 100G,"2.490,00"
DESPENSA,7802410070801,AG110801,ALCAPARRAS GOURMET 110G,"2.990,00"
DESPENSA,4000071664480,AL994480,ALCAPARRAS LIDER 99GR,"2.790,00"
FARMACIA,7804930015393,ALEQ257804,ALCOHOL EQUATE 70° 250ML,"2.390,00"
BEBES,7804945011441,AG751441,ALCOHOL GEL SIMONDS 75ML,"1.390,00"
PASTELERIA,77634636246938,A16938,ALFAJOR 1U,"1.600,00"
DULCES Y CHOCOLATE,7804684080012,AA600012,ALFAJOR ALESSANDRINO GOLD BERRIES 60GR,"1.790,00"
DULCES Y CHOCOLATE,7804684080005,AA600005,ALFAJOR ALESSANDRINO GOLD CLASICO 60GR,"1.790,00"
DULCES Y CHOCOLATE,7804684080029,AA600029,ALFAJOR ALESSANDRINO GOLD MANJAR MANI 60GR,"1.790,00"
DULCES Y CHOCOLATE,7804684080050,AA600050,ALFAJOR ALESSANDRINO GOLD MANJAR MOKA 60GR,"1.790,00"
DULCES Y CHOCOLATE,7804684080067,AA630067,ALFAJOR ALESSANDRINO GOLD MANJAR NARANJA 60GR,"1.790,00"
PASTELERIA,78046840880067,AA600067,ALFAJOR ALESSANDRINO GOLD MANJAR NARANJA 60GR,"1.690,00"
DULCES Y CHOCOLATES,7803473612229,AA402229,ALFAJOR ALFI 40G,490
DULCES Y CHOCOLATES,7803473002020,AA602020,ALFAJOR ALFI 60G,690
DULCES Y CHOCOLATES,6872245423128,AA2318,ALFAJOR ARTESANAL URUGUAYO,"1.690,00"
DULCES Y CHOCOLATE,7790040430433,AB40G0433,ALFAJOR BON O BON CHOCOLATE 40.7G,890
DULCES Y CHOCOLATES,7790040613706,AB403706,ALFAJOR BON O BON CHOCOLATE 40G,890
DULCES Y CHOCOLATES,7790040613607,AB403607,ALFAJOR BON O BON CHOCOLATE BLANCO 40G,890
DULCES Y CHOCOLATES,7790040425446,AB60G5446,ALFAJOR BON O BON TRIPLE 60G,"1.190,00"
PASTELERIA,7803495002206,AM2U2206,ALFAJOR CON MANJAR PULMAHUE 2 UNIDADES,"2.790,00"
PASTELERIA,7803495004859,AM5U4859,ALFAJOR DE MAICENA PULMAHUE 5 UNIDADES,"3.290,00"
DULCES Y CHOCOLATES,7802245000813,AF400813,ALFAJOR FRAMBUESA BLANCO 40GR,"1.890,00"
PASTELERIA,7803400000105,AL450105,ALFAJOR LAGOS DEL SUR CLASICO 45GR,890
DULCES Y CHOCOLATES,7803403000737,AL700737,ALFAJOR LAGUITO 2U 70G,990
DULCES Y CHOCOLATES,7802245000790,AM500790,ALFAJOR MANJAR BITTER 50GR,"1.890,00"
DULCES Y CHOCOLATES,7802245000875,AM450875,ALFAJOR MANJAR BITTER SIN AZUCAR 45GR,"2.190,00"
DULCES Y CHOCOLATE,7802245001162,AM451162,ALFAJOR MANJAR LECHE 45GR,"2.190,00"
DULCES Y CHOCOLATES,7802245001476,AM451476,ALFAJOR MANJAR LECHE SIN AZUCAR 45GR,"2.190,00"
PASTELERIA,78045248,AN455248,ALFAJOR NUTRABBIEN FRAMBUESA 45GR,790
PASTELERIA,78040588,AN450588,ALFAJOR NUTRABIEN 45GR,790
DULCES Y CHOCOLATES,7802220776474,ALPR6064740,ALFAJOR PREMIUM CALAF 60G,890
DULCES Y CHOCOLATES,7622300759506,AS429506,ALFAJOR SIMPLE MILKA MOUSSE 42G,"1.190,00"
HIGIENE Y CUIDADO PERSONAL,7806545010121,AH100121,ALGODON HIDROFILO AMERICANO 100G,"2.490,00"
FARMACIA,7804945073777,AP103777,ALGODÓN PRENSADO 100G,"2.290,00"
FARMACIA,7806545010213,AP500213,ALGODÓN PRENSADO 50G,790
FARMACIA,7806545010138,AP250138,ALGODON PRENSADO GRANDE AMERICANO 250G,"4.590,00"
FERRETERIA,7804628247532,AP1U7532,ALICATE PUNTA LARGA HT 1U,"2.190,00"
MASCOTAS,855958006556,AC566556,ALIMENTO CHURU ATUN 56G,"3.890,00"
MASCOTAS,855958006563,AC566563,ALIMENTO CHURU ATUN Y POLLO  56G,"3.890,00"
MASCOTAS,855958006662,AC566662,ALIMENTO CHURU ATUN Y SALMON  56G,"3.890,00"
MASCOTAS,850006715411,AC565411,ALIMENTO CHURU POLLO Y SALMON  56G,"4.090,00"
MASCOTAS,850006715398,AC565398,ALIMENTO CHURU POLLO  56G,"4.090,00"
MASCOTAS,7797453001526,AD151526,"ALIMENTO DE PERRO PEDIGREE ADULTO 1,5KG","10.690,00"
MASCOTAS,7797453001540,AD11540,ALIMENTO DE PERRO PEDIGREE ADULTO 1.5KG,"10.690,00"
MASCOTAS,7797453001502,AD11502,ALIMENTO DE PERRO PEDIGREE CACHORRO 1.5KG,"10.690,00"
MASCOTAS,7797453001564,AD11564,ALIMENTO DE PERRO PEDIGREE RAZAS PEQUEÑAS 1.5KG,"10.690,00"
MASCOTAS,7802575531728,AH101728,ALIMENTO HUEMDO MASTER DOG POLLO 100GR,890
MASCOTAS,7896029022245,AH1002245,ALIMENTO HUMEDO CARNE ADULTO RAZA PEQUEÑA 100G,"1.090,00"
MASCOTAS,7797453001472,AH851472,ALIMENTO HUMEDO GATITO WHISKAS CARNE SOUFFLE 85G,"1.190,00"
MASCOTAS,7896029046173,AH856173,ALIMENTO HUMEDO GATITO WHISKAS POLLO SOUFFLE 85G,"1.190,00"
MASCOTAS,7797453001489,AH851489,ALIMENTO HUMEDO GATO ADULTO WHISKAS CARNE SOUFFLE 85G,"1.190,00"
MASCOTAS,7896029046296,AH856296,ALIMENTO HUMEDO GATO ADULTO WHISKAS SALMON 85G,"1.190,00"
MASCOTAS,7896029046623,AH856623,ALIMENTO HUMEDO GATO CASTRADO CARNE 85G,"1.190,00"
MASCOTAS,7802575531742,AH851742,ALIMENTO HUMEDO GATO MASTER CAT SALMON 85G,890
MASCOTAS,7797453000437,AH850437,ALIMENTO HUMEDO GATO PAVO 85G,"1.190,00"
MASCOTAS,7797453001496,AH851496,ALIMENTO HUMEDO GATO WHISKAS 1+ PESCADO 85G,"1.190,00"
MASCOTAS,7797453000550,AH850550,ALIMENTO HUMEDO GATO WHISKAS 1+ POLLO 85G,"1.090,00"
MASCOTAS,7797453000413,AH850413,ALIMENTO HUMEDO GATO WHISKAS 1+ SALMON 85G,"1.090,00"
MASCOTAS,7797453000543,AH850543,ALIMENTO HUMEDO GATO WHISKAS 1+ SARDINAS 85G,"1.090,00"
MASCOTAS,7797453000406,AH850406,ALIMENTO HUMEDO GATO WHISKAS 2-12 CARNE 85G,"1.090,00"
MASCOTAS,7802575531759,AH101759,ALIMENTO HUMEDO MASTER CAT CARNE 100GR,890
MASCOTAS,7802575531735,AH851735,ALIMENTO HUMEDO MASTER CAT CARNE ASADA 85GR,890
MASCOTAS,7802575534118,AH854118,ALIMENTO HUMEDO MASTER CAT DE ATUN 85GR,890
MASCOTAS,7802575532640,AH852640,ALIMENTO HUMEDO MASTER CAT TROCITOS JUGOSOS 85GR,890
MASCOTAS,7896029018958,AH100G8958,ALIMENTO HUMEDO PERRO ADLUTO SABOR CARNE 100G,"1.090,00"
MASCOTAS,7797453000796,AH100796,ALIMENTO HUMEDO PERRO ADULTO PEDIGREE CARNE 100G,"1.090,00"
MASCOTAS,7797453000802,AH100802,ALIMENTO HUMEDO PERRO ADULTO PEDIGREE POLLO 100G,"1.090,00"
MASCOTAS,7896029019009,ALHUPEADSAFR109009,ALIMENTO HUMEDO PERRO ADULTO SABOR FRANGO 100G,"1.090,00"
MASCOTAS,7896029022269,ALHUPEADSAPO102269,ALIMENTO HUMEDO PERRO ADULTO SABOR POLLO 100G,"1.090,00"
MASCOTAS,7797453000468,AH100468,ALIMENTO HUMEDO PERRO CACHORRO PEDIGREE CARNE 100G,"1.090,00"
MASCOTAS,7896029015001,ALHUPECASACA105001,ALIMENTO HUMEDO PERRO CACHORRO SABOR CARNE 100G,"1.090,00"
MASCOTAS,7797453000475,AH100475,ALIMENTO HUMEDO PERRO RAZA PEQUEÑA PEDIGREE CARNE 100G,"1.090,00"
MASCOTAS,7797453000482,AH100482,ALIMENTO HUMEDO PERRO RAZA PEQUEÑA PEDIGREE POLLO 100G,"1.090,00"
MASCOTAS,7797453971768,AH101768,ALIMENTO HUMEDO PERRO SENIOR PEDIGREE CARNE 100G,"1.090,00"
MASCOTAS,7896029046616,AH856616,ALIMENTO HUMEDO WHISKAS CARNE JELLY 85GR,890
MASCOTAS,7797453000420,AH8504020,ALIMENTO HUMEDO WHISKAS SABOR CARNE 85GR,"1.090,00"
MASCOTAS,7797453972352,AP3K2352,ALIMENTO PARA GATOS WHISKAS SABOR CARNE 3K,"16.490,00"
DESPENSA,7802420004636,AC154636,ALIÑO COMPLETO 15GR,390
DESPENSA,7802410021384,AC151384,ALIÑO COMPLETO GOURMET 15G,390
DESPENSA,7802410101260,AC100,ALIÑO COMPLETO GOURMET 100GR,"2.390,00"
DULCES Y CHOCOLATES,77967602,AL2CE287602,ALKA 2 CEREZA 28G,790
DULCES Y CHOCOLATES,77989086,AL2MA289086,ALKA 2 MANZANA 28G,790
DULCES Y CHOCOLATE,77983428,AL2ME283428,ALKA 2 MENTOL 28G,790
DULCES Y CHOCOLATES,77967763,AL2NA287763,ALKA 2 NARANJA 28G,790
DULCES Y CHOCOLATES,78020146,AC290146,ALKA CEREZA 29G,790
DULCES Y CHOCOLATES,78021365,AM291365,ALKA MENTA 29G,790
DULCES Y CHOCOLATES,78012554,ALMEFU292554,ALKA MENTA FUERTE 29G,790
DULCES Y CHOCOLATES,78012547,AM292547,ALKA MENTOL 29G,790
DULCES Y CHOCOLATES,78020153,AM290153,ALKA MIEL 29G,790
SNACKS,096619605781,ALKI455781,ALMENDRA KIRKLAND 45G,"1.990,00"
DESPENSA,7804522004569,AN304569,ALMENDRA NATURAL 300G,"6.890,00"
DESPENSA,7804627170268,AS800268,ALMENDRAS SELECCION 80G,"1.690,00"
SNACKS,7804612220190,AS500190,ALMENDRAS SEMBRASOL 50G,"1.990,00"
SNACKS,7804612221494,AS601494,ALMENDRAS SEMBRASOL 60G,"2.190,00"
DESPENSA,7891150090279,AD1000279,ALMIDON DE MAIZ MAIZENA 100GR,"2.590,00"
DESPENSA,7801505004097,AI904097,ALULOSA IANSA CERO K 90ML,"2.590,00"
BOTILLERIA,7802150000458,AM750458,AMARETTO MITJANS 750CC,"8.390,00"
DESPENSA,75496001008,AA101008,AMARGO ANGOSTURA 100ML,"17.390,00"
DESPENSA,7802150003367,AR163367,AMARGO ROSSARD 165ML,"13.190,00"
BOTILLERIA,7790290101602,AF751602,AMARO FERNET BRANCA 750CC,"14.290,00"
SNACKS,7802351421205,AE361205,AMERICANA EN VINAGRE 360G,"1.390,00"
FERRETERIA,8888021307931,AE107931,AMPOLLETA EVEREADY LED LUZ BLANCA 220V-240V 10W,"2.490,00"
FERRETERIA,8888021307894,AE67894,AMPOLLETA EVEREADY LED LUZ BLANCA 220V-240V 6W,"1.490,00"
FERRETERIA,8888021307917,AE87917,AMPOLLETA EVEREADY LED LUZ BLANCA 220V-240V 8W,"2.190,00"
FERRETERIA,3000721651052,AL1U1052,AMPOLLETA LED BOLA 15W WESTINGHOUSE 1U,"5.890,00"
FERRETERIA,7807332030384,AL7W1U0384,AMPOLLETA LED BOLA LUZ BLANCA 7W 1U,"3.990,00"
FERRETERIA,3000721651045,AL15W1045,AMPOLLETA LED BOLA LUZ CALIDA 15W 1U,"5.890,00"
FERRETERIA,3000721650987,AL7W1U0987,AMPOLLETA LED BOLA LUZ CALIDA 7W 1U,"3.990,00"
FERRETERIA,7807332026424,AL3W1U6424,AMPOLLETA LED GU10 LUZ FRIA 3W 1U,"2.990,00"
FERRETERIA,7807332028152,AL3W1U8152,AMPOLLETA LED LUZ CALIDA GU10 3W 1U,"2.990,00"
FERRETERIA,7804660913419,AL7W3419,AMPOLLETA LED MEGABRIGHT 7W,"1.990,00"
FERRETERIA,7807332027407,AL7W7407,AMPOLLETA LED WESTINGHOUSE CALIDA 7W,"2.590,00"
FERRETERIA,7807332027384,AL7W7384,AMPOLLETA LED WESTINGHOUSE FRIA 7W,"2.590,00"
DESPENSA,7801268002064,AD162064,ANGELMO DESMENUZADO ACEITE 160G,990
DESPENSA,7801268002057,AD162057,ANGELMO DESMENUZADO AGUA 160G,990
HIGIENE Y CUIDADO PERSONAL,7791293048031,AD158031,ANTITRANSPIRANTE DOVE MEN INVISIBLE DRY 150ML,"4.890,00"
HIGIENE Y CUIDADO PERSONAL,7509546066219,AE206219,ANTITRANSPIRANTE EN BARRA LADYSPEEDSTICK 20G,"2.490,00"
HIGIENE Y CUIDADO PERSONAL,7509546066226,AE206226,ANTITRANSPIRANTE EN BARRA SPEEDSTICK 20G,"2.490,00"
HIGIENE Y CUIDADO PERSONAL,7791293038254,AR558254,ANTITRANSPIRANTE REXONA 3X CLASSIC 55ML,"2.290,00"
HIGIENE Y CUIDADO PERSONAL,7791293038261,AR558261,ANTITRANSPIRANTE REXONA MEN 3X CLEAN 55ML,"2.290,00"
BOTILLERIA,7891136057029,AS757029,APEROL SPRITZ 750CC,"13.790,00"
HIGIENE Y CUIDADO PERSONAL,7794626011252,AD201252,APOSITOS DESECHABLES PLENITUD 20U,"4.990,00"
DESPENSA,7801305004129,AA384129,ARANDANOS AL JUGO TETRA WASIL 380G,"3.090,00"
CONGELADOS,7801300003691,ARFR403691,ARANDANOS FRUTOS DEL MAIPO 400G,"4.590,00"
MASCOTAS,7805505011697,AS4K1697,ARENA SANITARIA AGLUTINANTE PARA GATOS TRAPPER 4KG,"10.890,00"
LIMPIEZA,7500435237215,AE707215,ARIEL EN POLVO DOWNY 700G,"3.190,00"
BEBIDAS,613008773069,AB653069,ARIZONA BLUEBERRY WHITE 650ML,"2.790,00"
BEBIDAS,613008735012,AC685012,ARIZONA CEREZA Y LIMA 680ML,"2.790,00"
BEBIDAS,613008756499,AD686499,ARIZONA DE TE CON LIMON 680ML,"2.790,00"
JUGOS,613008756512,AD656512,ARIZONA DIET GREEN TEA GINSENG 650ML,"2.790,00"
BEBIDAS,613008719296,AG689296,ARIZONA GRAPEADE 680ML,"2.790,00"
JUGOS,613008728571,AI688571,ARIZONA ICE TEA LEMONADE 680ML,"2.790,00"
BEBIDAS,613008756505,AJ656505,ARIZONA JARIZONA ICED TEA RASBERRY 650ML,"2.790,00"
BEBIDAS,613008715625,AJ655625,ARIZONA JUGO DE NARANJA 650ML,"2.790,00"
BEBIDAS,613008769161,AK6509161,ARIZONA KIWI STRAWBERRY 650ML,"2.790,00"
BEBIDAS,613008735432,AK685432,ARIZONA KIWI STRAWBERRY 680ML,"2.790,00"
JUGOS,613008773014,AM653014,ARIZONA MANGO DRAGON FRUIT 650ML,"2.790,00"
BEBIDAS,613008756482,AM686482,ARIZONA MUCHO MANGO 680ML,"2.790,00"
BEBIDAS,613008767372,ACZ687372,ARIZONA WATERMELON 650ML CHILL ZICLE,"2.790,00"
BEBIDAS,613008756475,AFP686475,ARIZONA WATERMELON 650ML FRUIT PUNCH,"2.790,00"
BEBIDAS,613008756451,AW686451,ARIZONA WATERMELON 650ML WATERMELON,"2.790,00"
LIMPIEZA,7805040000552,AA220552,AROMATIZANTE AROM FRUTILLA CREMA 225G,"2.190,00"
LIMPIEZA,7805040000576,AA220576,AROMATIZANTE AROM JARDIN DE LAVANDA 225G,"2.190,00"
LIMPIEZA,7805040000620,AA220620,AROMATIZANTE AROM VAINILLA EN FLOR 225G,"2.190,00"
SNACKS,7803520003031,ARDECECASIGL103031,AROS DE CEBOLLA ECOVIDA CARAMELIZADA SIN GLUTREN 100G,"3.090,00"
QUESOS Y FIAMBRES,73853051084964,ARAR25,ARROLLADO ARTESANAL 250G,"3.490,00"
CARNICERIA,73784155905792,ARHU1U,ARROLLADO HUASO AL VACIO TRES TORRES 7990KG,1
QUESOS Y FIAMBRES,7801907001748,AL151748,ARROLLADO LOMO CON AJI SAN JORGE 150G,"1.790,00"
DESPENSA,7803110000365,AB1K0365,ARROZ BANQUETE GRANO LARGO 1K,"2.390,00"
DESPENSA,7803110102236,AB1K2236,ARROZ BANQUETE PREMIUM G2 1K,"2.690,00"
DESPENSA,7801420000044,AE400044,ARROZ ESPECIAL TUCAPEL GRADO 1 PARA SUSHI 400GR,"3.190,00"
DESPENSA,7802615006551,AM1K6551,ARROZ MIRAFLORES LARGO ANCHO 1K,"3.590,00"
DESPENSA,7800120716644,AM506644,ARROZ MIRAFLORES LARGO ANCHO 500G,"1.690,00"
DESPENSA,7800120716897,AM806897,ARROZ MIRAFLORES LARGO ANCHO GRADO 1 800G,"2.090,00"
DESPENSA,7802615006568,AP1K6568,ARROZ PREGRANEADO MIRAFLORES 1K,"3.590,00"
DESPENSA,7801420001553,ARRI1K1553,ARROZ RISOTTO TUCAPEL 1KG,"5.790,00"
DESPENSA,7801420210139,AT1K0139,ARROZ TUCAPEL BLUE BONNET 1K,"2.490,00"
DESPENSA,7801420001850,ARTUBLBOGR21850,ARROZ TUCAPEL BLUE BONNET GRADO 2,"2.390,00"
DESPENSA,7801420220138,AT1K0138,ARROZ TUCAPEL GRAN SELECCION 1K,"2.690,00"
DESPENSA,7801420220145,AT500145,ARROZ TUCAPEL GRAN SELECCION G2 500G,"1.690,00"
DESPENSA,7801420950189,AT10189,ARROZ TUCAPEL PAELLA GRANO CORTO 1KG,"4.290,00"
DESPENSA,7801420001973,AT4001973,ARROZ TUCAPEL RISOTTO ITALIANO 400GR,"2.690,00"
CONGELADOS,7801907027083,ARCO207083,ARVEJAS CONGELADAS SAN JORGE 200G,"1.090,00"
DESPENSA,7801800107158,AE230158,ARVEJAS EN SALMUERA ACONCAGUA 230G,"1.290,00"
CONGELADOS,7801300012068,ARFR202068,ARVEJAS FRUTOS DEL MAIPO 200G,"1.090,00"
CONGELADOS,7801220311111,AM201111,ARVEJAS MINUTO VERDE 200G,990
CONGELADOS,7809611701282,AT40,ARVEJAS TIERNAS LA CRIANZA 400G,"2.790,00"
DESPENSA,7804621471187,AL1401187,ATUN LOMITO ROBINSON CRUSOE AL AGUA 140GR,"2.590,00"
DESPENSA,7804621472252,AL142252,ATUN LOMITO ROBINSON CRUSOE AL AGUA 140GR,"2.590,00"
DESPENSA,7804621471194,AL1401194,ATUN LOMITO ROBINSON CRUSOE CON ACEITE 140GR,"2.590,00"
DESPENSA,7801230004409,AO164409,ATUN OTUNA EN ACEITE 160G,"2.290,00"
DESPENSA,7801230004416,AO164416,ATUN OTUNA EN AGUA 160G,"2.290,00"
DESPENSA,7804621471781,AR141781,ATUN ROBINSON CRUSOE LOMITO AHUMADO 140GR,"2.590,00"
DESPENSA,7801235004534,AS144534,ATUN SAN JOSE AL NATURAL 140GR,"1.890,00"
DESPENSA,7801235001878,AS1601878,ATUN SAN JOSE AL NATURAL 160GR,"2.190,00"
DESPENSA,7801235001885,AS1601885,ATUN SAN JOSE EN ACEITE 160GR,"2.190,00"
DESPENSA,7702367012889,AV1422889,ATUN VAN CAMPS EN ACEITE 142GR,"2.490,00"
DESPENSA,7702367293356,AV1423356,ATUN VAN CAMPS EN AGUA142GR,"2.490,00"
FARMACIA,7800004003068,AB90G3068,AUTOBRONCEANTE BRONZER LEBLON 90G,"8.090,00"
DESPENSA,7803960000362,AI500362,AVENA INSTANTANEA OSO 500G,"1.090,00"
DESPENSA,7802000017865,AI407865,AVENA INSTANTANEA QUAKER INTEGRAL 400G,"2.690,00"
DESPENSA,7802000014949,AI454949,AVENA INSTANTANEA QUAKER INTEGRAL 450G,"3.090,00"
DESPENSA,7800120170248,AVIN400248,AVENA INSTANTANEA VIVO 400G,"2.090,00"
DESPENSA,7800120170170,AI700170,AVENA INSTANTANEA VIVO 700G,"2.990,00"
DESPENSA,7801505231912,AB1K1912,AZUCAR BLANCA IANSA 1K,"2.090,00"
DESPENSA,7801505001232,AF1K1232,AZUCAR FLOR IANSA 1KG,"4.490,00"
DESPENSA,7801505231974,AF501974,AZUCAR FLOR IANSA 500G,"1.690,00"
DESPENSA,7801505002659,"AI1,2659","AZUCAR IANSA 1,7K","2.590,00"
DESPENSA,7801505000228,AZIA400228,AZUCAR IANSA 400G,690
DESPENSA,7801505001706,AI901706,AZUCAR IANSA 900GR,"1.790,00"
DESPENSA,7801505000518,AL0518,AZUCAR LIGHT CON ENTEVIA IANZA 500G,"2.390,00"
DESPENSA,7801505000327,AL500327,AZUCAR LIGHT IANSA 500G,"2.090,00"
DESPENSA,7801505231950,AR501950,AZUCAR RUBIA IANSA 500G,"1.590,00"
FERRETERIA,1681688288356,BC4U8356,BAG CLIP 4U,"3.790,00"
Sin Tipo,4065432754217,BA14217,BALON ADIDAS STARLACER MINI 1U,"15.990,00"
Sin Tipo,4067905960262,BA10262,BALON ADIDAS WUCL LGE 1U,"19.990,00"
Sin Tipo,7790085026752,BV16752,BALON VOLEYBOL 1U,"11.990,00"
BEBES,7804945073111,BM273111,BALSAMO MANZANILLA BABYLAND 270ML,"1.790,00"
HIGIENE Y CUIDADO PERSONAL,7804923025071,BADE167804,BANDA FACIAL DEPILATORIA MILLEFIORI 16UN,"6.090,00"
HIGIENE Y CUIDADO,7506460101279,BD121279,BANDAS DEPILATORIAS CORPORAL VEET 12U,"9.990,00"
HIGIENE Y CUIDADO PERSONAL,7798339190402,BD200402,BANDAS DEPILATORIAS VEET 20U,"7.090,00"
DESPENSA,729208177191,BD307191,BANDEJA DE 30 HUEVOS GALLINA LIBRE XG 30U,"11.990,00"
DULCES Y CHOCOLATE,7802200852013,BADEHURECHDELE2013,BANDEJA DE HUEVITOS RELLENOS CHOCOLATE DE LECHE,"3.290,00"
DESPENSA,77722010229601,BD129601,BANDEJA DE HUEVO 12U,"5.990,00"
DESPENSA,col ext,BH6U6123,BANDEJA HUEVOS 6U,"3.490,00"
GALLETAS,7802215505027,BO855027,BARQUILLO OBSESION CHOCOLATE 85G,"1.790,00"
GALLETAS,7802215514326,BO854326,BARQUILLO OBSESIÓN CHOCOLATE MENTA COSTA 85G,"1.790,00"
GALLETAS,7802215514333,BO854333,BARQUILLO OBSESION MANI 85G,"1.790,00"
POSTRES,7802730010402,BADU100402,BARQUILLOS DULCONO ROMA 10U 10U,"2.090,00"
SNACK,8445290840189,BC250189,BARRA CEREAL NATURE'S HEARTS SEA SALT 25GR,"1.390,00"
DESPENSA,7804000002216,BD152216,BARRA DE CEREAL EN LINEA CRAMBERRIES 15GR,490
DESPENSA,7804000001684,BD151684,BARRA DE CEREAL ENLINEA MANZANA 15GR,490
DESPENSA,8445290840325,BD250325,BARRA DE CEREAL NATURE´S CRAMBERRY 25GR,"1.390,00"
DESPENSA,7802000018213,BD108213,BARRA DE CEREAL QUEKER CHOCOLATE 108GR 6U,"2.790,00"
CANDYLAND,6105422,BD505422,BARRA DE CHOCOLATE CARAMILK  50G,"1.690,00"
DESPENSA,7804673910566,BD450566,BARRA DE PROTEINA BERRIES 45G,"1.590,00"
DESPENSA,7804673910863,BD450863,BARRA DE PROTEINA CAFE MOKKA 45G,"1.590,00"
SALUD,7804673910245,PRCA450245,BARRA DE PROTEINA CARAMELO WILD PROTEIN 45G,"1.590,00"
DESPENSA,7804673910023,BD450023,BARRA DE PROTEINA CHOCOLATE 45G,"1.590,00"
DESPENSA,7804673910184,BD450184,BARRA DE PROTEINA CHOCOLATE BITTER 45G,"1.590,00"
DESPENSA,7804673910191,BD450191,BARRA DE PROTEINA CHOCOLATE COCO 45G,"1.590,00"
DESPENSA,7804673910030,BD450030,BARRA DE PROTEINA CHOCOLATE MANI  45G,"1.590,00"
DESPENSA,7804673910870,BD450870,BARRA DE PROTEINA CHOCOLATE NARANJA 45G,"1.590,00"
SALUD,7802215301506,BAPR40,BARRA DE PROTEINA VIVO 40G,"1.200,00"
SALUD,7802215301742,BD401735,BARRA DE PROTEINA VIVO BERRIES 40G,"1.200,00"
SALUD,7802215301643,BP401643,BARRA DE PROTEINA VIVO CHOCOLATE 40G,"1.200,00"
SALUD,7802215301735,BP401735,BARRA DE PROTEINA VIVO COCO 40G,"1.200,00"
DESPENSA,793969065486,BF165486,BARRA FRUTOTOS PROTEIN BANANA 16G,"1.790,00"
DESPENSA,793969065493,BF165493,BARRA FRUTOTOS PROTEIN CHOCOLATE 16G,"1.790,00"
DESPENSA,793969065509,BF165509,BARRA FRUTOTOS PROTEIN COCONUT 16G,"1.790,00"
DESPENSA,793969065462,BF165462,BARRA FRUTOTOS PROTEIN COOKIES AND CREAM 16G,"1.790,00"
DESPENSA,793969065455,BF165455,BARRA FRUTOTOS PROTEIN FRUTOS DEL BOSQUE 16G,"1.790,00"
DESPENSA,793969065516,BF165516,BARRA FRUTOTOS PROTEIN MENTA 16G,"1.790,00"
DESPENSA,793969065523,BF165523,BARRA FRUTOTOS PROTEIN MOKA 16G,"1.790,00"
DESPENSA,793969065479,BF165479,BARRA FRUTOTOS PROTEIN NARANJA 16G,"1.790,00"
USAMARKET,096619215690,BK405690,BARRA KIRKLAND NUTS BARS 40GR,"1.990,00"
DESPENSA,7804681090045,BP500045,BARRA PROTEINA BULLFOODS CHOCOLATE AVELLANA 50G,"2.090,00"
DESPENSA,7804681090007,BP500007,BARRA PROTEINA BULLFOODS TOFFE & NUTS 50G,"2.090,00"
DESPENSA,7804681090014,BP500014,BARRA PROTEINA BULLFOODS VEGANA TOFFE & NUTS 50G,"2.090,00"
DULCES Y CHOCOLATES,8691707038704,BW588704,BARRA WINERGY 58G,"1.190,00"
DESPENSA,7802000018169,BC188169,BARRAS COLACION QUAKER CON TROZOS DE FRUTILLA 18G,590
DESPENSA,7804000001677,BD6U1677,BARRAS DE CEREAL EN LINEA CHOCOLATE S/A 6U,"3.190,00"
DESPENSA,7804000001691,BD6U1691,BARRAS DE CEREAL EN LINEA MANZANA S/A 6U,"3.190,00"
DESPENSA,7802000018206,BD108206,BARRAS DE CEREAL QUAKER FRUTILLA 108GR 6U,"2.790,00"
DESPENSA,7702103128164,BDC188164,BARRAS DE CEREAL ZUCARITA 18G,490
DESPENSA,8445290311382,BA411382,BASE AJO DE GALLINA MAGGI 41G,"1.290,00"
DESPENSA,7613031259823,BC369823,BASE CARNE A LA CASEROLA 36G,990
DESPENSA,8445290311511,BC261511,BASE CARNE MONGOLIANA MAGGI 26G,"1.290,00"
DESPENSA,7613031238576,BC708576,BASE CAZUELA DE VACUNO 70G,"1.090,00"
DESPENSA,8445290311351,BC261351,BASE CHAPSUI MAGGI 26G,"1.290,00"
DESPENSA,7802410002901,BG302901,BASE GOURMET PARA CEVICHE 30GR,"1.090,00"
DESPENSA,7802410351351,BG301351,BASE GOURMET PARA GOULASH 30GR,"1.090,00"
DESPENSA,7802410004981,BG304982,BASE GOURMET STROGONOFF 30GR,"1.190,00"
DESPENSA,7802950006575,BH906575,BASE HAMBURGUESAS 90G,990
DESPENSA,8445290311320,BL261320,BASE LOMO SALTADO MAGGI 26G,"1.390,00"
DESPENSA,7613030019060,BM809060,BASE MAGGI POLLO CRISPY 80GR,"1.090,00"
DESPENSA,7802410000976,BP300976,BASE PARA CARNE GOURMET MONGOLIANA 30GR,"1.090,00"
DESPENSA,7802410100799,BP480799,BASE PARA CARNNE LIDER MEXICANA 48GR,890
DESPENSA,7802950004427,BP854427,BASE PESCADO FRITO MAGGI 85G,990
ELECTRONICA,041333001043,BD1U043,BATERIA DURACELL 9V 1 1U,"8.390,00"
ELECTRONICA,039800011626,BE1U1626,BATERIA EVEREADY 1U,"1.590,00"
LACTEOS,7802900000332,BD160332,BATIFRUT DURAZNO SOPROLE 165G,790
LACTEOS,7802900000301,BF160301,BATIFRUT FRUTILLA SOPROLE 165G,790
LACTEOS,7802900000325,BAMO160325,BATIFRUT MORA SOPROLE 165G,790
DULCES Y CHOCOLATES,78912359,BC162359,BATON CHOCOLATE NEGRO 16G,490
BOTILLERIA,858810006145,BM356145,BEACH ME UP! 350ML,"1.620,00"
CANDYLAND,71567988612,BB458612,BEAN BOOZLED 45G,"3.990,00"
BEBIDAS,7801620034511,B7154511,"BEBIDA 7UP 1,5L","2.590,00"
BEBIDAS,7801620001322,BE7UP3L11322,BEBIDA 7UP 3L,"3.690,00"
BOTILLERIA,7894900337006,BA2697006,BEBIDA ABSOLUT VOKDA SPRITE 269CC,"2.490,00"
BEBIDAS,7801620016012,BB6012,BEBIDA BILZ 500ML,"1.590,00"
BEBIDAS,7801610000540,BC120540,BEBIDA COCA COLA CERO RETORNABLE 1.25L,"1.690,00"
BEBIDAS,7801610001165,BC121165,BEBIDA COCA COLA RETORNABLE 1.25L,"1.690,00"
BEBIDAS,7801610473023,BC4733023,BEBIDA COCA COLA ZERO AZUCAR 473CC,"1.590,00"
USAMARKET,07891205,BC3551205,BEBIDA CRUSH GRAPE 355ML,"1.990,00"
USAMARKET,078000009132,BC3559132,BEBIDA CRUSH STRAWBERRY 355ML,"1.990,00"
LACTEOS,7804671930306,BECO1L0306,BEBIDA DE COCO VILAY 1L,"2.790,00"
USAMARKET,5492935,BD352935,BEBIDA DR PEPPER 355ML,"1.990,00"
USAMARKET,78000037692,BD357692,BEBIDA DR PEPPER STRAWBERRY & CREAM 355ML,"1.990,00"
CANDYLAND,78000033489,BD353489,BEBIDA DR. PEPPER CREAM SODA 355ML,"1.990,00"
USAMARKET,49000067729,BF357729,BEBIDA FANTA BERRY 350ML,"1.990,00"
USAMARKET,049000014273,BF355ML1427,BEBIDA FANTA PINEAPPLE 355ML,"1.990,00"
BEBIDAS,7801610285831,BF155831,BEBIDA FANTA POMELO 1.5L,"2.490,00"
BEBIDAS,7801610003299,BF23299,BEBIDA FANTA RETORNABLE 2L,"2.290,00"
BEBIDAS,7801610671115,BF21115,BEBIDA FANTA SIN AZUCAR RETONABLE 2L,"2.290,00"
BEBIDAS,7891991013512,BG353512,BEBIDA GUARANA ANTARTICA ZERO 350ML,"1.690,00"
BEBIDAS,7891991000826,BG350826,BEBIDA GUARANA ANTARTICA  350ML,"1.690,00"
DESPENSA,8445291239043,BI112G9043,BEBIDA INSTANTANEA EN POLVO CAPPUCCINO NESCAFE 112G,"5.190,00"
BEBIDAS,7802820774108,BI624108,BEBIDA ISOTONICA FASTLYTE COCO LIMON 625 ML,"2.990,00"
BEBIDAS,7802820774122,BI624122,BEBIDA ISOTONICA FASTLYTE SANDIA 625 ML,"2.990,00"
BEBIDAS,7802820774115,BI624115,BEBIDA ISOTONICA FASTLYTE FRUTILLA 625 ML,"2.990,00"
BEBIDAS,7802820774139,BI624139,BEBIDA ISOTONICA FASTLYTE UVA 625 ML,"2.990,00"
BEBIDAS,7801620852580,BEKE350CC,BEBIDA KEM 350CC,"1.190,00"
LACTEOS,7802900003357,BELA1L7802,BEBIDA LACTEA SOPROLE KEFIR 1L NATURAL,"2.990,00"
BEBIDAS,7804643820154,BL470154,BEBIDA LIMONADA MENTA GENGIBRE LOVE LEMON 475CC,"2.790,00"
BEBIDAS,7804643820000,BL470000,BEBIDA LIMONADA ORIGINAL LOVE LEMON 475CC,"2.790,00"
BEBIDAS,7804643820123,BL470123,BEBIDA LIMONADA PINK LOVE LEMON 475CC,"2.790,00"
BOTILLERIA,854531000837,BM33,BEBIDA MOCKTAIL MARGARITA CLEVER 335CC,"3.290,00"
BOTILLERIA,854531000264,BM330264,BEBIDA MOCKTAIL MOJITO CLEVER 335CC,"3.290,00"
BOTILLERIA,854531000097,BM330097,BEBIDA MOCKTAIL SANGRIA CLEVER 335CC,1
BEBIDAS,7804643820185,BO470185,BEBIDA ORANGE NARANJA LIGHT LOVE LEMON 475CC,"2.790,00"
BEBIDAS,7804643820178,BO470178,BEBIDA ORANGE NARANJA LOVE LEMON 475CC,"2.790,00"
BEBIDAS,7801620001216,BP3L1216,BEBIDA PAP 3L,"3.390,00"
BEBIDAS,7801620300203,BP350203,BEBIDA PAP LATA 350CC,"1.190,00"
BEBIDAS,7801620006891,BP3L6891,BEBIDA PEPSI ZERO 3L,"3.390,00"
BEBIDAS,90486074,RB2506074,BEBIDA RED BULL THE SPRING EDITION POMELO FLORAL 250ML,"2.290,00"
BEBIDAS,7801610310465,BESCGIAL310465,BEBIDA SCHWEPPES GINGER ALE 310ML,"1.390,00"
BEBIDAS,7801610310915,BS310915,BEBIDA SCHWEPPES GINGER ALE PINK TONIC 310ML,"1.390,00"
BEBIDAS,7801610310489,BESCGIALSIAZ310489,BEBIDA SCHWEPPES GINGER ALE SIN AZUCAR 310ML,"1.390,00"
BEBIDAS,0798190253787,BS473787,BEBIDA SCORE ENERGY DRINK GORILLA ZERO 473CC,"1.790,00"
BEBIDAS,798190225043,BS4735043,BEBIDA SCORE ENERGY DRINK MANGO 473ML,"1.690,00"
BEBIDAS,798190253701,BS4733701,BEBIDA SCORE GORILA GUARANA 473ML,"1.790,00"
BEBIDAS,798190260020,BS4730020,BEBIDA SCORE ORIGINAL 473ML,"1.790,00"
BEBIDAS,7804301500411,BS20411,BEBIDA SORBETE LETELIER 2L,"2.290,00"
BEBIDAS,7801610560174,BS2370174,BEBIDA SPRITE EXPRESS 237CC,690
BEBIDAS,7801610002179,BS352179,BEBIDA SPRITE ICE SIN AZUCAR 350CC,"1.190,00"
DESPENSA,7804657520262,BV1L0262,BEBIDA VEGETAL DE CHIA 1L,"2.690,00"
DESPENSA,7804671930290,BV1L0290,BEBIDA VILAY COCO  1L,"2.590,00"
BEBIDAS,7804651938094,BS6308094,BEBIDAS SUEROX FRUTOS ROJOS 630ML,"3.290,00"
PASTELERIA,77824937372387,B12387,BERLIN 1U,"2.500,00"
CONGELADOS,7801300001024,BF4001024,BERRIES FRUTAS DEL MAIPO 400G,"4.690,00"
BOTILLERIA,7802100006158,BEST476158,BERRIES STONES 470CC,"1.890,00"
DULCES Y CHOCOLATES,071567992015,BB342015,BERTIE BOTT´S HARRY POTTER GRAGEAS BOX 34G,"2.990,00"
LIMPIEZA,7805040001665,BL601665,BETUN LIQUIDO VIRGINIA CAFE 60ML,"3.490,00"
LIMPIEZA,7805040001658,BL601658,BETUN LIQUIDO VIRGINIA NEGRO 60ML,"3.490,00"
LIMPIEZA,7805040005359,BP805359,BETUN PASTA VIRGINIA CAFE 80ML,"2.890,00"
LIMPIEZA,7805040005342,BP805342,BETUN PASTA VIRGINIA NEGRO 80ML,"2.890,00"
FERRETERIA,3086123313934,BF3G3934,BIC FIX STRONG 3G,"3.190,00"
DESPENSA,7802410041375,BD301375,BICARBONATO DE SODIO GOURMET 30G,190
DESPENSA,7802410102144,BD102144,BICARBONATO DE SODIO LIDER 100GR,890
DESPENSA,7802410003618,BG103618,BICARBONATO GOURMET 100GR,890
CANDYLAND,59800100090,BT600090,BIG TURK 60G,"1.590,00"
BEBIDAS,7801620290160,BN0160,"BILZ NORMAL 1,5L","2.190,00"
BEBIDAS,7801620290191,BN2L0191,BILZ NORMAL 2L,"2.490,00"
BEBIDAS,7801620001193,BN3L1193,BILZ NORMAL 3L,"3.690,00"
BEBIDAS,7801620290184,BN0184,BILZ NORMAL LATA 350CC,"1.190,00"
BEBIDAS,7801620004958,BZ4958,"BILZ ZERO 1,5L","2.190,00"
BEBIDAS,7801620006501,BZ2L6501,BILZ ZERO 2L,"2.490,00"
JUEGOS,6934327815013,BT1U5013,BINGO TÓMBOLA JUEGO DE MESA FAMILIAR 1U,"14.990,00"
MASCOTAS,765066766009,BB306009,BIO BOLSAS COMPOSTABLES MAS DISPENSADOR MARBEN PETS 30U,"4.490,00"
MASCOTAS,765066766030,BB1U6030,BIO BOLSAS COMPOSTABLES PARA MASCOTAS REPUESTO 1U,"1.290,00"
DESPENSA,7805475009366,BC1U9366,BIOELY 100 CUCHILLOS DE MADERA 1U,"4.190,00"
DESPENSA,7805475009359,BT1U9359,BIOELY 100 TENEDORES DE MADERA 1U,"4.190,00"
GALLETAS,7803520003239,BIEC103239,BISCUIT ECOVIDA 100G CHIPS DE CHOCOLATE,"1.690,00"
GALLETAS,7803520003222,BIEC103222,BISCUIT ECOVIDA 100G QUINOA,"1.690,00"
GALLETAS,7803520003215,BIEC103215,BISCUIT ECOVIDA 100G ZANAHORIA,"1.690,00"
LIMPIEZA,4008455457512,BD807512,BLANQUEADOR DR.BECKMANN SUPER BLANCO 80G,"2.590,00"
LIMPIEZA,7790520005939,BLAD82,BLOQUE ADHESIVO PATO PURIFIC 8.2G,"1.990,00"
HIGIENE Y CUIDADO,7800004004324,BL194324,BLOQUEADOR LEBLON BABY&KIDS FPS 50 190G,"8.290,00"
HIGIENE Y CUIDADO,7804907972230,BR192230,BLOQUEADOR RARITO DE SOL FPS 50 190G,"3.890,00"
DULCES Y CHOCOLATES,1406922,BP1U6922,BLOW POP 1U,500
TABAQUERIA,644536226314,PD16314,BLUNT DOBLE PLATINIUM PEACH 1U,"1.290,00"
TABAQUERIA,644536226512,BP16512,BLUNT DOBLE PLATINIUM PIÑA COLADA 1U,"1.290,00"
TABAQUERIA,644536227717,BP17717,BLUNT DOBLE PLATINUIM PURPLE 1U,"1.290,00"
TABAQUERIA,644536227410,BD17410,BLUNT DOBLE PLATINUIM WILD HONEY 1U,"1.290,00"
TABAQUERIA,644536226215,BD16215,BLUNT DOUBLE PLATINIUM BLUBERRY 1U,"1.290,00"
TABAQUERIA,644536226017,BD16017,BLUNT DOUBLE PLATINIUM STAWBERRY KIWI 1U,"1.290,00"
TABAQUERIA,644536226413,BD16413,BLUNT DOUBLE PLATINUM WATERMELON 1U,"1.290,00"
TABAQUERIA,644536227311,BP17311,BLUNT PLATINIUM MANGO 1U,"1.290,00"
TABAQUERIA,7798121251892,BT2U1892,BLUNT TERPENES GELATO 2U,"1.690,00"
TABAQUERIA,7798121253292,BT2U3292,BLUNT TERPENES GORILA GL 2U,"1.690,00"
TABAQUERIA,7798121253445,BT2U3445,BLUNT TERPENES TANGIE 2U,"1.690,00"
TABAQUERIA,644536226918,BW2U6918,BLUNT WRAP DOUBLE PLATINIUM APPLE MARTINI 2U,"1.590,00"
TABAQUERIA,644536226819,BW2U6819,BLUNT WRAP DOUBLE PLATINIUM FRENCH VANILLA 2U,"1.590,00"
TABAQUERIA,644536226116,BW2U6116,BLUNT WRAP DOUBLE PLATINIUM GRAPE 2U,"1.590,00"
TABAQUERIA,644536227816,BW2U7816,BLUNT WRAP DOUBLE PLATINIUM NATURAL FLAVOR 2U,"1.590,00"
TABAQUERIA,644536227618,BW2U7618,BLUNT WRAP DOUBLE PLATINIUM WET CHERRY 2U,"1.590,00"
LIMPIEZA,7806810800860,BB200860,BOLSA BASURA 50X70 VIRUTEX 20U,"2.290,00"
LIMPIEZA,7806810800440,BB100440,BOLSA BASURA 70X90 VIRUTEX 10U,"1.590,00"
LIMPIEZA,7806810800471,BB100471,BOLSA BASURA 80X120 VIRUTEX 10U,"4.390,00"
LIMPIEZA,7806810800310,BOBA207806,BOLSA BASURA AROMA FRESH 50X55 VIRUTEX 20U,"1.890,00"
LIMPIEZA,7806810800365,BB5U0365,BOLSA BASURA BIO 110X120 VIRUTEX 5U,"7.490,00"
LIMPIEZA,7806810800457,BB100457,BOLSA BASURA BIO 80X110 VIRUTEX 10U,"2.090,00"
DULCES Y CHOCOLATE,7802200850422,BODE50CODEPA0422,BOLSA DE 50 CONEJOS DE PASCUA,"6.790,00"
LIMPIEZA,7806810800419,BD100419,BOLSA DE BASURA 50X70 AROM FRESH VIRUTEX 10U,"1.390,00"
LIMPIEZA,781159797767,BD5U7767,BOLSA DE BASURA CARGA PESADA LAVA MAS 5U,"2.990,00"
LIMPIEZA,7806810800754,BD100754,BOLSA DE BASURA IMPEKE 50X70 10U,690
LIMPIEZA,7806810800761,BD100761,BOLSA DE BASURA IMPEKE 70X90 10U,"1.090,00"
LIMPIEZA,7806810032803,BD102803,BOLSA DE BASURA IMPEKE 80X110 RECICLADAS 10U,"1.690,00"
LIMPIEZA,7806810800433,BD100433,BOLSA DE BASURA PEQUEÑA VIRUTEX 10U,"1.590,00"
LIMPIEZA,7801875069177,BDB809177,BOLSA DE BASURA SUPERIOR 80X120,"4.390,00"
LIMPIEZA,7806810800891,BD100891,BOLSA DE BASURA VIRUTEX CON ASAS 50X65 10U,"1.290,00"
Sin Tipo,1234550,BD1U4550,BOLSA DE PAPEL EL FARO 1U,390
Sin Tipo,1234551,BD1U4551,BOLSA DE TELA EL FARO 1U,"1.490,00"
DULCES Y CHOCOLATES,7802200134065,BF104065,BOLSA FRUGELE 100G,"1.390,00"
DULCES Y CHOCOLATES,7802200134140,BF144140,BOLSA FRUGELE 140G,"1.990,00"
LIMPIEZA,025700712008,BH142008,BOLSA HERMETICA CHICA ZIPLOC 14U,"3.390,00"
DULCES Y CHOCOLATE,7802225572804,BHBOB8U804,BOLSA HUEVITOS BON O BON 8U,"1.890,00"
MENAJE Y LIBRERIA,2000018501245,BORE1U1245,BOLSA REUTILIZABLE TERMICA PEDREGAL 1U,"3.990,00"
LIMPIEZA,7801875001375,BOSU101375,BOLSA SUPERIOR 10U 60X65,"2.090,00"
LIMPIEZA,7801875069368,BOSU10,BOLSA SUPERIOR 10U 70X90,"1.590,00"
LIMPIEZA,7801875069450,BS459450,BOLSA SUPERIOR 20U 45X55,"1.790,00"
LIMPIEZA,7801875069092,BO509092,BOLSA SUPERIOR 20U 50X55,"1.790,00"
LIMPIEZA,7801875002266,BC202266,BOLSAS CIERRE LA FACILITA 18X20 20U,"1.690,00"
LIMPIEZA,7801875150110,BC100110,BOLSAS CIERRE LA FACILITA 20X30 100U,"1.790,00"
LIMPIEZA,7801875069351,BD109351,BOLSAS DE BASURA CHICA SUPERIOR 50x70 10U,890
LIMPIEZA,7801875001801,BD101801,BOLSAS DE BASURA CON ASAS SUPERIOR 50X65 10U,790
LIMPIEZA,7801875069153,BDB809153,BOLSAS DE BASURA DE 80X110,"2.190,00"
LIMPIEZA,614143603747,BD103747,BOLSAS DE BASURA POLIPLASTICHERALD 70X90 10U,"1.690,00"
FERRETERIA,7806810240451,BH250451,BOLSAS HERMETICAS ILKO 25U GRANDE,"4.590,00"
FERRETERIA,7806810240444,BH500444,BOLSAS HERMETICAS ILKO 50U MEDIANA,"3.990,00"
FERRETERIA,7806810240437,BH500437,BOLSAS HERMETICAS ILKO 50U PEQUEÑA,"4.690,00"
MASCOTAS,1041838413500,BP33500,BOLSAS PARA PERROS DESECHABLES 3U,"2.290,00"
MENAJE Y LIBRERIA,3100004301008,B11U1008,BOMBILLAS 18 SEPTIEMBRE 1U,"1.990,00"
DESPENSA,7898509285478,BB205478,BOMBILLAS BIOELY 20U,"1.390,00"
DULCES Y CHOCOLATES,7613039352151,BN252151,BOMBOM NESTLE ESPECIALIDADES 251G,"5.390,00"
DULCES Y CHOCOLATES,7790407022011,BC10G2011,BOMBON CABSHA 10G,350
DULCES Y CHOCOLATE,73232547547885,BC17885,BOMBÓN CEREZAS AL LICOR AMBROSOLI,400
HELADOS,7613035490734,BH220734,BOMBON HELADO CHOMP FRAMBUESA A LA CREMA 225ML,"4.790,00"
HELADOS,7613035493650,BH223650,BOMBON HELADO CHOMP SAHNE NUSS 225ML,"4.790,00"
DULCES Y CHOCOLATES,7898024397151,BOFE777151,BOMBONES FERRERO COLLECTION 77G,"8.990,00"
DULCES Y CHOCOLATES,78023994,BO153994,BON O BON 15G,350
DULCES Y CHOCOLATES,78024106,BO154106,BON O BON BLANCO 15G,350
DULCES Y CHOCOLATE,7790580430436,BOBR45,BON O BON BREAK 45G,"1.690,00"
DULCES Y CHOCOLATES,78023215,BO153215,BON O BON CHOCOLATE 15G,350
DULCES Y CHOCOLATE,78033948,BO163948,BON O BON FRAMBUESA 16G,350
DULCES Y CHOCOLATES,78026353,BOFR156353,BON O BON FRUTILLA 15G,350
DULCES Y CHOCOLATES,78024557,BO15G557,BON O BON MOUSSE DE LIMON 15G,350
TABAQUERIA,6958189710033,BH500033,BOQUILLA HORNET NATURAL 50U,"1.090,00"
TABAQUERIA,716165178873,BD1U8873,BOQUILLAS DE CARTON ELEMENTS 1U,"1.100,00"
FARMACIA,7804664450026,BE290026,BOTIQUIN EQUATE 29P,"7.390,00"
BOTILLERIA,96749001071,BE751071,BOURBON EVAN WILLIAMS APPLE 750CC,"24.690,00"
CASA Y JARDIN,400050683299,BC1U3299,BOWL COLADOR HAUS 1U,"3.490,00"
DESPENSA,041789003912,BD933912,"BOWL DE POLLO MARUCHAN 93,9G","2.590,00"
DULCES Y CHOCOLATES,7803525000356,BN350356,BRAUNICHOC NUTRA BIEN 35G,790
PASTELERIA,77824955785184,BD15184,BRAZO DE REINA 1U,"1.500,00"
PASTELERIA,7803495000882,BD1U0882,BRAZO DE REINA PULMAHUE 1U,"6.490,00"
MENAJE Y LIBRERIA,7898509281272,BB501272,BROCHETAS BIOELY 25 CM 50U,"1.190,00"
MENAJE Y LIBRERIA,7898509283436,BB503436,BROCHETAS BIOELY 30 CM 50U,"1.590,00"
MENAJE Y LIBRERIA,7898509280909,BRBI400909,BROCHETAS BIOELY 40CM 50U,"1.790,00"
MENAJE Y LIBRERIA,7802420130502,BM500502,BROCHETAS MARCO POLO 50U,"1.290,00"
PASTELERIA,77634649263918,B613918,BROWNIE 60% CACAO 1U,"2.500,00"
DULCES Y CHOCOLATES,7802245001513,B621513,BROWNIE 62GR,"1.390,00"
DESPENSA,7803525999544,BC629544,BROWNIE CHIPS NUTRABIEN 62G,990
DESPENSA,7803525999667,BN509667,BROWNIE NUEZ SIN AZUCAR NUTRABIEN  50G,990
DESPENSA,7803525000240,BN620240,BROWNIE NUTRA BIEN 62G,990
DESPENSA,7803525999681,BQ259681,BROWNIE QUEQUE NUTRABIEN  250G,"2.990,00"
DESPENSA,7803525001001,BQ251001,BROWNIE QUEQUE SIN AZUCAR NUTRABIEN 250G,"2.990,00"
DESPENSA,7803111001705,BRES281705,BRUSCHETTA ESPARRAGO PERFECT CHOICE 280G,"5.390,00"
DESPENSA,7803111003655,BP1303655,BRUSCHETTA PERFECT CHOICE ALCACHOFA 130GR,"3.790,00"
DESPENSA,7803111001699,BP2801699,BRUSCHETTA PERFECT CHOICE PIMIENTO PIQUILLO 280GR,"5.390,00"
CARNICERIA,7801907006897,BB186897,BURGER BRONTO SAN JORGE 185G,"1.790,00"
PANADERIA,7802095180123,BP8U0123,BURRITO PANCHO VILLA XL 8U,"3.290,00"
QUESOS Y FIAMBRES,7809611712066,BD282066,BUTIFARRA DE CAMPO LA CRIANZA 285G,"5.690,00"
CARNICERIA,1234542,BP1U4542,BUTIFARRA PREMIUM DON RICARDITO 1U,"5.290,00"
DESPENSA,7802575001030,CD401030,CABELLOS DE ANGEL CAROZZI 400G,"1.590,00"
DESPENSA,7802500001029,CD401029,CABELLOS DE ANGEL LUCHETTI 400G,"1.590,00"
CANDYLAND,7501006559330,CACHYLIACII879330,"CABRITAS CHILE Y LIMON ACT II 87,5G","2.990,00"
SNACKS,015665601127,CAQU141127,CABRITAS DE QUESO CHEDDAR PIRATES BOOTY 14G,"1.190,00"
SNACK,7802000008412,CE258412,CABRITAS EVERCRISP SABOR CARAMELO 250G,"3.390,00"
DULCES Y CHOCOLATES,73781098223701,CALI1U,CABRITAS LISTAS 1U,"1.990,00"
CANDYLAND,7501006559316,CAQUJAACII899316,CABRITAS QUESO JALAPEÑO ACT II 89G,"2.990,00"
SNACKS,7802000003448,CS143448,CABRITAS SABOR CARAMELO EVERCRIPS 140G,"1.690,00"
DESPENSA,7802420520013,CA150013,CACAO AMARGO COPA CABANA 150G,"1.790,00"
LACTEOS,7802420007293,CA157293,CACAO AMARGO EDRA 150G,"2.490,00"
DESPENSA,7802420520020,CD200020,CACAO DULCE COPA CABANA 200G,"1.290,00"
DESPENSA,7802420007309,74698364335429,CACAO DULCE EDRA 200G,"1.790,00"
DESPENSA,7802410605027,CG155027,CACAO GOURMET AMARGO 150GR,"5.190,00"
DESPENSA,7802410605010,CE205010,CACAO GOURMET DULCE 200GR,"2.090,00"
PASTELERIA,77634656102822,C1U2822,CACHITO 1U,"1.400,00"
DESPENSA,7801315000289,CC250289,CAFE COPACABANA DESCAFEINADO 250G,"5.890,00"
DESPENSA,7801315000302,CC250302,CAFE COPACABANA GRANO 250G,"5.890,00"
DESPENSA,7801315000326,CC250326,CAFE COPACABANA MOLIDO 250G,"5.890,00"
DESPENSA,7802950009262,CD509262,CAFE DOLCA NESCAFE 50G,"2.090,00"
DESPENSA,7802950002324,CI172324,CAFE INSTANTANEO DE CEBADA ECCO 170g,"3.590,00"
DESPENSA,7802950008715,CI508715,CAFE INSTANTANEO DE CEBADA ECCO 50G,"1.290,00"
DESPENSA,8711000509388,CAKR209388,CAFÉ INSTANTANEO JACOBS KRONUNG 200G,"14.890,00"
DESPENSA,8445291442382,CI171099,CAFE INSTANTANEO NESCAFE DECAF 170G,"7.490,00"
DESPENSA,7613032203795,CI173795,CAFE INSTANTANEO NESCAFE TRADICION 170G,"7.390,00"
DESPENSA,7802950002126,CI172126,CAFE INSTANTANEO NESCAFE TRADICION TARRO 170G,"7.390,00"
DESPENSA,7807900000795,CI170795,CAFE INSTANTANEO SELECCION 170G,"6.690,00"
DESPENSA,7701362014881,CJ954881,CAFE JUAN VALDEZ DULCE DE LECHE 95GR,"23.590,00"
DESPENSA,7707211631452,CJ501452,CAFE JUAN VALDEZ LIOFILIZADO CLAS. 50G,"14.890,00"
DESPENSA,7707211631469,CJ951469,CAFE JUAN VALDEZ LIOFILIZADO CLAS. 95G,"21.590,00"
DESPENSA,7707211631476,CJ951476,CAFE LIOFILIZADO JUAN VALDEZ CHOCOLATE 95GR,"23.590,00"
DESPENSA,7707211631865,CL951865,CAFÉ LIOFILIZADO JUAN VALDEZ CHOCOLATE 95G,"23.390,00"
DESPENSA,7707211631612,CL951612,CAFÉ LIOFILIZADO JUAN VALDEZ DESCAFEINADO 95G,"21.590,00"
DESPENSA,7707211632169,CL952169,CAFÉ LIOFILIZADO JUAN VALDEZ VANICANELA 95G,"23.590,00"
DESPENSA,400050248214,CALI504000,CAFE LIOFILIZADO SELECCION 50G,"3.790,00"
DESPENSA,123451000,CM651000,"CAFE MARLEY CHICO 6,5OZ","2.490,00"
DESPENSA,859940002397,CM222397,CAFE MARLEY COFFE EN GRANO LIVELY UP 227GR,"16.490,00"
DESPENSA,859940002885,CM222885,CAFE MARLEY COFFEE BUFFALO SOLDIER 227GR,"16.490,00"
DESPENSA,123451002,CM141002,CAFE MARLEY GRANDE 14OZ,"3.590,00"
DESPENSA,123451001,CM9O1001,CAFE MARLEY MEDIANO 9OZ,"2.890,00"
DESPENSA,859940002908,CM2272908,CAFE MARLEY MISTY MORNING 227GR,"16.490,00"
DESPENSA,7801805210020,CAMO250020,CAFE MOLIDO HAITI 250G,"5.290,00"
DESPENSA,7801805010026,MOMO250026,CAFE MOLIDO HAITI 250G MOKA,"5.290,00"
BEBIDAS,1234598,CNC4598,CAFE NESCAFE CHICO,"1.600,00"
DESPENSA,7613287581020,CN501020,CAFE NESCAFE DESCAFEINADO 50G,"3.590,00"
DESPENSA,7802950002171,CN172171,CAFE NESCAFE DOLCA 170G,"4.890,00"
DESPENSA,8445292156868,CN116868,CAFE NESCAFE DOLCA INSTANTANEO 110GR,"7.990,00"
DESPENSA,7891000405772,CN105771,CAFE NESCAFE DOLCE GUSTO AMERICANO EN CAPSULA 10U,"7.790,00"
DESPENSA,7891000406021,CM116021,"CAFÉ NESCAFÉ DOLCE GUSTO CAPPUCCINO 117,5","7.290,00"
DESPENSA,7891000406052,CN706052,CAFÉ NESCAFÉ DOLCE GUSTO LUNGO 70G,"7.290,00"
DESPENSA,7891000405871,CN135871,CAFÉ NESCAFÉ DOLCE GUSTO MOCHA 135G,"7.290,00"
DESPENSA,8801055709229,NF509229,CAFE NESCAFE FINA SELECCIÓN 50G,"5.190,00"
BEBIDAS,1234597,CNG4597,CAFE NESCAFE GRANDE,"1.800,00"
DESPENSA,7613035671621,CN1.1621,CAFE NESCAFE INSTANTANEO 1.8G,290
DESPENSA,761303567621,CF187621,"CAFE NESCAFE TRADICION 1,8GR",400
DESPENSA,7613032203719,CN1003719,CAFE NESCAFE TRADICION 100GR,"8.890,00"
DESPENSA,7802950002119,CN502119,CAFE NESCAFE TRADICION 50G,"3.790,00"
DESPENSA,7613038630977,CS860977,CAFE STARBUCKS VAINILLA LATE 86GR,"4.990,00"
DULCES Y CHOCOLATES,7802245000752,CA40752,CAJA ALFAJORES MANJAR 4U,"6.590,00"
DULCES Y CHOCOLATES,7802245050016,CB920016,CAJA BOMBONES 92GR,"7.790,00"
DULCES Y CHOCOLATES,7802245001537,CJ921537,CAJA BOMBONES SIN AZUCAR 92GR,"9.590,00"
DULCES Y CHOCOLATES,7802245005092,CF1205092,CAJA FRUTA MAZAPAN 120GR,"7.090,00"
DULCES Y CHOCOLATE,7802245000974,CM90974,CAJA MADERA ENTRELAGOS BOMBONES 9U,"9.990,00"
DESPENSA,7802950006407,CM106407,CALDO MAGGI CARNE SUELTO 10G,190
DESPENSA,7613033825835,CM405835,CALDO MAGGI COSTILLAS SUELTO 10G,190
DESPENSA,7802950005943,DM135943,CALDO MAGGI DE GALLINA 132GR,"2.090,00"
DESPENSA,7802950006308,CM116308,CALDO MAGGI GALLINA SUELTO 11G,190
DESPENSA,7613033825804,CM405804,CALDO MAGGI VERDURAS SUELTO 10G,190
QUESOS Y FIAMBRES,7804668960170,CQ150170,CALLAQUI QUESO CABRA UNTABLE CIBOULETTE 150G,"6.190,00"
QUESOS Y FIAMBRES,7804668960187,CQ150187,CALLAQUI QUESO CABRA UNTABLE OREGANO 150G,"6.190,00"
DULCES Y CHOCOLATES,7802225403443,CK13443,CALUGA KEGOL SABOR FRUTILLA 1U,300
DULCES Y CHOCOLATES,7802225403450,CK13450,CALUGA KEGOL SABOR MANZANA 1U,300
DULCES Y CHOCOLATES,7802225403467,CK13467,CALUGA KEGOL SABOR UVA 1U,300
DESPENSA,7802950005967,CM805967,CALUGA MAGGIE SABOR CARNE 80GR,"1.690,00"
DESPENSA,7613033822315,CM802315,CALUGA MAGGIE SABOR COSTILLA 80GR,"1.990,00"
DESPENSA,7802950005936,CM805936,CALUGA MAGGIE SABOR GALLINA 80GR,"1.490,00"
DESPENSA,7613033822285,CM802285,CALUGA MAGGIE SABOR VERDURA 80GR,"1.690,00"
DULCES Y CHOCOLATES,7802200843028,CA303028,CALUGAS AMBROSOLI CARAMELO TOFEER CHOC 300GR,"4.590,00"
JUGOS,79581184126,CC474126,CALYPSO CORAL BLAST LEMONADE 473ML,"3.190,00"
JUGOS,79581184058,CI474058,CALYPSO ISLAND WAVE LEMONADE 473ML,"3.190,00"
CONGELADOS,781718798570,CC1K8570,CAMARON CRUDO CALIBRE 36/40 GORDON FISH 1K,"11.990,00"
CONGELADOS,737186366377,CS506377,CAMARON SMART CHOICE COCIDO CALIBRE 100/200 500G,"9.590,00"
CONGELADOS,737186366353,CS506353,CAMARON SMART CHOICE COCIDO CALIBRE 36/40 500G,"6.390,00"
CONGELADOS,737186366339,CS500339,CAMARON SMART CHOICE CRUDO CALIBRE 36/40 500G,"4.890,00"
BEBIDAS,7801620370107,CD0107,"CANADA DRY AGUA TONICA 1,5L","2.190,00"
BEBIDAS,7801620852597,CD2597,CANADA DRY AGUA TONICA LATA 350CC,"1.190,00"
BEBIDAS,7801620360184,CD0184,"CANADA DRY GINGER ALE 1,5L","2.190,00"
BEBIDAS,7801620001896,CADR3L,CANADA DRY GINGER ALE 3L,"3.390,00"
BEBIDAS,7801620360153,CD0153,CANADA DRY GINGER ALE LATA 350CC,"1.190,00"
BEBIDAS,7801620008048,CD8048,"CANADA DRY GINGER ALE ZERO 1,5L","2.190,00"
BEBIDAS,7801620008086,CD8086,CANADA DRY GINGER ALE ZERO LATA 350CC,"1.190,00"
DESPENSA,7802410051374,CE151374,CANELA ENTERA 15G,"1.290,00"
DESPENSA,7802420004674,CE154674,CANELA ENTERA 15GR,"1.190,00"
DESPENSA,7802410003298,CM153298,CANELA MOLIDA LIDER 15GR,"1.190,00"
BOTILLERIA,7802110003284,CI273284,CAPEL ICE BERRIES 275CC,"2.090,00"
BOTILLERIA,7802110003499,CI273499,CAPEL ICE MANZANA 275CC,"2.090,00"
BOTILLERIA,7802110003581,CI273581,CAPEL ICE SANDIA 275CC,"2.090,00"
DESPENSA,7613033458118,CI148118,CAPPUCCINO INSTANTANEO NESCAFE 10U 140G,"5.490,00"
LACTEOS,7613036927420,CN330G7420,CAPPUCCINO NESCAFE 330G,"1.390,00"
DULCES Y CHOCOLATE,5056357908846,CD8U8846,CAPSULA DOLCE GUSTO SNICKERS 8U,"8.990,00"
DESPENSA,7802575000552,CC290552,CARACOQUESOS CAROZZI 296G,"2.690,00"
DULCES Y CHOCOLATE,7802247072351,CB902351,CARAMELO BERRIES FRAMBUESA MERELLO 90GR,"1.690,00"
DULCES Y CHOCOLATES,073390018382,CC578382,CARAMELO CHUPA CHUPS XTREMES 57G FRUTAS,"1.190,00"
DULCES Y CHOCOLATES,073390007935,CC5779353,CARAMELO CHUPA CHUPS XTREMES 57G MORA AZUL,"1.190,00"
DULCES Y CHOCOLATES,7802247100351,CD900351,CARAMELO DELICIA DE NUEZ MERELLO 90GR,"1.690,00"
DULCES Y CHOCOLATES,78938816,CH308816,CARAMELO HALLS EXTRA FUERTE 30G,690
DULCES Y CHOCOLATES,7610700002094,CS272094,"CARAMELO SIN AZUCAR LIMON RICOLA 27,5G","2.090,00"
DULCES Y CHOCOLATES,7802200133426,CF27G426,CARAMELOS FULL LIMON 27G,390
DULCES Y CHOCOLATES,7802200132696,CM252696,CARAMELOS MENTITAS 25G,490
FERRETERIA,7804643910015,"CA2,0015","CARBON ALTOS CANTILLANA 2,5K","3.990,00"
CASA Y JARDIN,7809583500302,"CE2,0302","CARBON ESPECIAL QUINCHO 2,5K","3.990,00"
FERRETERIA,7804655650008,"CL2,0008","CARBON LOMAS DE HORNO 2,5K","3.990,00"
CARNICERIA,7809611720559,CE450559,CARNE ENTRAÑA 450GR,"6.190,00"
CONGELADOS,7800108001939,CM501939,CARNE MOLIDA FT 500GR,"6.490,00"
CARNICERIA,7804115001890,CM251890,CARNE MOLIDA LA MONTINA DE VACUNO 250GR,"2.590,00"
CONGELADOS,7801907009782,CM259782,CARNE MOLIDA SAN JORGE 250G,"2.090,00"
CONGELADOS,7801930012223,CM252223,CARNE MOLIDA VACUNO RECETA DEL ABUELO 250G,"2.590,00"
CARNICERIA,77102175963051,CK1,CARNES KG,1
DESPENSA,7802575002235,CS402235,CAROZZI SPIRAL 49 400G,"1.390,00"
MENAJE Y LIBRERIA,7807265029417,CP189417,CARTULINA PINTADA SURTIDA 26.5X37.5 PROARTE 18U,"1.990,00"
CONGELADOS,7801552007300,CB1L7300,CASSATA BAILEYS TRENDI 1L,"7.190,00"
HELADOS,8445290341730,CB1L1730,CASSATA BANANNA SPLIT 1L,"4.490,00"
HELADOS,7802710350504,CB1L0504,CASSATA BRICK 1L,"4.490,00"
HELADOS,7802710835155,CC1L5155,CASSATA CHIRIMOYA - ALEGRE 1L,"4.490,00"
HELADOS,7613287221438,CC1L1438,CASSATA CHOCOLATE BLANCO Y FRAMBUESA 1L,"4.490,00"
HELADOS,8445290341686,CC1L1686,CASSATA CHOCOLATE LUCUMA 1L,"4.490,00"
HELADOS,7613032657185,CC1L7185,CASSATA CHOCOLATE SUIZO 1L,"4.490,00"
CONGELADOS,7801552006495,CH1L6495,CASSATA HELADO MILKA TRENDI 1L,"7.190,00"
HELADOS,7802710835216,CP1L5216,CASSATA PASAS AL RON 1L,"4.490,00"
HELADOS,7802710831119,CP1L1119,CASSATA PIÑA 1L,"4.490,00"
HELADOS,7802710566240,CS1L6240,CASSATA SAHNE NUSS 1L,"5.290,00"
CONGELADOS,7613031238217,CS1L8217,CASSATA SAVORY SABOR TRES LECHES 1L,"4.490,00"
HELADOS,7802710832116,CV1L2116,CASSATA VAINILLA 1L,"4.490,00"
SNACKS,7802420124525,74698413802945,CASTAÑAS DE CAJU CON SAL 80G,"3.090,00"
SNACKS,096619605798,CAKI455798,CASTAÑAS DE CAJU KIRKLAND 45G,"1.990,00"
SNACKS,7802420006289,CD806289,CASTAÑAS DE CAJU MARCO POLO 80G,"2.690,00"
SNACK,7802420011757,CD151757,CASTAÑAS DE CAJU MARCO POLO CON MIEL 150GR,"6.590,00"
SNACK,7802420011740,CD151740,CASTAÑAS DE CAJU MARCO POLO SALADAS 150GR,"5.690,00"
SNACKS,7804612221500,CD601500,CASTAÑAS DE CAJU SEMBRASOL 60G,"1.690,00"
DESPENSA,7804507000128,CE1L0128,CASTAÑAS EN ALMIBAR 1L,"10.190,00"
DESPENSA,7803111003310,CC323310,CEBOLLA CARAMELIZADA PERFECT CHOICE 320G,"5.490,00"
CONGELADOS,7801300002755,CC152755,CEBOLLA CUBO FRUTOS DEL MAIPO 150G,990
DESPENSA,7804652980085,CM430085,CEBOLLA MORADA BY MARIA 430GR,"5.990,00"
CONGELADOS,7801300003677,CM153677,CEBOLLA MORADA FRUTOS DEL MAIPO 150G,990
SNACKS,781159416514,CEPE206514,CEBOLLA PERLA VARI 200G,"1.990,00"
CONGELADOS,7801220801261,CP251261,CEBOLLA PICADA MINUTO VERDE 250G,"1.890,00"
SNACKS,7802351431204,CE361204,CEBOLLITAS EN VINAGRE DON JUAN 360G,"1.890,00"
HIGIENE Y CUIDADO PERSONAL,7509546075242,CECO2U7509,CEPILLO COLGATE SUPER FLEXI 2U,"2.490,00"
HIGIENE Y CUIDADO PERSONAL,8901314524942,DD14942,CEPILLO DE DIENTE COLGATE CARBON SUPER FLEXI 1U,"1.790,00"
FARMACIA,8901314307316,CEDEDICO1U7316,CEPILLO DE DIENTES COLGATE 1U,"1.490,00"
HIGIENE Y CUIDADO PERSONAL,7509546079271,CD1U271,CEPILLO DE DIENTES COLGATE SUEAVE 1U,"2.290,00"
HIGIENE Y CUIDADO,7509546659374,CD1U9374,CEPILLO DE DIENTES COLGATE ZIGZAG SUAVE 1U,"1.990,00"
HIGIENE Y CUIDADO PERSONAL,3014260833176,CEDE1U3176,CEPILLO DE DIENTES MEDIO ORAL B 1U,"2.190,00"
HIGIENE Y CUIDADO PERSONAL,7501006719932,CD2U9932,CEPILLO DE DIENTES ORAL-B 2U,"3.390,00"
HIGIENE Y CUIDADO PERSONAL,4987176226556,CD16556,CEPILLO DE DIENTES ORAL-B KIDS 1U,"3.890,00"
HIGIENE Y CUIDADO,4902430345286,CP1U5286,CEPILLO DE DIENTES ORAL-B MEDIUM 1U,"1.190,00"
HIGIENE Y CUIDADO PERSONAL,7805000323165,CEDE1U3165,CEPILLO DE DIENTES SUAVE PEPSODENT 1U,"2.190,00"
HIGIENE Y CUIDADO PERSONAL,9503388200396,CD1U0396,CEPILLO DE PELO MADERA VEPA 1U,"8.490,00"
HIGIENE Y CUIDADO PERSONAL,8883075221059,CEPE1U1059,CEPILLO DE PELO MARIA 1U,"2.490,00"
HIGIENE Y CUIDADO PERSONAL,8883075277209,CEDE1U7209,CEPILLO DE PELO REDONDO 1U,"1.590,00"
HIGIENE Y CUIDADO PERSONAL,7824037214215,CEDE1U4215,CEPILLO DE PELO YUANBO 1U,"1.690,00"
HIGIENE Y CUIDADO PERSONAL,7804915012072,CD1U2072,CEPILLO DENTAL AVENGERS 1U,"4.190,00"
HIGIENE Y CUIDADO PERSONAL,6910021007206,CD1U7206,CEPILLO DENTAL COLGATE MEDIO 1U,"1.290,00"
HIGIENE Y CUIDADO PERSONAL,7509546041957,CD1U1957,CEPILLO DENTAL COLGATE PREMIER 1U,"1.290,00"
HIGIENE Y CUIDADO PERSONAL,8935236000031,CD1U0031,CEPILLO DENTAL COLGATE PREMIER CLEAN 1U,"1.390,00"
HIGIENE Y CUIDADO PERSONAL,7509546658223,CD1U8223,CEPILLO DENTAL COLGATE SUAVE 1U,"2.290,00"
HIGIENE Y CUIDADO PERSONAL,7804663420181,CD1U0181,CEPILLO DENTAL ECOLOGICO BIOBRUSH MEDIO 1U,"5.190,00"
HIGIENE Y CUIDADO PERSONAL,7804663420013,CD1U0013,CEPILLO DENTAL ECOLOGICO BIOBRUSH SUAVE 1U 1U,"5.190,00"
HIGIENE Y CUIDADO PERSONAL,5800063420006,CD1U0006,CEPILLO DENTAL ECOLOGICO BIOBRUSH ULTRA SUAVE 1U,"5.190,00"
HIGIENE Y CUIDADO PERSONAL,7793100151224,CD1U1224,CEPILLO DENTAL INFANTIL COLGATE 1U,"1.390,00"
HIGIENE Y CUIDADO PERSONAL,7509546665047,CD1U5047,CEPILLO DENTAL KIDS COLGATE 1U,"1.490,00"
HIGIENE Y CUIDADO PERSONAL,7804915012003,CD1U2003,CEPILLO DENTAL NIÑA UNICORNIO 1U,"4.190,00"
HIGIENE Y CUIDADO PERSONAL,7501086494262,CEDE1U4262,CEPILLO DENTAL ORAL B SUAVE 1U,"2.290,00"
HIGIENE Y CUIDADO PERSONAL,7500435170970,CD1U0970,CEPILLO DENTAL ORAL-B PROSALUD 1UN,"1.990,00"
HIGIENE Y CUIDADO PERSONAL,8710522360613,CD2U0613,CEPILLO DENTAL SAL DE BAMBU PEPSODENT 2U,"4.090,00"
HIGIENE Y CUIDADO PERSONAL,7702010130243,CD2U0243,CEPILLO DENTAL TWISTER SUAVE COLGATE  2U,"3.890,00"
LIMPIEZA,076753348454,CL2U8454,CEPILLO LIMPIADOR MAINSTAYS 2U,"4.990,00"
BEBES,4861025200068,CP1U0068,CEPILLO PARA MAMADERAS 1U,"2.990,00"
HIGIENE Y CUIDADO PERSONAL,6904014565415,CT1U5415,CEPILLO TD 1U,"2.800,00"
LIMPIEZA,076753348461,CC1U8461,CEPILLOS DE COCINA MAINSTAY 1U,"6.190,00"
CASA Y JARDIN,7805050582734,CA362734,CERA AEROSOL KIT 360ML,"5.590,00"
LIMPIEZA,7805040005397,CC345397,CERA CREMA BRILLINA AMARILLA 340ML,"2.590,00"
LIMPIEZA,7805040005410,CC345410,CERA CREMA BRILLINA INCOLORA 340ML,"2.590,00"
HIGIENE Y CUIDADO PERSONAL,7804923025279,CD205279,CERA DEPILATORIA MILLEFIORI 200G,"6.990,00"
HIGIENE Y CUIDADO PERSONAL,7804923025255,CD105255,CERA DEPILATORIA PERLAS CARE MILLEFIORI 100G,"2.590,00"
HIGIENE Y CUIDADO PERSONAL,7804923025262,CD105262,CERA DEPILATORIA PERLAS SOFT MILLEFIORI 100G,"2.590,00"
FERRETERIA,400008043878,CP203878,CERA PROTECTORA AUTODRIVE 200CC,"2.990,00"
LIMPIEZA,7805040005403,CR345403,CERA ROJA BRILLINA 340ML,"2.490,00"
LIMPIEZA,7805040005427,CT345427,CERA TIERRA DE COLOR BRILLINA 340ML,"2.490,00"
DESPENSA,7802220650026,CA200026,CEREAL ARROZ NATUR 20G,590
DESPENSA,7802215301254,CB21G1254,CEREAL BAR CHIPS DE CHOCOLATE COSTA 21G,490
DESPENSA,7802215301452,CB181452,CEREAL BAR CHOCO CEREAL COSTA 18G,490
DESPENSA,7802215303289,CB213289,CEREAL BAR COSTA FRUTAS+YOGHURT 21GR,490
DESPENSA,7802215303388,CB213388,CEREAL BAR FRUTOS ROJOS Y YOGHURT COSTA 21G,490
DESPENSA,7613287593467,CC353467,CEREAL CHEERIOS 350G,"4.890,00"
DESPENSA,8445290517111,CC217111,CEREAL CHOCAPIC 210G,"1.290,00"
DESPENSA,7613031291441,CC301441,CEREAL CHOCAPIC 30G,790
DESPENSA,8445290170019,CC300019,CEREAL CHOCAPIC 30G,790
DESPENSA,8445290648907,CC108907,CEREAL CHOCAPIC ORIGINAL 100G,"1.190,00"
DESPENSA,7613287593481,CC333481,CEREAL CHOCAPIC ORIGINAL 330G,"3.890,00"
DESPENSA,7613287521507,CC351507,CEREAL CHOCAPIC SIN AZUCAR 350G,"4.090,00"
DESPENSA,7802420007927,CC357927,CEREAL COLA CAO MINIPILLOW DE CHOCOLATE 350GR,"4.190,00"
DESPENSA,7802420007934,CC357934,CEREAL COLACAO PILLOWS CHOCOLATE 350G,"4.190,00"
DESPENSA,7613287193650,CC483650,CEREAL CORN FLAKES 480G,"4.590,00"
SNACKS,7802215303159,CC183159,CEREAL COSTA GOLDEN 18GR,690
DESPENSA,7802215166785,CECO206785,CEREAL COSTA MONO CRUNCH ROLLS 200G,"2.790,00"
DESPENSA,7802215166525,CC2306525,CEREAL COSTA MONO ROLLS 230GR,"2.190,00"
DESPENSA,7802215168970,CC408970,CEREAL COSTA MONO ROLLS 400G,"3.190,00"
DESPENSA,7804000001448,CE331448,CEREAL EN LINEA BOLITAS DE CHOCOLATE 330G,"3.390,00"
DESPENSA,8445291070158,CE270158,CEREAL ESTRELLITAS 270G,"3.390,00"
DESPENSA,8445291091023,CE301023,CEREAL ESTRELLITAS 30GR,790
DESPENSA,7613031790135,CF300135,CEREAL FITNESS 30GR,890
DESPENSA,7613287833556,CF333556,CEREAL FITNESS FRUTAS NESTLE 330G,"4.090,00"
DESPENSA,7613287833525,CF333525,CEREAL FITNESS MIEL Y ALMENDRAS NESTLE 330G,"4.090,00"
DESPENSA,7613287193681,CF233681,CEREAL FITNESS ORIGINAL 230G,"1.590,00"
DESPENSA,7613287784247,CG574247,CEREAL GOLD 570G,"6.090,00"
DESPENSA,7802000018657,CH308657,CEREAL HEARTS AVENA QUAKER 300G,"5.090,00"
BEBES,7613035939370,CI259370,CEREAL INFANTIL NESTUM TRIGO Y MIEL 250G,"3.690,00"
BEBES,7613035939110,CEIN259110,CEREAL INSTANTANEO NESTUM 5 CEREALES 250G,"3.690,00"
DESPENSA,7702103130112,CK350112,CEREAL KELLOGGS ZUCARITAS 350GR,"4.690,00"
DESPENSA,7702103593405,CK3303405,CEREAL KELLUGGS CHOCO KRISPIS 330GR,"3.990,00"
DESPENSA,7802220739363,CM209363,CEREAL MAIZ NATUR 20G,590
DESPENSA,8445290649331,CM109331,CEREAL MILO 100G,"1.190,00"
DESPENSA,7613287593283,CM303283,CEREAL MILO 300G,"4.290,00"
DESPENSA,7613031291489,CM301489,CEREAL MILO 30G,790
DESPENSA,7613287784360,CM484360,CEREAL MILO 480G,"6.590,00"
DESPENSA,7613287193896,CM233896,CEREAL MILO NESTLE 230G,"1.990,00"
DESPENSA,7802635000508,CM400508,CEREAL MINI PILLOWS COLA CAO 400G,"4.190,00"
DESPENSA,8445291702189,CN3102189,CEREAL NESTLE CHOCAPIC RECETA ORIGINAL 310GR,"4.190,00"
BEBES,8445290913647,CN103647,CEREAL NESTUM 5 CEREALES 100G,"1.690,00"
DESPENSA,8445290913616,CN103616,CEREAL NESTUM TRIGO Y MIEL 100G,"1.290,00"
DESPENSA,7613035652101,CO332101,CEREAL ORIGINAL FITNESS NESTLE 330G,"3.890,00"
DESPENSA,7802000012587,CQ322587,CEREAL QUAKER HEARTS 320G,"5.090,00"
DESPENSA,7802220650002,CT200002,CEREAL TRIGO NATUR 20G,590
DESPENSA,8445290649362,CT109362,CEREAL TRIX 100G,"1.190,00"
DESPENSA,7501073427532,CT307532,CEREAL TRIX 30G,790
DESPENSA,7613287784339,CT464339,CEREAL TRIX 460G,"5.590,00"
DESPENSA,8445290516664,CT216664,CEREAL TRIX NESTLE 215G,"1.990,00"
DESPENSA,7613287593436,CT303436,CEREAL TRIX NESTLE 300G,"4.090,00"
DESPENSA,7800120171061,CV301061,CEREAL VIVO CACAO CHECK 30G,690
DESPENSA,7702103978134,CZ458134,CEREAL ZUCARITAS 450G,"5.790,00"
DESPENSA,7702103772282,CZ482282,CEREAL ZUCARITAS 480G,"5.790,00"
DESPENSA,7702103359377,CZ2409377,CEREAL ZUCARITAS KELLOGGS 240G,"3.490,00"
DESPENSA,8445290649393,CZ109393,CEREAL ZUCOSOS 100G,"1.190,00"
DESPENSA,7613031291359,CZ301359,CEREAL ZUCOSOS 30G,790
DESPENSA,7613035120297,CZ350297,CEREAL ZUCOSOS 350G,"4.090,00"
BOTILLERIA,7802100004628,CH474628,CEREVZA HEINEKEN CERO ALCOHOL LATA 470CC,"1.790,00"
BOTILLERIA,8411327001717,CM331717,CEREVZA MAHOU SIN ALCOHOL 330CC,"1.190,00"
DULCES Y CHOCOLATE,7802200848375,CA1208375,CEREZAS AL LICOR CHER AMBROSOLI 8U 120G,"4.290,00"
DESPENSA,7809562401217,CM141217,CEREZAS MARRASQUINO ROJAS DRENADO 140G,"3.790,00"
BOTILLERIA,7809634100727,CA500727,CERVEZA AUSTRAL CALAFATE 500CC,"2.490,00"
BOTILLERIA,7809634100048,CA330048,CERVEZA AUSTRAL CALAFATE BOTELLA 330CC,"2.290,00"
BOTILLERIA,7809634100024,CA330024,CERVEZA AUSTRAL LAGER 330CC,"2.790,00"
BOTILLERIA,7809634100789,CA500789,CERVEZA AUSTRAL LAGER 500CC,"2.490,00"
BOTILLERIA,7809634100031,CA330031,CERVEZA AUSTRAL PATAGONA PALE ALE 330CC,"2.690,00"
BOTILLERIA,7809634100567,CA330567,CERVEZA AUSTRAL RUIBARBO BOTELLA 330CC,"2.790,00"
BOTILLERIA,7809634100611,CA330611,CERVEZA AUSTRAL TORRES DEL PAINE 330CC,"2.190,00"
BOTILLERIA,7809634100413,CA5000413,CERVEZA AUSTRAL TORRES DEL PAINE 500CC,"2.990,00"
BOTILLERIA,7809634100307,CEAU330307,CERVEZA AUSTRAL YAGAN BOTELLA 330CC,"2.790,00"
BOTILLERIA,7802130000669,CB470669,CERVEZA BECKER LATA 473CC,990
BOTILLERIA,7802130001017,LG711017,CERVEZA BECKER LATON 710CC,"1.290,00"
BOTILLERIA,7891991014762,CB334762,CERVEZA BUDWEISER BOTELLA 330CC,"1.390,00"
BOTILLERIA,7802130003561,CN663561,CERVEZA BUDWEISER BOTELLA 660CC,"1.890,00"
BOTILLERIA,7802130002199,CB352199,CERVEZA BUDWEISER LATA 354CC,"1.390,00"
BOTILLERIA,01801828,CB471828,CERVEZA BUDWEISER LATA 473CC,"1.690,00"
BOTILLERIA,7802130002342,CB712342,CERVEZA BUDWEISER LATA GRANDE 710CC,"1.690,00"
BOTILLERIA,7802100003218,CC353218,CERVEZA COORS BOTELLA 355CC,"1.290,00"
BOTILLERIA,7802100003256,CECO473256,CERVEZA COORS LATA 473CC,"1.490,00"
BOTILLERIA,071990100711,CC710711,CERVEZA COORS ORIGINAL 710CC,"2.490,00"
BOTILLERIA,7802130003585,CC716411,CERVEZA CORONA 710CC,"2.690,00"
BOTILLERIA,75041670,CC331670,CERVEZA CORONA BOTELLA 355CC,"1.390,00"
BOTILLERIA,7891991305846,CECO475846,CERVEZA CORONA LATA 473CC,"1.390,00"
BOTILLERIA,7802100005625,CECR71,CERVEZA CRISTAL 710CC,"1.590,00"
BOTILLERIA,7802100001603,CC351603,CERVEZA CRISTAL LAGER BOTELLA 355CC,"1.190,00"
BOTILLERIA,7802100505323,CC475323,CERVEZA CRISTAL LATA 473CC,990
BOTILLERIA,7802100006615,CC476615,CERVEZA CRISTAL ULTRA LIVIANA 473CC,"1.390,00"
BOTILLERIA,7753749003216,CC473216,CERVEZA CUSQUEÑA GOLDEN LAGER 473CC,"1.390,00"
BOTILLERIA,7753749001182,CC6201182,CERVEZA CUSQUEÑA GOLDEN LAGER 620CC,"2.490,00"
BOTILLERIA,7753749275767,CC335767,CERVEZA CUSQUEÑA GOLDEN LAGER BOTELLA 330CC,"1.490,00"
BOTILLERIA,77512369,CC352369,CERVEZA CUSQUEÑA GOLDEN LAGER LATA 354CC,"1.090,00"
BOTILLERIA,7804616480026,CD330026,CERVEZA DOLBEK MAQUI 330CC,"2.690,00"
BOTILLERIA,7804616480231,CD500231,CERVEZA DOLBEK MAQUI 500CC,"2.490,00"
BOTILLERIA,7802100505347,CE475347,CERVEZA ESCUDO LATA 473CC,"1.090,00"
BOTILLERIA,7802100002952,CE472952,CERVEZA ESCUDO SILVER LATA 470CC,990
BOTILLERIA,7802100005489,CEES715489,CERVEZA ESCUDO SILVER LATON 710CC,"1.290,00"
BOTILLERIA,8410793282934,CE332934,CERVEZA ESTRELLA DAMM BARCELONA LAGER 330CC,"1.490,00"
BOTILLERIA,8412598074219,CE334219,CERVEZA ESTRELLA GALICIA 330CC,"1.190,00"
BOTILLERIA,7802100006028,CEHE716028,CERVEZA HEINEKEN 710CC,"1.790,00"
BOTILLERIA,7802100000354,CH330354,CERVEZA HEINEKEN BOTELLA 330CC,"1.790,00"
BOTILLERIA,7802100004185,CH654185,CERVEZA HEINEKEN BOTELLA 650CC,"1.700,00"
BOTILLERIA,7802100000316,CH350316,CERVEZA HEINEKEN LATA 350CC,"1.290,00"
BOTILLERIA,7802100501196,CH471196,CERVEZA HEINEKEN LATA 470CC,"1.390,00"
BOTILLERIA,7802100004772,CH474772,CERVEZA HEINEKEN SILVER LATA 470CC,"1.790,00"
BOTILLERIA,7802100003270,CH333270,CERVEZA HEINEKEN SIN ALCOHOL BOTELLA 330CC,"1.790,00"
BOTILLERIA,7804615340000,CK330000,CERVEZA KROSS 330CC,"2.090,00"
BOTILLERIA,7804615340109,CK330109,CERVEZA KROSS 5 330CC,"2.590,00"
BOTILLERIA,7804615340567,CK710567,CERVEZA KROSS 710CC,"2.990,00"
BOTILLERIA,7804615340604,CK330604,CERVEZA KROSS BERRIES 330CC,"2.090,00"
BOTILLERIA,7804615340246,CK710246,CERVEZA KROSS GOLDEN 710CC,"1.790,00"
BOTILLERIA,7804615340062,CEKR330062,CERVEZA KROSS MAIBOCK BOTELLA 330CC,"2.590,00"
BOTILLERIA,7804615340628,CK470628,CERVEZA KROSS ODISSEA 470CC,"1.990,00"
BOTILLERIA,7804615340048,CEKR330048,CERVEZA KROSS PILS BOTELLA 330CC,"2.590,00"
BOTILLERIA,7804615340017,CK330017,CERVEZA KROSS STOUT CREAME 330CC,"2.590,00"
BOTILLERIA,7802107000227,CK330227,CERVEZA KUNSTMANN ARANDANO 330CC,"2.590,00"
BOTILLERIA,7802107001361,CK331361,CERVEZA KUNSTMANN BOCK BOTELLA 330CC,"2.690,00"
BOTILLERIA,7802107000074,ck500074,CERVEZA KUNSTMANN GRAN TOROBAYO 500CC,"4.090,00"
BOTILLERIA,7802107001682,CK351682,CERVEZA KUNSTMANN LAGER BLAND 355CC,"1.390,00"
BOTILLERIA,7802107000777,KM5000777,CERVEZA KUNSTMANN MIEL 500CC,"2.590,00"
BOTILLERIA,7802107000050,CK330050,CERVEZA KUNSTMANN MIEL BOTELLA 330CC,"2.690,00"
BOTILLERIA,7802107001439,CK331439,CERVEZA KUNSTMANN SIN ALCOHOL 330CC,"2.690,00"
BOTILLERIA,7802107001392,CK331392,CERVEZA KUNSTMANN TOROBAYO BOTELLA 330CC,"1.790,00"
BOTILLERIA,7802107000869,CK500869,CERVEZA KUNSTMANN TOROBAYO BOTELLA 500CC,"2.490,00"
BOTILLERIA,7802107000883,CK330883,CERVEZA KUNSTMANN VALDIVIA LAGER BOTELLA 330CC,"2.690,00"
BOTILLERIA,7802107001330,CK331330,CERVEZA KUNSTMANN VALDIVIA LAGER BOTELLA 330CC,"2.590,00"
BOTILLERIA,7802107000999,CK5000999,CERVEZA KUNSTMANN VALDIVIA PALE LAGER 500CC,"2.590,00"
BOTILLERIA,7802100006097,CL356097,CERVEZA LEMON STONES LATA 350CC,"1.290,00"
BOTILLERIA,7802100004680,CL474680,CERVEZA LEMON STONES LATA 470CC,"1.990,00"
BOTILLERIA,7802130003660,CELE473660,CERVEZA LEYENDA PINCOYA 473CC,"1.590,00"
BOTILLERIA,7802130003653,CELE473653,CERVEZA LEYENDA TRAUCO 473CC,"1.590,00"
BOTILLERIA,659525888626,CL4708626,CERVEZA LOA CACATUA CACAO IPA 470CC,"3.090,00"
BOTILLERIA,7804681180005,CELO470005,CERVEZA LOA ENTRENUBES 470CC,"2.390,00"
BOTILLERIA,7804681180036,CELO470036,CERVEZA LOA FLOR DE TRAUCO 470CC,"3.190,00"
BOTILLERIA,9780201379655,CL4709655,CERVEZA LOA KOLSH MUSSA 470CC,"2.390,00"
BOTILLERIA,7804681180029,CELO470029,CERVEZA LOA MINGA LOCA 470CC,"2.390,00"
BOTILLERIA,7804681180012,CELO470012,CERVEZA LOA OTRA RONDA 470CC,"2.490,00"
BOTILLERIA,8411327011181,CM251181,CERVEZA MAHOU BOTELLA SIN ALCOHOL 250CC,"1.090,00"
BOTILLERIA,8411327001052,CM501052,CERVEZA MAHOU CLASICA 500CC,"1.290,00"
BOTILLERIA,8411327011167,CEMASIAL35,CERVEZA MAHOU SIN ALCOHOL 350CC,"1.190,00"
BOTILLERIA,7802100001559,CM351559,CERVEZA MANGO STONES LATA 350CC,"1.290,00"
BOTILLERIA,7802100002525,CM352525,CERVEZA MARACUYA STONES LATA 350CC,"1.290,00"
BOTILLERIA,03456217,CM356217,CERVEZA MILLER 355CC,"1.890,00"
BOTILLERIA,034100005696,CEMI655696,CERVEZA MILLER 650CC,"2.890,00"
BOTILLERIA,034100005559,CEMI715559,CERVEZA MILLER 710CC,"2.690,00"
BOTILLERIA,8593868004690,CM334690,CERVEZA MILLER BOTELLA 330CC,"1.390,00"
BOTILLERIA,034100005610,CM475610,CERVEZA MILLER LATA 473CC,"1.590,00"
BOTILLERIA,7802100003584,CM473584,CERVEZA MORENITA LATA 470CC,"1.190,00"
BOTILLERIA,7804615340635,CEOD470635,CERVEZA ODISSEA AMBER ALE 470CC,"1.990,00"
BOTILLERIA,7804615340734,CO470734,CERVEZA ODISSEA PINK ALE 470CC,"1.990,00"
BOTILLERIA,7804615340703,CEOD470703,CERVEZA ODISSEA TROPIC ALE 470CC,"1.990,00"
BOTILLERIA,7802100004345,CEPA474345,CERVEZA PATAGONIA BLACK LAGER 470CC,"1.790,00"
BOTILLERIA,7802100005113,CEPA475113,CERVEZA PATAGONIA BLOND LAGER 470CC,"1.790,00"
BOTILLERIA,7802100004024,CP474024,CERVEZA PATAGONIA HOPPY LAGER LATA 470CC,"1.790,00"
BOTILLERIA,7802100005915,CP3505915,CERVEZA PATAGONIA HOPPY LAGER SABOR GINTONIC 350CC,"2.090,00"
BOTILLERIA,7802100004482,CP474482,CERVEZA PATAGONIA LOTUS LAGER LATA 470CC,"1.790,00"
BOTILLERIA,7802100004000,CA474000,CERVEZA PATAGONIA RED LAGER LATA 470CC,"1.790,00"
BOTILLERIA,7802100005908,CP355908,CERVEZA PATAGONIA SABOR WHISKY HONEY 350CC,"2.090,00"
BOTILLERIA,7792798012923,CQ4732923,CERVEZA QUILMES CLASICA 473CC,"1.690,00"
BOTILLERIA,17927987,CQ477987,CERVEZA QUILMES CLASICA 473CC,990
BOTILLERIA,73893247530712,CEQU47,CERVEZA QUILMES LATA 473CC,"1.390,00"
BOTILLERIA,7802130003394,CQ713394,CERVEZA QUILMES LATA 710CC,"1.990,00"
BOTILLERIA,7802100004178,CERO654178,CERVEZA ROYAL 650CC,"1.700,00"
BOTILLERIA,7802100005649,CERO715649,CERVEZA ROYAL GUARD 710ML,"1.790,00"
BOTILLERIA,7802100505538,CR355538,CERVEZA ROYAL GUARD BOTELLA 355CC,"1.390,00"
BOTILLERIA,7802100005069,CEROGUGOLA355069,CERVEZA ROYAL GUARD GOLDEN LAGER 355CC,"1.690,00"
BOTILLERIA,7802100002747,CR472747,CERVEZA ROYAL GUARD LATA 470CC,"1.690,00"
BOTILLERIA,7802100004741,CR354741,CERVEZA ROYAL GUARD SIN ALCOHOL BOTELLA 355CC,"1.790,00"
BOTILLERIA,7802100003119,CR353119,CERVEZA ROYAL GUARD SMOOTH LAGER BOTELLA 355CC,"1.290,00"
BOTILLERIA,75001629,CS331629,CERVEZA SOL BOTELLA 330CC,"1.690,00"
BOTILLERIA,7802100005809,CS665809,CERVEZA SOL BOTELLA 660CC,"1.890,00"
BOTILLERIA,7802100002464,CS712464,CERVEZA SOL BOTELLA 710CC,"1.700,00"
BOTILLERIA,7802100003515,CESO473515,CERVEZA SOL LATA 473CC,"1.390,00"
BOTILLERIA,7802100005823,SM355823,CERVEZA SOL MIX MANGO 350CC,"1.790,00"
BOTILLERIA,7802130000263,CS350263,CERVEZA STELLA LATA 354CC,"1.690,00"
BOTILLERIA,5410228143376,CS663376,CERVEZA STELLA ARTOIS 660CC,"1.700,00"
BOTILLERIA,7792798006045,CS336045,CERVEZA STELLA ARTOIS BOTELLA 330CC,"1.390,00"
BOTILLERIA,7802130000775,CS470775,CERVEZA STELLA ARTOIS LATA 473CC,"1.490,00"
BOTILLERIA,7804682660285,CV470285,CERVEZA VOLCANES DEL SUR PREMIUM LAGER 470CC,"1.990,00"
BOTILLERIA,7804682660292,CV470292,CERVEZA VOLCANES DEL SUR SUMMER LUCUMA 470CC,"1.990,00"
CONGELADOS,7801300003738,CL353738,CHAMPIÑON LAMINADO FRUTOS DEL MAIPO 350G,"2.790,00"
DESPENSA,7801315140008,CE180008,CHAMPIÑONES ENTEROS ESMERALDA 184G,"1.590,00"
DESPENSA,7801315148882,CE408882,CHAMPIÑONES ENTEROS ESMERALDA 400G,"2.890,00"
DESPENSA,7802420510083,CL400083,CHAMPIÑONES LAMINADOS ESMERALDA 400G,"2.890,00"
LACTEOS,7613031370320,CF6U0320,CHAMYTO FRUTILLA 6U,"3.190,00"
LACTEOS,7613030058618,CF6U8618,CHAMYTO FRUTILLA 6U,"3.190,00"
LACTEOS,7613031370450,CHMA6U0450,CHAMYTO MANZANA 6U,"3.190,00"
DESPENSA,7805040005748,CD2005748,CHANCACA DELICIOSA 200GR,"1.790,00"
DESPENSA,7805040004765,CD404765,CHANCACA DELICIOSA 400G,"3.190,00"
DESPENSA,7805040005755,CD4005755,CHANCACA DELICIOSA 400GR,"3.390,00"
HELADOS,8445291792531,CC133676,CHANDELLE CHOCOLATE 120G,"1.090,00"
LACTEOS,8445291792784,CC1252784,CHANDELLE CHOCOLATE SIN AZUCAR 120GR,"1.090,00"
LACTEOS,8445291836372,CC1256372,CHANDELLE CREMA IRLANDESA 125GR,"1.090,00"
POSTRES,8445291211698,CC1301698,CHANDELLE CREMA SUSPIRO MARACUYA 130GR,"1.090,00"
POSTRES,78057241,CL137241,CHANDELLE LUCUMA 130G,"1.090,00"
POSTRES,8445291792562,CM132452,CHANDELLE MANJAR 120G,"1.090,00"
LACTEOS,8445291792869,CHMASILA122869,CHANDELLE MANJAR SIN LACTOSA 120G,"1.090,00"
LACTEOS,8445291792722,CN120222,CHANDELLE NESTLE LUCUMA 120GR,990
LACTEOS,8445291836341,CHPICO126314,CHANDELLE PIÑA COLADA 120G,"1.090,00"
LACTEOS,8445291211827,CT131827,CHANDELLE TENTACIO BROWNIE NESTLE 130G,"1.090,00"
PANADERIA,1234563,CV1U4563,CHAPARRITA VIENESA QUESO 1U,"2.200,00"
SNACKS,736372161994,CD351994,CHARQUI DE CERDO LA FIAMBRERIA 35GR,"4.990,00"
SNACKS,658325662726,CE402726,CHARQUI EL ESPINAL 40GR,"3.890,00"
SNACK,7804612222729,CS352729,CHARQUI SEMBRASOL 35GR,"4.490,00"
SNACKS,7804612220275,CS400275,CHARQUI SEMBRASOL 40G,"3.890,00"
SNACKS,736372161987,CS351987,CHARQUI SNACK REROZ VACUNO NATURAL 35GR,"4.990,00"
DULCES Y CHOCOLATES,7794612413855,CB243855,CHCLE BITGTIME ULTRA GREEN MINT 24G,"1.990,00"
SNACKS,7802000020254,CE2500254,CHEETOS EXTRA QUESO 250GR,"2.590,00"
SNACKS,7802000020117,SH2500117,CHEETOS HORNEADOS SABOR MANI 250GR,"2.390,00"
SNACKS,7802000019753,CO2009753,CHEETOS ONDULADOS SABOR KETCHUPS 200GR,"2.590,00"
SNACKS,7802000016585,CP2500254,CHEETOS PALITOS QUESO 280G,"2.590,00"
SNACKS,7802000015687,CD105687,CHEEZELS DE QUESO 100G,"1.690,00"
SNACKS,7802000013560,CD203560,CHEEZELS DE QUESO 200G,"2.690,00"
SNACKS,7802000015335,CD225335,CHEEZELS DE QUESO 220G,"2.690,00"
DULCES Y CHOCOLATES,7802225131711,CA11711,CHICLE ARCOR GROSSO DE MENTA 1U,250
DULCES Y CHOCOLATE,7802225131698,CA11698,CHICLE ARCOR GROSSO DE SANDIA 1U,250
DULCES Y CHOCOLATES,78011748,CB111748,CHICLE BIGTIME AQUA 11G,690
DULCES Y CHOCOLATES,78034389,CB114389,CHICLE BIGTIME BBUBLE FUN 11GR,690
DULCES Y CHOCOLATES,78031470,CHBIENCA111470,CHICLE BIGTIME ENERGY CAFEINA 11G,690
DULCES Y CHOCOLATES,78029361,CB11G361,CHICLE BIGTIME FRESH ICE 11G,690
DULCES Y CHOCOLATE,78033559,CB113559,CHICLE BIGTIME FRESH MINT 11GR,690
DULCES Y CHOCOLATES,78005624,CB115624,CHICLE BIGTIME MENTA 11G,690
DULCES Y CHOCOLATES,7790580423087,CB503087,CHICLE BIGTIME NITRO MINT50GR,"4.190,00"
DULCES Y CHOCOLATES,78068308,CB118308,CHICLE BIGTIME REFRESCANTE 11G,690
DULCES Y CHOCOLATES,78007505,CB117505,CHICLE BIGTIME SANDIA 11G,690
DULCES Y CHOCOLATES,78068315,CB118315,CHICLE BIGTIME STRONG 11G,690
DULCES Y CHOCOLATES,7802225153317,CB243317,CHICLE BIGTIME ULTRA BLUE BERRY 24G,"1.990,00"
DULCES Y CHOCOLATES,7794612413848,CB243848,CHICLE BIGTIME ULTRA CLEAN MINT 24G,"1.990,00"
DULCES Y CHOCOLATES,7794612413831,CB243831,CHICLE BIGTIME ULTRA RED BERRY 24G,"1.990,00"
DULCES Y CHOCOLATE,7802225153294,CB12U3294,CHICLE BIGTIME ULTRA STRONG 12U,"1.990,00"
DULCES Y CHOCOLATES,7790580429966,CB509966,CHICLE BIGTIME VIBRA MINT 50GR,"4.190,00"
DULCES Y CHOCOLATES,7891151040631,CC430631,"CHICLE CROC FRUTILLA 4,3G",290
DULCES Y CHOCOLATES,7891151036153,CC436153,"CHICLE CROC MENTA 4,3G",290
DULCES Y CHOCOLATE,780123456780,CD7G6780,CHICLE DOS EN UNO SABOR MENTA 7G,150
DULCES Y CHOCOLATE,780123456781,CD106781,CHICLE DOS EN UNO SABOR TUTTI FRUTTI 7G,150
DULCES Y CHOCOLATES,9243178613806,CL203806,CHICLE LARGO 20G,990
DULCES Y CHOCOLATE,42247371,CO147371,CHICLE ORBIT BUBBLEMINT 14GR,"1.390,00"
DULCES Y CHOCOLATES,50173617,CO14G617,CHICLE ORBIT EUCALIPTO 14G,"1.190,00"
DULCES Y CHOCOLATES,50173204,CO14G204,CHICLE ORBIT MENTA 14G,"1.190,00"
DULCES Y CHOCOLATES,7622210551368,CS301368,"CHICLE SIN AZUCAR EXTRA STRONG 18U 30,6G","1.790,00"
DULCES Y CHOCOLATES,7506105606084,CS306084,"CHICLE SIN AZUCAR SANDIA TRIDENT 18U 30,6G","1.790,00"
DULCES Y CHOCOLATES,7506105606060,CS306060,"CHICLE SIN AZUCAR YERBA BUENA 18U 30,6G","1.790,00"
DULCES Y CHOCOLATES,7702011127860,CHSP137860,CHICLE SPLOT 13.5G,250
DULCES Y CHOCOLATES,6971486421143,CT201143,CHICLE TUBO CON POLVO ACIDO 20G,990
DULCES Y CHOCOLATES,42123880,CHORAR143880,CHICLES ORBIT ARANDANO 14G,"1.190,00"
DULCES Y CHOCOLATES,50173822,CHORHI143822,CHICLES ORBIT HIERBABUENA 14G,"1.190,00"
PASTELERIA,77634663034818,C14818,CHILENITO 1U,"1.500,00"
PASTELERIA,7803403101045,CA231045,CHILENOS AGUA DE PIEDRA 230GR,"3.490,00"
ELECTRONICA,1234535,CP1U4535,CHIP PREPAGO 1U,"1.290,00"
SNACK,7804630011350,CT151350,CHIP TIKA CREMA Y CIBOULETTE 150GR,"2.990,00"
SNACKS,7804630011480,CT151480,CHIP TIKA MIX PATAGONIA 150GR,"4.590,00"
DESPENSA,7802410003182,CD203182,CHIPS DE CHOCOLATE GOURMET 200G,"5.490,00"
SNACKS,7803520003055,CHDEQUPASIGL10,CHIPS ECO VIDA DE QUESO PARMESANO SIN GLUTEN 100G,"3.090,00"
SNACKS,7803520003048,CHECVITOAL103048,CHIPS ECO VIDA TOMATE ALBACA 100G,"3.090,00"
SNACKS,7804630011336,CT151336,CHIPS TIKA NATIVAS CEBOLLITA DULCE 150GR,"2.990,00"
POSTRES,78041097,CF351097,CHIQUITIN FRUTILLA 35G,390
POSTRES,78041110,CP451110,CHIQUITIN PLATANO 45G,390
SNACKS,7802000015328,CP225328,CHIS POP 220G,"2.690,00"
SNACKS,7802000014574,CP204574,CHIS POP TUTTI FRUTTI 200G,"2.590,00"
MENAJE Y LIBRERIA,7804612130093,CC1U0093,CHISPERO COCINA RONSON 1U,"2.490,00"
DESPENSA,7802420510403,CC420403,CHOCLITOS COCKTAIL ESMERALDA. 425G,"3.390,00"
CONGELADOS,7801930001661,CE182761,CHOCLO EN TROZO 180GR,"2.190,00"
CONGELADOS,7801300301049,CF501049,CHOCLO FRUTOS DEL MAIPO 500G,"2.890,00"
CONGELADOS,7801300012075,CG202075,CHOCLO GRANOS FRUTOS DEL MAIPO 200G,"1.290,00"
CONGELADOS,7801220431116,CM201116,CHOCLO MINUTO VERDE 200G,"1.190,00"
CONGELADOS,7801220431109,CM501109,CHOCLO MINUTO VERDE EN GRANO 500G,"2.590,00"
CONGELADOS,7801930025780,CP455780,CHOCLO PF CONGELADO 450GR,"2.190,00"
CONGELADOS,7801930024806,CP14806,CHOCLO PF EN GRANO CONGELADO 1KG,"3.890,00"
CONGELADOS,7801930001654,CP201654,CHOCLO PF EN GRANO CONGELADO 200GR,"1.390,00"
CONGELADOS,7801907027090,CS207090,CHOCLO SAN JORGE 200G 200G,"1.290,00"
CONGELADOS,7809611701268,CT401268,CHOCLO TIERNO LA CRIANZA 400G,"2.890,00"
CONGELADOS,7801300000539,CT200539,CHOCLO TROZO FRUTOS DEL MAIPO 200G,"1.290,00"
CONGELADOS,7801300571510,CHTR651510,CHOCLO TROZO FRUTOS DEL MAIPO 650G,"4.590,00"
DULCES Y CHOCOLATES,7802215303401,CO333401,CHOCMAN ORIGINAL 33G,390
DULCES Y CHOCOLATES,4000417651006,CC221006,CHOCO CUBES RITTER SPORT 22U,"7.990,00"
SNACKS,7802000003219,CE163219,CHOCOCRACS EVERCRISP 160G,"2.290,00"
DULCES Y CHOCOLATES,7622201715236,CA105236,CHOCOLATE ALPINE MILK MILKA 100G,"2.190,00"
DULCES Y CHOCOLATE,7802215110788,CHBAHUMACO0788,CHOCOLATE BANDEJA HUEVOS MACIZOS COSTA,"2.290,00"
DULCES Y CHOCOLATES,4025700001962,CB101962,CHOCOLATE BLANCO MILKA 100G,"3.890,00"
DULCES Y CHOCOLATES,7802200893375,CB963375,CHOCOLATE BLANCO ORLY FRAMBUESA 95GR,"2.090,00"
DULCES Y CHOCOLATE,7802225590297,CHBO95,CHOCOLATE BON O BON LECHE 95GR,"1.790,00"
USAMARKET,5412956221197,CB1801197,CHOCOLATE BROWNIE & PRETZEL 180GR,"4.990,00"
DULCES Y CHOCOLATE,7613034276797,CC906797,CHOCOLATE CAPRI ALMENDRA 90G,"2.090,00"
DULCES Y CHOCOLATES,8445291885806,GM175806,CHOCOLATE CAPRI DE ALMENDRA 88GR,"2.090,00"
DULCES Y CHOCOLATE,7613034279309,CC309309,CHOCOLATE CAPRI DE FRITILLA 30GR,690
DULCES Y CHOCOLATES,8445291928732,CC9088732,CHOCOLATE CAPRI DE FRUTILLA 90GR,"2.090,00"
DULCES Y CHOCOLATE,7613034270399,CC900399,CHOCOLATE CAPRI FRUTILLA 90G,"2.090,00"
DULCES Y CHOCOLATE,8445291928725,CC908725,CHOCOLATE CAPRI GUINDA 90GR,"2.090,00"
DULCES Y CHOCOLATE,8445291928749,CC908749,CHOCOLATE CAPRI TRUFA 90GR,"2.090,00"
DULCES Y CHOCOLATES,7622300086404,CC106404,CHOCOLATE CARAMELO MILKA 100G,"3.190,00"
DULCES Y CHOCOLATES,7622201050757,CC100757,CHOCOLATE CARAMELO MILKA 100G COD,"3.890,00"
DULCES Y CHOCOLATES,7802225426701,CC206701,CHOCOLATE CHUBI 22G,290
DESPENSA,7802225426336,CC156336,CHOCOLATE CHUBI DOS EN UNO 150G,"1.990,00"
DULCES Y CHOCOLATES,7802225428026,CHCOCH908026,CHOCOLATE CONFITADO CHUBI 90G,"1.490,00"
DULCES Y CHOCOLATES,7802225428040,CHCORO958040,CHOCOLATE CONFITADO ROCKLETS 95G,"1.490,00"
DULCES Y CHOCOLATES,7802225428057,CHCOROMA958057,CHOCOLATE CONFITADO ROCKLETS MANI 95G,"1.490,00"
DULCES Y CHOCOLATE,7802215101441,CC80G1441,CHOCOLATE COSTA CACAO BITTER 62% 80G,"3.290,00"
DULCES Y CHOCOLATE,7802215124456,CC154456,CHOCOLATE COSTA CAREZZA 15G,350
DULCES Y CHOCOLATES,7802215104855,CC114855,CHOCOLATE COSTA RAMA 115G,"3.590,00"
DULCES Y CHOCOLATE,7802215124693,CC114693,CHOCOLATE COSTA RAMA 115GR,"3.590,00"
DULCES Y CHOCOLATE,8445291790308,CC880308,CHOCOLATE CROCATY 88GR,"1.990,00"
DULCES Y CHOCOLATE,8410172652525,74698220753259,CHOCOLATE DE LECHE MILKA 125G,"3.390,00"
DULCES Y CHOCOLATE,7891000416075,CHDELERECOCR906075,CHOCOLATE DE LECHE RELLENO COOKIES & CREAM 90G,"2.890,00"
CANDYLAND,73824678298200,CHME13,CHOCOLATE DE MENTA YORK 13.5G,590
DULCES Y CHOCOLATES,7622300033781,CD103781,CHOCOLATE DESERT MILKA 100G,"2.290,00"
USAMARKET,4262506940006,CD200006,CHOCOLATE DUBAI MARDINNI 200GR,"13.990,00"
USAMARKET,8000500359884,CF909884,CHOCOLATE FERRERO ROCHER HASEKLNUSS 90GR,"4.990,00"
DULCES Y CHOCOLATES,7802225588508,CG278508,CHOCOLATE GOLPE 27G,390
DESPENSA,7802410101765,CG101765,CHOCOLATE GRANULADO GOURMET 100G,"1.790,00"
DULCES Y CHOCOLATE,7899970402821,CH822821,CHOCOLATE HERCHEYS EXTRA CREMOSO 82GR,"2.290,00"
DULCES Y CHOCOLATES,7899970400032,CH920032,CHOCOLATE HERSHEY'S BRANCO 92G,"1.990,00"
DULCES Y CHOCOLATES,7899970401657,CH851657,CHOCOLATE HERSHEYS 73% CACAO 85GR,"3.190,00"
DULCES Y CHOCOLATES,7899970402586,CH852586,CHOCOLATE HERSHEYS AIR 85G,"2.090,00"
DULCES Y CHOCOLATES,7899970400452,CH850452,CHOCOLATE HERSHEYS AIR 85G,"2.090,00"
DULCES Y CHOCOLATES,7899970402807,CH822807,CHOCOLATE HERSHEYS BRANCO 82G,"2.090,00"
DULCES Y CHOCOLATES,7899970402982,HELE822982,CHOCOLATE HERSHEYS CON LECHE 82G,"2.090,00"
DULCES Y CHOCOLATES,7899970403026,CH773026,CHOCOLATE HERSHEYS COOKIES N CREME 77G,"2.090,00"
DULCES Y CHOCOLATES,7899970402562,CH872562,CHOCOLATE HERSHEYS COOKIES N CREME 87G,"1.990,00"
DULCES Y CHOCOLATES,7899970402845,CH872845,CHOCOLATE HERSHEYS CRISTAL 87G,"2.090,00"
DULCES Y CHOCOLATES,7899970403002,CH823002,CHOCOLATE HERSHEYS EXTRA CREMOSO 82G,"2.090,00"
DULCES Y CHOCOLATES,7899970402548,CH922548,CHOCOLATE HERSHEYS EXTRA CREMOSO 92G,"1.990,00"
DULCES Y CHOCOLATE,80050315,CHKI120315,CHOCOLATE KINDER 12.5G,790
DULCES Y CHOCOLATES,8000500190012,CK210012,"CHOCOLATE KINDER BUENO 21,5G","1.190,00"
USAMARKET,8000500253687,CK103687,CHOCOLATE KINDER BUENO MINI 108GR,"5.990,00"
DULCES Y CHOCOLATES,80050094,CK210094,CHOCOLATE KINDER MAXI 21G,"1.190,00"
DULCES Y CHOCOLATES,7802420002069,KIHE742069,CHOCOLATE KISSES HERSHEYS 74G COOKIES N CREME,"3.490,00"
DULCES Y CHOCOLATES,7802420002076,CHKIMICH742076,CHOCOLATE KISSES MILK CHOCOLATE 74G,"3.490,00"
DULCES Y CHOCOLATES,7891000248829,CK418829,CHOCOLATE KIT KAT 41.5G DARK,"1.790,00"
DULCES Y CHOCOLATES,7891000249239,CK419239,CHOCOLATE KIT KAT 41.5G WHITE,"1.790,00"
DULCES Y CHOCOLATES,7891000248768,CK418768,CHOCOLATE KIT KAT 41.5G,"1.790,00"
DULCES Y CHOCOLATES,8003340095790,CL205790,CHOCOLATE LINDOR LINDT DULCE DE LECHE 200G,"10.790,00"
DULCES Y CHOCOLATES,7610400082532,CL202532,CHOCOLATE LINDOR LINDT WHITE 200G,"10.790,00"
DULCES Y CHOCOLATES,7802215113567,CM273567,CHOCOLATE MECANO TUERCA 27G,590
DULCES Y CHOCOLATES,7802215101625,CM100G1625,CHOCOLATE MENTA 62% CACAO COSTA 100G,"3.290,00"
DULCES Y CHOCOLATES,7622201688424,CM108424,CHOCOLATE MILKA 100G,"2.390,00"
DULCES Y CHOCOLATES,7622202286698,CM906698,CHOCOLATE MILKA BLANCO 90GR,"3.890,00"
DULCES Y CHOCOLATES,7622201492717,CM452717,CHOCOLATE MILKA CHOCO PAUSE OBLEA BAÑADA 45G,"1.290,00"
DULCES Y CHOCOLATES,8590160955088,CM105088,CHOCOLATE MILKA EXTRA CACAO 100G,"2.990,00"
DULCES Y CHOCOLATES,7622202271908,CM901908,CHOCOLATE MILKA EXTRA CACAO 90G,"3.690,00"
DULCES Y CHOCOLATES,7622300498429,MIFR10,CHOCOLATE MILKA FRUTILLA 100G,"3.890,00"
DULCES Y CHOCOLATE,7622202257599,CM957599,CHOCOLATE MILKA GANZE HASELNUSSE 95GR,"3.890,00"
DULCES Y CHOCOLATES,7622201688370,CM108370,CHOCOLATE MILKA OREO 100G,"3.890,00"
DULCES Y CHOCOLATES,7502271917320,CM522068,CHOCOLATE MILKYWAY 52.2G,"1.790,00"
DULCES Y CHOCOLATES,7802215101489,CN80G1489,CHOCOLATE NARANJA 72% CACAO COSTA 80G,"3.290,00"
DULCES Y CHOCOLATES,7802225538114,CN248114,CHOCOLATE NIKOLO CON MANI 24GR,690
DULCES Y CHOCOLATES,7622201120931,CO100931,CHOCOLATE OREO BLANCO MILKA 100G,"2.290,00"
DULCES Y CHOCOLATES,7622210953421,CO103421,CHOCOLATE OREO BROWNIE MILKA 100G,"3.890,00"
DULCES Y CHOCOLATES,7802200894167,CO104167,CHOCOLATE ORLY ALMENDRA 100G,"2.090,00"
DULCES Y CHOCOLATES,7802200893436,CO95G3436,CHOCOLATE ORLY ALMENDRA 95G,"2.090,00"
DULCES Y CHOCOLATE,5801700893436,CO953436,CHOCOLATE ORLY ALMENDRA 95GR,"2.090,00"
DULCES Y CHOCOLATES,7802200894136,CO114136,CHOCOLATE ORLY BERRIES 115G,"2.090,00"
DULCES Y CHOCOLATES,7802200893443,CO953443,CHOCOLATE ORLY BERRIES 95G,"2.090,00"
DULCES Y CHOCOLATES,7802200894143,CO114143,CHOCOLATE ORLY FRUTILLA 115G,"2.090,00"
DULCES Y CHOCOLATES,7802200893467,CO953467,CHOCOLATE ORLY FRUTILLA 95G,"2.090,00"
DULCES Y CHOCOLATES,7802200894112,CO114112,CHOCOLATE ORLY MENTA 115G,"2.090,00"
DULCES Y CHOCOLATES,7802200893474,CO953474,CHOCOLATE ORLY MENTA 95GR,"2.090,00"
DULCES Y CHOCOLATES,7802200894129,CO114129,CHOCOLATE ORLY NARANJA 115G,"2.090,00"
DULCES Y CHOCOLATES,7802200893481,CO953481,CHOCOLATE ORLY NARANJA 95G,"2.090,00"
DULCES Y CHOCOLATES,7802200894150,CO114150,CHOCOLATE ORLY TRUFA 115G,"2.090,00"
DULCES Y CHOCOLATES,7802200893498,CO95G3498,CHOCOLATE ORLY TRUFA 95G,"2.090,00"
DULCES Y CHOCOLATES,7802230975324,CP355324,CHOCOLATE PRESTIGIO 35G,"1.190,00"
DULCES Y CHOCOLATES,7802225590426,CR90G0426,CHOCOLATE RELLENO BON O BON 90G,"1.790,00"
DULCES Y CHOCOLATES,4250231139970,CHRO209970,CHOCOLATE ROYAL THINS 200G MANGO,"4.990,00"
DULCES Y CHOCOLATES,4019400440657,CHRO200657,CHOCOLATE ROYAL THINS 200G MENTA,"4.990,00"
DULCES Y CHOCOLATES,4250231140112,CHRO200112,CHOCOLATE ROYAL THINS 200G SALTED CARAMEL,"4.990,00"
DULCES Y CHOCOLATES,7802230070227,CS250227,CHOCOLATE SAHNE NUSS BARRA 250G,"7.990,00"
DULCES Y CHOCOLATES,8445290386892,CS906892,CHOCOLATE SAHNE NUSS SIN AZUCAR AÑADIDA 90G,"3.990,00"
DULCES Y CHOCOLATES,7802950072358,CS142358,CHOCOLATE SAHNE-NUSS 14G,390
DULCES Y CHOCOLATE,7613034721051,CS161051,CHOCOLATE SAHNE-NUSS 160G,"5.190,00"
DULCES Y CHOCOLATES,7613035588776,CS308776,CHOCOLATE SAHNE-NUSS 30G,990
DULCES Y CHOCOLATES,7613287103529,CS903529,CHOCOLATE SAHNE-NUSS 90G,"2.890,00"
DULCES Y CHOCOLATE,8445291790001,CS880001,CHOCOLATE SAVORY CHOCOLITO 88GR,"1.990,00"
DULCES Y CHOCOLATE,7899970402838,CS822838,CHOCOLATE SEMI AMARGO HERSHEYS 82G,"2.290,00"
DULCES Y CHOCOLATES,040000514251,CS524251,"CHOCOLATE SNICKERS 52,7G","1.790,00"
DULCES Y CHOCOLATES,7622200007332,CS107332,CHOCOLATE STRAWBERRY MILKA 100G,"2.290,00"
DULCES Y CHOCOLATES,7622300986636,CS366636,CHOCOLATE SUIZO CON LECHE Y NOUGAT TOBLERONE 360G,"11.290,00"
DULCES Y CHOCOLATES,7802225428064,CT908064,CHOCOLATE TIFANY'S 90GR,"1.490,00"
DULCES Y CHOCOLATES,7802225430234,CT150234,CHOCOLATE TIFFANY´S 150G,"1.690,00"
DULCES Y CHOCOLATES,76145513,CT505513,CHOCOLATE TOBLERONE 50G,"1.490,00"
DULCES Y CHOCOLATES,8410679234613,CT804613,CHOCOLATE TRAPA 100% CACAO 80G,"3.790,00"
DULCES Y CHOCOLATES,8410679234620,CT804620,CHOCOLATE TRAPA 80% CACAO STEVIA 80G,"3.990,00"
DULCES Y CHOCOLATES,8410679234606,CT904606,CHOCOLATE TRAPA MILK 90G,"3.990,00"
CANDYLAND,5900951314674,CHTRBASACAM&354674,CHOCOLATE TREAT BAG SALTED CARAMEL M&M 35G,"2.990,00"
DULCES Y CHOCOLATES,8445291976245,CT146247,CHOCOLATE TRENCITO 14G,390
DULCES Y CHOCOLATES,7802230070029,CT150029,CHOCOLATE TRENCITO 150G,"3.990,00"
DULCES Y CHOCOLATES,7613034276490,CT246490,CHOCOLATE TRENCITO 24G,690
DULCES Y CHOCOLATES,7802230070012,CT800012,CHOCOLATE TRENCITO 80G,"2.190,00"
CANDYLAND,5000201499776,CT439776,CHOCOLATE TWIRL 43GR,"2.490,00"
DULCES Y CHOCOLATES,7802215124082,CV124082,CHOCOLATE VIZZIO 90G,"2.090,00"
DULCES Y CHOCOLATES,7802215104848,CV124848,CHOCOLATE VIZZIO 120G,"2.790,00"
USAMARKET,4008400183022,CR233022,CHOCOLATES RAFFAELLO COCO ALMENDRA 230GR,"9.990,00"
DESPENSA,084773611502,CR191502,CHORITO ROBINSON CRUSOE AL AGUA 190GR,"2.890,00"
DESPENSA,084773611519,CR191519,CHORITO ROBINSON CRUSOE EN ACEITE 190GR,"2.890,00"
QUESOS Y FIAMBRES,7801916038452,CA208452,CHORIZO ARTESANAL CENTENARIO LA PREFERIDA 200G,"2.490,00"
CONGELADOS,7809611720207,CD360207,CHORIZO DE CAMPO LA CRIANZA 360G,"4.090,00"
CARNICERIA,7801916039480,CHPRPAAR50,CHORIZO LA PREFERIDA PARRILLERO ARGENTINO 500G,"6.390,00"
CONGELADOS,7804659652015,CN242015,CHORIZO NOT CO 240GR,"6.190,00"
CARNICERIA,7801916038506,CP258506,CHORIZO PARRILERO ANGUS LA PREFERIDA 250G,"3.190,00"
CARNICERIA,7801916038513,CP508513,CHORIZO PARRILLERO LA PREFERIDA 500G,"6.190,00"
QUESOS Y FIAMBRES,7801930021454,CP401454,CHORIZO PARRILLERO PF SELECCIÓN 400G,"3.690,00"
QUESOS Y FIAMBRES,7801930007403,CP6U7403,CHORIZO PARRILLERO PF SELECCIÓN 6U,"2.290,00"
CARNICERIA,7801930007960,CP257960,CHORIZO PARRILLERO RECETA DEL ABUELO 250G,"5.790,00"
PANADERIA,CT1K1787,7809611701787,CHORIZO TRADICIONAL SUPER CERDO 1K,"5.590,00"
DESPENSA,7803900000360,CM500360,CHUCHOCA MARTINI 500GR,"1.990,00"
SNACKS,7802351441203,CD361203,CHUCRUT DON JUAN 360G,"1.190,00"
DESPENSA,7802337910280,CT200280,CHUCRUT TRAVERSO 200G,"1.290,00"
DESPENSA,7803900000384,CF250384,CHUÑO FECULA MARTINI 250GR,"1.590,00"
DESPENSA,726367913172,CN150172,CHUÑO NATURAL TALLRIK 150G,"1.490,00"
DULCES Y CHOCOLATES,73390007935,CC577935,CHUPA CHUPS XTREME MORA AZUL 57G,"1.090,00"
DULCES Y CHOCOLATES,7503023533355,CC573355,CHUPA CHUPS XTREMES BITES 57G,"1.190,00"
DULCES Y CHOCOLATES,6965020032650,CD9G2650,CHUPA DEDOS 9G,490
DULCES Y CHOCOLATES,5011053003325,CP153325,CHUPETINES PUSH POP 15G,"1.590,00"
DULCES Y CHOCOLATES,7798040463598,CP143598,CHUPETINES PUSH POP FRUTILLA 14G,"1.590,00"
CONGELADOS,7808737700483,CD120483,CHURRASCO DE VACUNO LA CRIANZA 120GR,"3.390,00"
CONGELADOS,7801916031910,CHVA901910,CHURRASCO DE VACUNO LA PREFERIDA 90G,"1.790,00"
CARNICERIA,7801907011037,CD121037,CHURRASCO DE VACUNO SAN JORGE 120G,"1.690,00"
CONGELADOS,7804676780036,CF900036,CHURRASCO FT EXCELENCIA 90GR,"1.690,00"
CONGELADOS,7801930011028,CR1201028,CHURRASCO RECETA DEL ABUELO VACUNO 120GR,"2.990,00"
MASCOTAS,855958006570,CP46570,CHURU POLLO 4U,"3.790,00"
LIMPIEZA,7791290794450,CL454450,CIF LIMPIADOR VIDRIOS BIODEGRADBLE RECARGA 450ML,"3.090,00"
CIGARRILLOS,78025271,KB2071,CIGARRO KENT 20 BLUE UP,"5.700,00"
CIGARRILLOS,78025288,KW2088,CIGARRO KENT 20 WHITE UP,"5.700,00"
CIGARRILLOS,78025318,KB2018,CIGARRO KENT BOOST UP 20,"6.000,00"
CIGARRILLOS,78026384,CK6384,CIGARRO KENT NEO 20U,"5.200,00"
CIGARRILLOS,78021020,CK101020,CIGARRO KENT NEO 10U,"3.000,00"
CIGARRILLOS,78025219,KN205219,CIGARRO KENT NEO IKON MIX 20U,"5.400,00"
CIGARRILLOS,78026414,KN206414,CIGARRO KENT NEO ROSE 20U,"5.400,00"
CIGARRILLOS,78028913,CIKE207808,CIGARRO KENT NEO ROSE 20U CIGARRO KENT NEO SNOWFALL 20U,"5.200,00"
CIGARRILLOS,78026438,KN206438,CIGARRO KENT NEO TROPIC 20U,"5.400,00"
CIGARRILLOS,78025332,CK5332,CIGARRO KENT SILVER UP 20U,"5.700,00"
CIGARRILLOS,78028432,69238042000412,CIGARRO LUCKY STRIKE ALASKA 20U,"6.100,00"
CIGARRILLOS,78033450,CL202450,CIGARRO LUCKY STRIKE AMBER 20U,"6.100,00"
CIGARRILLOS,78016293,LS106293,CIGARRO LUCKY STRIKE CLICK 10U,"3.600,00"
CIGARRILLOS,78024878,CL204878,CIGARRO LUCKY STRIKE CLICK 20U,"6.000,00"
CIGARRILLOS,78028791,LCCO8791,CIGARRO LUCKY STRIKE CLICK COMPACT,"4.700,00"
CIGARRILLOS,78030442,LS2042,CIGARRO LUCKY STRIKE ECLIPSE 20,"6.100,00"
CIGARRILLOS,78028838,CL208838,CIGARRO LUCKY STRIKE EXOTIC JOY COMPACT 20U,"4.700,00"
CIGARRILLOS,78025240,LSFT205240,CIGARRO LUCKY STRIKE FRESH TWIST 20U,"6.100,00"
CIGARRILLOS,78028814,CL208814,CIGARRO LUCKY STRIKE FRESH WILD COMPACT 20U,"4.700,00"
CIGARRILLOS,78019324,CL9324,CIGARRO LUCKY STRIKE PATTERSON AZUL 20U,"4.000,00"
CIGARRILLOS,78019317,CL9317,CIGARRO LUCKY STRIKE PATTERSON ROJO 20U,"4.000,00"
CIGARRILLOS,78022010,CL102010,CIGARRO LUCKY STRIKE PULPLE WILD XTEND 10U,"3.600,00"
CIGARRILLOS,78024717,LS204717,CIGARRO LUCKY STRIKE PURPLE WILD XTEND 20U,"6.100,00"
CIGARRILLOS,78024892,CL204892,CIGARRO LUCKY STRIKE SHARP CRUSH 20U,"6.100,00"
CIGARRILLOS,78028074,LS208074,CIGARRO LUCKY STRIKE SLOW-CURED BLUE 20U,"5.500,00"
CIGARRILLOS,78026230,69238042085526,CIGARRO MARLBORO AZUL TABACO REPOSADO 20U,"4.100,00"
CIGARRILLOS,78027145,CM127145,CIGARRO MARLBORO FOREST MIST 12U,"2.800,00"
CIGARRILLOS,78027152,69238042034342,CIGARRO MARLBORO GARDEN ZING 12U,"2.900,00"
CIGARRILLOS,78026216,69238042063690,CIGARRO MARLBORO ROJO TABACO REPOSADO 20U,"5.500,00"
CIGARRILLOS,78024915,69238042055469,CIGARRO MARLBORO SUMMER ZEST 20U,"4.500,00"
CIGARRILLOS,78024410,69238042064176,CIGARRO MARLBORO TOUCH CLEAR CAPS 20U,"4.500,00"
CIGARRILLOS,78018853,PM108853,CIGARRO PALL MALL AZUL 10,"1.900,00"
CIGARRILLOS,78028043,PM208043,CIGARRO PALL MALL AZUL XL 20,"4.100,00"
CIGARRILLOS,78034150,CP184150,CIGARRO PALL MALL BLOOM 18U,"3.400,00"
CIGARRILLOS,78025035,CP5035,CIGARRO PALL MALL CLICK ON XL 20U,"4.900,00"
CIGARRILLOS,78029071,PM209071,CIGARRO PALL MALL SUNRISE MIX 20U,"4.900,00"
CIGARRILLOS,78025066,CP5066,CIGARRO PALL MALL SUNSET XL 20U,"4.900,00"
CIGARRILLOS,78019065,CP109065,CIGARRO PALL MALL VERDE 10U,"2.600,00"
CIGARRILLOS,78025059,CP205059,CIGARRO PALL MALL VERDE 20 U 20U,"4.900,00"
CIGARRILLOS,78028050,CP8050,CIGARRO PALL MALL XL GRIS 20U,"4.100,00"
CIGARRILLOS,78031883,CK201883,CIGARROS KENT NEO SPLASH 20U,"5.200,00"
CIGARRILLOS,78019041,CIPA109041,CIGARROS PALL MALL AZUL CLICK ON 10U,"2.600,00"
MENAJE Y LIBRERIA,3100004076050,CA1U4521,CINTA ADHESIVA FULTONS 20M 1U,490
FERRETERIA,3100854635094,CD405094,CINTA DE EMBALAJE CAFE 40M,"2.290,00"
MENAJE Y LIBRERIA,3100854404577,CD484577,CINTA DE EMBALAJE FULTONS GRUESA 48MM,"2.390,00"
MENAJE Y LIBRERIA,3100005231540,CE481540,CINTA EMBALAJE FULTONS 48MM,"2.390,00"
FERRETERIA,7804628246498,CM1U6498,CINTA METRICA 3M HT 1U,"2.090,00"
FERRETERIA,7707314794832,CP1U4832,CINTA PARA ENMASCARAR 40M X 24MM TESA 1U,"3.090,00"
DESPENSA,7802410101376,CD5G1376,CLAVO DE OLOR GOURMET 5G,690
DESPENSA,7802410102267,CD52267,CLAVO DE OLOR LIDER ENTERO 5GR,690
LIMPIEZA,7805080100021,CC1K0021,CLORO CLORINDA 1K,"1.590,00"
LIMPIEZA,7805080100014,CC250014,CLORO CLORINDA 250G,"1.190,00"
LIMPIEZA,7805080692519,CC502519,CLORO CLORINDA 500G,"1.590,00"
LIMPIEZA,7805080695091,CC905091,CLORO CLORINDA GEL DE MENTA 900ML,"2.590,00"
LIMPIEZA,7806810028875,CC1L8875,CLORO CONCENTRADO IMPEKE 1L,"1.490,00"
LIMPIEZA,7805080691529,CG251529,CLORO GEL CLORINDA 250G,990
LIMPIEZA,7805080691536,CG501536,CLORO GEL CLORINDA 500G,"1.790,00"
LIMPIEZA,7805080695107,CG905107,CLORO GEL CLORINDA FLORES SILVESTRES 900ML,"2.590,00"
LIMPIEZA,7805080695084,CG905084,CLORO GEL CLORINDA ORIGINAL 900ML,"2.590,00"
LIMPIEZA,7805025690419,CLRO370419,CLOROX ROPA BLANCA 370G,"1.090,00"
LIMPIEZA,7805025698316,CR3008316,CLOROX ROPA QUITAMANCHAS 300CC BLANCO,"1.990,00"
LIMPIEZA,7805025698309,CLRO338309,CLOROX ROPA QUITAMANCHAS 300CC COLOR,"1.990,00"
GALLETAS,7622201720247,CS210247,CLUB SOCIAL 216G,"2.290,00"
HELADO,7802410506225,CC206225,COBERTURA CHOCOLATE GOURMET 200GR,"4.290,00"
BEBIDAS,7801610001615,CC2L1615,COCA COLA 2L,"2.890,00"
CANDYLAND,04905004,COCOCH355004,COCA COLA CHERRY 355ML,"1.990,00"
BEBIDAS,7801610880104,COCAEX230159,COCA COLA EXPRESS 237ML,690
BEBIDAS,7801610022726,CC152726,"COCA COLA LIGHT 1,5L","2.490,00"
BEBIDAS,7801610022528,CC2528,"COCA COLA LIGHT 2,5L","2.500,00"
BEBIDAS,7801610352151,COCOLI3L2151,COCA COLA LIGHT 3L,"3.890,00"
BEBIDAS,7801610000595,COCA590595,COCA COLA LIGHT 591ML,"1.590,00"
BEBIDAS,7801610022122,CC352122,COCA COLA LIGHT LATA 350ML,"1.290,00"
Sin Tipo,7801610022283,CC2L2283,COCA COLA LIGHT RETORNABLE 2L,"2.290,00"
BEBIDAS,7801610001622,CC1622,"COCA COLA NORMAL 1,5L","2.490,00"
BEBIDAS,7801610001523,CC1523,"COCA COLA NORMAL 2,5L","2.500,00"
BEBIDAS,7801610323236,CC3236,COCA COLA NORMAL 3L,"3.890,00"
BEBIDAS,7801610000571,CC0571,COCA COLA NORMAL 591ML,"1.590,00"
BEBIDAS,7801610001196,CC1196,COCA COLA NORMAL LATA 350CC,"1.290,00"
BEBIDAS,7801610001295,CC2L1295,COCA COLA NORMAL RETORNABLE 2L,"2.290,00"
BEBIDAS,7801610305287,CC2L5287,COCA COLA SIN AZUCAR 2L,"2.890,00"
CANDYLAND,04936509,CC356509,COCA COLA VAINILLA 355CC,"1.990,00"
BEBIDAS,7801610350409,CC0409,"COCA COLA ZERO 1,5L","2.490,00"
BEBIDAS,7801610350850,CC0850,"COCA COLA ZERO 2,5L","2.500,00"
BEBIDAS,7801610305560,CC5560,COCA COLA ZERO 3L,"3.890,00"
BEBIDAS,7801610000601,CC590601,COCA COLA ZERO 591ML,"1.590,00"
BEBIDAS,7801610880159,COCOEX230104,COCA COLA ZERO EXPRESS 237ML,690
BEBIDAS,7801610350355,CC0355,COCA COLA ZERO LATA 350CC,"1.290,00"
BEBIDAS,7801610350256,CC2L0256,COCA COLA ZERO RETORNABLE 2L,"2.290,00"
PASTELERIA,77634688536681,C16681,COCADA 1U,800
PASTELERIA,77824913707917,C17917,COCADAS 1U,800
PASTELERIA,7809513018020,CC158020,COCKTAIL CLARISA 15U,"6.500,00"
BOTILLERIA,8411640001043,CS271043,COCKTAIL SPIRIT LIMON 275CC,"2.190,00"
BOTILLERIA,8411640010892,CS270892,COCKTAIL SPIRIT MANZANA 275CC,"2.190,00"
BOTILLERIA,8411640010908,SP270908,COCKTAIL SPIRIT PASSION FRUIT 275CC,"2.190,00"
DESPENSA,7801800100043,CD820043,COCKTEL DE FRUTAS ACONCAGUA 820GR,"4.390,00"
DESPENSA,7802410004554,CR354554,COCO RALLADO GOURMET 350G,"4.390,00"
DULCES Y CHOCOLATES,7591016871089,CONE501089,COCOSETTE NESTLE 50G,990
BOTILLERIA,7802175453956,CC703956,COCTEL CAMPANARIO CHIRIMOYA COLADA 700CC,"6.190,00"
BOTILLERIA,7802175001966,CACODEMO701966,COCTEL CAMPANARIO COLA DE MONO 700CC,"5.690,00"
BOTILLERIA,7802175455981,CC705981,COCTEL CAMPANARIO MANGO COLADO 700CC,"6.190,00"
BOTILLERIA,7802175453222,CADEPICAMASO7003222,COCTEL CAMPANARIO MANGO SOUR 700CC,"5.890,00"
BOTILLERIA,7802175000228,CC700228,COCTEL CAMPANARIO PIÑA COLADA 700CC,"6.190,00"
BOTILLERIA,7802175003496,CC703496,COCTEL CAMPANARIO SOUR 700ML,"6.490,00"
BOTILLERIA,7802175002697,COCATO702697,COCTEL CAMPANARIO TOFFEE 14° 700CC,"6.890,00"
BOTILLERIA,7802110001112,CC701112,COCTEL CAPEL CHIRIMOYA COLADA 700CC,"6.190,00"
BOTILLERIA,7802110003512,CC703512,COCTEL CAPEL MANJAR LUCUMA 700CC,"6.690,00"
BOTILLERIA,7802110003475,CC703474,COCTEL CAPEL MOCCA CREAM 700CC,"6.690,00"
BOTILLERIA,7802110001228,CC701228,COCTEL CAPEL TOFFE CREAM 700CC,"6.490,00"
DESPENSA,7801305101354,CD561354,COCTEL DE FRUTAS WASIL 560G,"3.890,00"
BOTILLERIA,7802110001051,CM701051,COCTEL MANGO COLADA CAPEL 700CC,"6.490,00"
BOTILLERIA,7802175453321,CM1L3321,COCTEL MANGO SOUR CAMPANARIO 1L,"7.090,00"
BOTILLERIA,8411640001371,CS271371,COKTAIL SPIRIT BLUEBERRY 275CC,"2.190,00"
BOTILLERIA,8411640011714,CS271714,COKTAIL SPIRIT CHERRY 275CC,"2.190,00"
BOTILLERIA,8411640001029,CS271029,COKTAIL SPIRIT GIN LEMON 275CC,"2.190,00"
BOTILLERIA,8411640001012,CS271012,COKTAIL SPIRIT GIN TONIC 275CC,"2.190,00"
BOTILLERIA,8411640001340,CS271340,COKTAIL SPIRIT MOJITO 275CC,"2.190,00"
BOTILLERIA,8411640001036,CS271036,COKTAIL SPIRIT ORANGE 275CC,"2.190,00"
BOTILLERIA,8411640001098,CS271098,COKTAIL SPIRIT PIÑA 275CC,"2.190,00"
BOTILLERIA,8411640012308,CS332308,COKTAIL SPIRIT PIÑA 330CC,"2.190,00"
DESPENSA,7802635000478,CC180478,COLA CAO FRUTILLA 180G,"1.890,00"
LACTEOS,7802420007088,COCA407088,COLA CAO ORIGINAL 400G,"3.890,00"
BOTILLERIA,7804671160314,76660385054661,COLA DE MONO LA PIZKA 1L,"14.990,00"
HELADOS,7613033495335,CD1U5335,COLA DE TIGRE 1U,700
MENAJE Y LIBRERIA,7807265008146,CF228146,COLA FRIA PROARTE 225G,"1.790,00"
DESPENSA,7802635001086,CI101086,COLACAO INSTANTANEO 1000G,"8.890,00"
DESPENSA,7802635000652,CI180652,COLACAO INSTANTANEO 180G,"2.090,00"
DESPENSA,7613036653961,CD113961,COLADO DE CARNE Y VERDURAS 115G,"2.190,00"
DESPENSA,7613036749565,CD119565,COLADO DE POLLO Y VERDURAS 115G,"2.990,00"
DESPENSA,8445291427303,CP207303,COLADO DE POLLO Y VERDURAS 205G,"2.990,00"
DESPENSA,7613030264040,CN214040,COLADO NESTLE CARNE Y VERDURAS 215G,"2.990,00"
BEBES,8445291769885,CN209885,COLADO NESTLE NATURNES CARNES Y VERDURAS 205GR,"3.090,00"
BEBES,8445291770218,CN200218,COLADO NESTLE NATURNES POLLO VERDURAS 205GR,"3.090,00"
DESPENSA,7613030264088,CN214088,COLADO NESTLE POLLO Y VERDURAS 215G,"2.990,00"
BEBES,7506475110297,CO100297,COLADO ORGANICO MANGO NARTURNES 100G,"1.490,00"
BEBES,7506475110303,CO100303,COLADO ORGANICO MANZANA NARTURNES 100G,"1.490,00"
CASA Y JARDIN,857294000090,CP100090,COLADOR PLÁSTICO ILKO 10CM,"3.290,00"
CASA Y JARDIN,857294000113,COPL188572,COLADOR PLASTICO ILKO 18CM,"3.890,00"
DESPENSA,7802410363002,CG123002,COLAPEZ GOURMET 5 HOJAS 12G,"1.890,00"
HIGIENE Y CUIDADO PERSONAL,8901314837899,CE1U7899,COLGATE EXTRA CLEAN MEDIO 1U,"1.290,00"
HIGIENE Y CUIDADO PERSONAL,7804945007567,CA127567,COLONIA AMARILLA BABYLAND 125ML,"2.690,00"
BEBES,7804945076211,CL126211,"COLONIA LILA BABYLAND 12,5ML","2.690,00"
BEBES,7804945076204,CP126204,"COLONIA PINK BABYLAND 12,5ML","2.690,00"
BEBES,7804945007505,CV127505,"COLONIA VERDE BABYLAND 12,5ML","2.690,00"
MASCOTAS,12345114,CD1K5114,COMIDA DE PERRO GRANEL MCH 1K,"2.290,00"
MASCOTAS,12345115,CD1K5115,COMIDA DE PERRO GRANEL PEDIGREE 1K,"3.690,00"
DESPENSA,7802410131373,CM151373,COMINO MOLIDO GOURMET 15G,490
MENAJE Y LIBRERIA,7807265009624,CP1U9624,COMPAS PROARTE 1U,"3.390,00"
DESPENSA,7802200270022,CD900022,COMPOTA DE MANZANA VIVO 90G,690
DESPENSA,7802200270039,CD900039,COMPOTA DE PERA VIVO 90G,690
DESPENSA,7802200270381,CD900381,COMPOTA DE PLATANO VIVO 90G,690
POSTRES,7613037839715,CODU129715,COMPOTA DURAZNO NESTLE 120G,590
POSTRES,7613037839326,COMA129326,COMPOTA MANZANA NESTLE 120G,590
POSTRES,7613037839746,CP129746,COMPOTA PERA NESTLE 120G,590
DESPENSA,7802200270015,CV900015,COMPOTA VIVO DURAZNO 90G,690
DESPENSA,7802200270480,CV90,"COMPOTA VIVO MANZANA, MANGO Y PLATANO 90GR","1.190,00"
DESPENSA,7802200270466,CV900466,COMPOTA VIVO ORGANICA DPA 90GR,"1.090,00"
DESPENSA,7802200270473,CV900473,COMPOTA VIVO ORGNAICO MP 90GR,"1.090,00"
DULCES Y CHOCOLATES,77940810,CBOB810,CONEJO BON O BON,"2.590,00"
DULCES Y CHOCOLATE,77941145,CB111145,CONEJO BON O BON CHOCOLATE 110GR,"2.790,00"
DULCES Y CHOCOLATE,77946607,CR607,CONEJO ROCKLETS,"2.590,00"
HELADO,7804602600360,CH100360,CONOS DE HELADO LA SELECTA 10 UNIDADES,"2.090,00"
GALLETAS,609143266979,COHA106979,COOKIES LA HORA DEL TE 100G,"2.000,00"
USAMARKET,5056357914236,CM1804236,COOKIES M&MS MINI 180GR,"4.490,00"
DULCES Y CHOCOLATES,7802225512886,CB7U2886,CORAZON BON O BON 7U,"2.990,00"
DESPENSA,7750243073172,CG403172,CORBATA GRANDE DON VITTORIO 400G,990
DESPENSA,7802500003023,CL4003023,CORBATAS LUCCHETTI 400GR,"1.290,00"
BOTILLERIA,7891991305679,COOA33,CORONA 0 ALCOHOL 330CC,"1.390,00"
HIGIENE Y CUIDADO PERSONAL,6928972862119,CU1U2119,CORTA UÑAS 1U,"2.190,00"
HIGIENE Y CUIDADO PERSONAL,7891112245341,CC1U5341,CORTAUÑAS CHICO TRAMONTINA 1U,"6.990,00"
HIGIENE Y CUIDADO PERSONAL,7891112245365,CG1U5365,CORTAUÑAS GRANDE TRAMONTINA 1U,"5.590,00"
HIGIENE Y CUIDADO PERSONAL,7823107800211,CI1U0211,CORTAUÑAS INFANTIL 1U,"1.890,00"
CARNICERIA,72989135422497,CCKGH123,CORTE CRIOLLO KG HAMBURGUESAS $2.490,1
CARNICERIA,72989109880034,CCKGLL123,CORTE CRIOLLO KG LOMO LISO $19.990,1
CARNICERIA,72989119796016,CCKGLV123,CORTE CRIOLLO KG LOMO VETADO $21.990,1
CARNICERIA,72989131655393,CCKGPP123,CORTE CRIOLLO KG PUNTA DE PICANA $15.990,1
CARNICERIA,1234540,CP1K4540,COSTILLAR PREMIUM DON RICARDITO 1K,"15.990,00"
CARNICERIA,76895328924151,CS14151,COSTILLAR SUPER CERDO 1.2GR,"17.990,00"
CARNICERIA,7809611711281,CA701281,COSTILLITAS A LA CHILENA SUPER CERDO 700G,"8.390,00"
HIGIENE Y CUIDADO PERSONAL,7730219040513,CA200513,COTIDIAN ABSORVENTE 20U,"6.490,00"
HIGIENE Y CUIDADO,6902023111524,CD201524,COTONITO DE ALGODON AILEDA 200U,"1.990,00"
HIGIENE Y CUIDADO PERSONAL,659525893989,CS1U3989,COTONITOS SOFT CLOUD 1U,"2.290,00"
DULCES Y CHOCOLATES,1234556,CB1U4556,COYAC BON BON BUM 1U,300
USAMARKET,7501056900168,CB0167,COYAC BUBBALOO XTREME MORA AZUL,490
DULCES Y CHOCOLATES,73721367172506,CP172506,COYAC PIN POP 1U,300
GALLETAS,7802225689090,CS909090,CRACKER SABOR MERKEN 90G,690
SNACKS,7802225682107,CS102107,CRACKER SELZ 107G,590
SNACKS,7802225689014,CT909014,CRACKER TRADICIONAL 90G,690
SNACK,7804666810057,CA160057,CRACKERS ACEITUNAS VERDES NAT 160G,"5.390,00"
SNACK,7804666810118,CC800118,"CRACKERS CAJU, PASAS Y JENGIBRE NAT 80G","2.890,00"
SNACK,7804666810064,CC800064,CRACKERS CRAMBERRY Y NUEZ NAT 80G,"2.890,00"
SNACK,7804666810026,CD160026,CRACKERS DATILES Y ALMENDRAS NAT 160G,"5.390,00"
SNACK,7804666810088,CD800088,CRACKERS DATILES Y ALMENDRAS NAT 80G,"2.890,00"
SNACK,7804666810002,CP160002,CRACKERS PISTACHO Y ROMERO NAT 160G,"5.390,00"
SNACK,7804666810095,CP800095,CRACKERS PISTACHO Y ROMERO NAT 80G,"2.890,00"
QUESOS Y FIAMBRES,7804613392896,CC192896,CREAM CHEESE PRESIDENT 190G,"3.990,00"
LACTEOS,7802900960018,74707962683605,CREMA CHANTILLY LIGHT SOPROLE 250G,"5.590,00"
LACTEOS,7802930002580,CC252580,CREMA CHANTILLY QUILLAYES 250G,"4.790,00"
LACTEOS,7802900097011,CC257011,CREMA CHANTILLY SOPROLE 250G,"5.090,00"
HIGIENE Y CUIDADO PERSONAL,7804945015487,CC155487,CREMA CORPORAL DIABETIC SIMONDS 150ML,"2.090,00"
HIGIENE Y CUIDADO PERSONAL,7800004005772,CC355772,CREMA CORPORAL LECHUGA HIDRATACION REPARATIVA 350ML,"4.990,00"
HIGIENE Y CUIDADO PERSONAL,7800004005789,CC355789,CREMA CORPORAL LECHUGA REAFIRMANTE 350ML,"4.990,00"
HIGIENE Y CUIDADO PERSONAL,7804945015371,CC155371,CREMA CORPORAL SIMONDS PIEL ATOPICA 150ML,"2.090,00"
HIGIENE Y CUIDADO PERSONAL,7804945015364,CC155364,CREMA CORPORAL SIMONDS Q10 REAFIRMANTE 150ML,"2.190,00"
HIGIENE Y CUIDADO PERSONAL,7804945015272,CC405272,CREMA CORPORAL SIMONDS Q10 REAFIRMANTE 400ML,"6.390,00"
HIGIENE Y CUIDADO PERSONAL,7804945015357,CC155357,CREMA CORPORAL SIMONDS UREA 10 150ML,"2.090,00"
BOTILLERIA,7802150000991,CD750991,CREMA DE CASSIS MITJANS 750CC,"8.390,00"
DESPENSA,7803700012259,CD602259,CREMA DE CHOCLO NATUREZZA 60GR,"1.390,00"
DESPENSA,7801534003146,CD393146,CREMA DE COCO DEYCO 396G,"4.190,00"
LACTEOS,7802920000435,CRLE1L0435,CREMA DE LECHE BATIDA COLUN 1L,"6.490,00"
LACTEOS,7613032414580,CD154580,CREMA DE LECHE NESTLE 157G,"1.690,00"
DESPENSA,7802950022322,CD202322,CREMA DE LECHE NESTLE 200ML,"1.790,00"
LACTEOS,7613032415679,CD235679,CREMA DE LECHE NESTLE 236G,"2.890,00"
LACTEOS,7896034630442,CD200442,CREMA DE LECHE PARMALAT 200G,"1.190,00"
LACTEOS,7802900105013,CD205013,CREMA DE LECHE SOPROLE 200G,"1.790,00"
BOTILLERIA,5011013100132,CD750132,CREMA DE LICOR BAILEYS 750CC,"22.990,00"
HIGIENE Y CUIDADO PERSONAL,7891024000427,CD600427,CREMA DENTAL COLGATE FRESA 60G,"2.290,00"
HIGIENE Y CUIDADO PERSONAL,7509546651057,CD901057,CREMA DENTAL COLGATE LUMINOUS WHITE 90G,"4.390,00"
HIGIENE Y CUIDADO PERSONAL,7891024123188,CD103188,CREMA DENTAL COLGATE MAXWHITE 102G,"3.190,00"
HIGIENE Y CUIDADO PERSONAL,7891024131909,CD501909,CREMA DENTAL COLGATE TRIPLE ACCION 50G,790
HIGIENE Y CUIDADO PERSONAL,7509546000985,CD750985,CREMA DENTAL COLGATE TRIPLE ACCION 75ML,"1.690,00"
HIGIENE Y CUIDADO PERSONAL,7891024034095,CD604095,CREMA DENTAL NIÑOS COLGATE FRESANTASTICO 60G,"1.890,00"
HIGIENE Y CUIDADO PERSONAL,7500435176484,CD406484,CREMA DENTAL ORAL-B CARBON 40G,"1.490,00"
HIGIENE Y CUIDADO PERSONAL,8720181156250,CD756250,CREMA DENTAL PEPSODENT INTEGRAL18 LIMP 75ML,"3.390,00"
HIGIENE Y CUIDADO PERSONAL,8720181156243,CD756243,CREMA DENTAL PEPSODENT INTEGRAL18 SAL 75ML,"3.390,00"
HIGIENE Y CUIDADO PERSONAL,7891150098190,CD756267,CREMA DENTAL PEPSODENT INTREGRAL18 SENS 75ML,"3.390,00"
HIGIENE Y CUIDADO PERSONAL,7805000180881,CD130881,CREMA DENTAL XTRA WHITENING PEPSODENT 130G,"2.590,00"
HIGIENE Y CUIDADO PERSONAL,8002990292139,CD102139,CREMA DEPILATORIA VEET 100ML,"7.990,00"
BEBES,7800018120096,CH200096,CREMA HIPOGLOS 20G,"5.390,00"
DESPENSA,7802920777283,CL207283,CREMA LECHE BATIDA COLUN 200ML,"1.590,00"
LACTEOS,7802920002545,CRLE202545,CREMA LECHE BATIDA COLUN LIGHT 200ML,"1.690,00"
FARMACIA,7800004002511,74673260682383,CREMA LECHUGA ANTIEDAD,"2.490,00"
HIGIENE Y CUIDADO PERSONAL,7800004000937,CRLE110937,CREMA LECHUGA SOFT 110ML,"4.590,00"
DESPENSA,7802950004571,CM794571,CREMA MAGGI CHOCLO 79G,790
DESPENSA,7613035722958,CM642958,CREMA MAGGI ESPARRAGOS 64G,890
DESPENSA,7802950006735,CM686735,CREMA MAGGI ESPARRAGOS 68G,890
DESPENSA,7802950006766,74675492263431,CREMA MAGGI SABOR POLLO 72G,690
LIMPIEZA,8690637509476,CC459476,CREMA MULTIUSO CIF 450G,"1.990,00"
LIMPIEZA,7791290792500,CM752500,CREMA MULTIUSO CIF 750G,"2.990,00"
LIMPIEZA,7791290795235,CM685235,CREMA MULTIUSO CIF 680G,"2.490,00"
HIGIENE Y CUIDADO,4005808315680,CN1225680,CREMA NIVEA MILK NUTRITIVA 122G,"3.290,00"
USAMARKET,4008400404127,CN754127,CREMA NUTELLA AVELLANAS 750GR,"12.990,00"
DULCES Y CHOCOLATES,062020050526,CN520526,CREMA NUTELLA&GO 52G,"2.790,00"
HIGIENE Y CUIDADO PERSONAL,7500435209823,CP159823,CREMA PARA AFEITAR SATINCARE 150ML,"6.190,00"
HIGIENE Y CUIDADO,7500435253062,CP153062,CREMA PARA PEINAR HERBAL ESSENCES LAVANDA RIZOS DEFINIDOS 150ML,"3.990,00"
HIGIENE Y CUIDADO,7500435253048,CP153048,CREMA PARA PEINAR HERBAL ESSENCES SUVIDAD ROSA MOSQUETA 150ML,"3.990,00"
HIGIENE Y CUIDADO,7702006301565,CP301565,CREMA PARA PEINAR SEDAL CELULAS MADRES VEGETALES 300ML,"3.790,00"
HIGIENE Y CUIDADO,7891150040175,CS300175,CREMA PARA PEINAR SEDAL RESTAURACION 300ML,"3.790,00"
DESPENSA,7808704200077,CP400077,CREMA PASTELERA DELICE 400GR,"4.990,00"
HIGIENE Y CUIDADO PERSONAL,7702035435989,CP205989,CREMA PIEL NORMAL LUBRIDERM 200ML,"6.390,00"
CANDYLAND,5410126116953,CRUNBILO406953,CREMA UNTABLE BISCOFF LOTTUS 400G,"8.990,00"
LACTEOS,7802910008267,CV208267,CREMA VEGETAL LONCOLECHE 200ML,"1.890,00"
LACTEOS,7804671930351,CV2000351,CREMA VILAY CLASICA 200ML,"1.790,00"
CONGELADOS,7809611706973,CD106973,CROQUETAS DE POLLO SUPER POLLO 100G,890
SNACKS,7802420010361,CH2000361,CRUNCHIS HORNEADOS TUBOS SABOR QUESO 200GR,"2.290,00"
SNACKS,7802420007347,CM237347,CRUNCHIS MANI 230G,"2.190,00"
SNACKS,7802420010378,CRMAPOPO20,CRUNCHIS MARCO POLO POP'S 200G,"2.290,00"
SNACKS,7802420010354,CRMAPOQU200354,CRUNCHIS MARCO POLO QUESO 200G,"2.290,00"
SNACK,7802420010323,CRMAPOSUDEMA0323,CRUNCHIS MARCO POLO SUFLES DE MANI,"2.290,00"
SNACKS,7802420008122,CP228122,CRUNCHIS POPS TUTTI FRUTI 220G,"2.290,00"
SNACKS,7802420010347,CRSUDEPA200347,CRUNCHIS SUFLE DE PAPA 200G,"2.290,00"
SNACKS,7802420008092,CS228092,CRUNCHIS SUFLE DE PAPA 220G,"2.190,00"
SNACKS,7802420008108,CS228108,CRUNCHIS SUFLES QUESO 220G,"2.190,00"
SNACKS,7802420008115,CT228115,CRUNCHIS TUBOS QUESO 220G,"2.190,00"
BEBIDAS,7801620330132,CN0132,CRUSH NORMAL LATA 350CC,"1.190,00"
BEBIDAS,7801620330248,CO2L0248,CRUSH ORANGE 2L,"2.490,00"
CANDYLAND,078000014006,CRPE354006,CRUSH PEACH 355ML,"1.990,00"
BEBIDAS,7801620853204,CZ3204,"CRUSH ZERO 1,5L","2.190,00"
BEBIDAS,7801620853181,CZ3181,CRUSH ZERO LATA 350CC,"1.190,00"
BEBIDAS,7801620853198,CZ2L3198,CRUSH ZERO  2L,"2.790,00"
MENAJE Y LIBRERIA,7806505018211,CT108211,CUADERNO TORRE UNIVERSITARIO 100H,"2.890,00"
MENAJE Y LIBRERIA,7806505971622,CU101622,CUADERNO UNIVERSITARIO CLASICO LOTUS 100H,"2.890,00"
MENAJE Y LIBRERIA,7806505055391,CU105391,CUADERNO UNIVERSITARIO FAUNA 100H,"2.890,00"
MENAJE Y LIBRERIA,7806505054004,CU1U4004,CUADERNO UNIVERSITARIO MATEMATICA COLON 1U,"1.790,00"
MENAJE Y LIBRERIA,7806505018266,CU108266,CUADERNO UNIVERSITARIO TORRE ANIMAL PETS 100H,"2.890,00"
PASTELERIA,77634695267937,CD17937,CUADRITO DE HOJALDRE 1U,"1.200,00"
MENAJE Y LIBRERIA,6952006460781,CE6P0781,CUBRE ENCHUFES PARENTS CHOICE 6P,"3.190,00"
MENAJE Y LIBRERIA,7805475005566,CB205566,CUCHARA BIO ELY 20U,"3.390,00"
MENAJE Y LIBRERIA,1234513,CS124513,CUCHARA SOPERA 12U,"4.990,00"
MENAJE Y LIBRERIA,1234514,CT124514,CUCHARA TE 12U,"4.990,00"
MENAJE Y LIBRERIA,6094622067279,CD107279,CUCHARAS DE MADERA COTILLON&CARNAVAL 10U,"2.290,00"
MENAJE Y LIBRERIA,7805475005542,CB205542,CUCHILLO BIO ELY 20U,"3.390,00"
FERRETERIA,7804628247549,CC1U7549,CUCHILLO CARTONERO + RASPADOR HT 1U,"2.190,00"
FERRETERIA,7800155165981,CP1U5981,CUCHILLOS PARA CARNE 1U,"11.490,00"
PASTELERIA,72989090843728,CBBL123,CUCHUFLI BAÑADO BLANCO,"1.700,00"
PASTELERIA,72989092987907,CBCDL123,CUCHUFLI BAÑADO CHOCOLATE DE LECHE,"1.700,00"
GALLETAS,73781050565841,CUBA4U,CUCHUFLI BARQUILLO 4U,"1.000,00"
DULCES Y CHOCOLATES,7802245000837,CB30837,CUCHUFLI BITTER SIN AZUCAR 3U,"2.590,00"
DULCES Y CHOCOLATES,7802245000783,CB30783,CUCHUFLI ENTRELAGOS CHOCOLATE BLANCO 3U,"2.590,00"
DULCES Y CHOCOLATES,7802245000882,CE30882,CUCHUFLI ENTRELAGOS MANJAR 57% CACAO 3U,"2.490,00"
PASTELERIA,7809513017115,CC827115,CUCHUFLIES CLARISA DE CURCAVI 82GR,"3.000,00"
DESPENSA,7802410004332,CM100,CURCUMA MOLIDA GOURMET 100GR,"4.190,00"
DESPENSA,7802420004773,CE154773,CURRY EN POLVO 15GR,390
DESPENSA,7802575031181,CUCA251181,CUSCUS CAROZZI 250G,"2.590,00"
HELADOS,7613035407145,D21U7145,DANKY 21 1U,"2.300,00"
HELADOS,7613035421592,DS1U1592,DANKY SAHNE- NUSS 1U,"2.300,00"
HELADOS,8445291971431,DV7U1431,DANKY VAINILLA Y CHOCOLATE 1U,"2.300,00"
SNACKS,7802000015168,DT125168,DE TODITO 120GR,"1.390,00"
SNACKS,7802000018251,DT2208251,DE TODITO DULCE 220GR,"3.590,00"
SNACKS,7802000020261,DT295182,DE TODITO EVERCRIPS ORIGINAL 275G,"3.490,00"
SNACK,7802000020278,DT270278,DE TODITO EVERCRIPS SABOR QUESO 275G,"3.490,00"
SNACKS,7802000016448,DT126448,DE TODITO ORIGINAL 120G,"1.690,00"
SNACKS,7802000015199,DT295199,DE TODITO QUESO EVERCRISP 290G,"3.590,00"
DESPENSA,7802410101819,DM101819,DECORACION MULTICOLOR 100G,"1.590,00"
PASTELERIA,77634703254093,DD14093,DELICIA DE MANJAR O MERMELADA 1U,"1.300,00"
PASTELERIA,7803495004569,DD4U4569,DELICIAS DE DAMASCO PULMAHUE 4 UNIDADES,"3.290,00"
PASTELERIA,7803495002213,DF4U2213,DELICIAS DE FRAMBUESA PULMAHUE 4 UNIDADES,"3.290,00"
MASCOTAS,7797453971836,DP3U1836,DENTASTIX PEDIGREE TRIPLE ACCION MEDIANO 3U,"1.690,00"
MASCOTAS,7797453971843,DP7U1843,DENTASTIX PEDIGREE TRIPLE ACCION MEDIANO 7U,"3.190,00"
MASCOTAS,7896029052334,DP7U2334,DENTASTIX PEDIGREE TRIPLE ACCION PEQUEÑO 7U,"2.890,00"
MASCOTAS,7797453973458,DR3U3458,DENTASTIX RAZA GRANDE 3U,"3.090,00"
MASCOTAS,7896029052327,DR3U2327,DENTASTIX RAZA PEQUEÑO 3U,"1.390,00"
LACTEOS,7802920011219,DECO301219,DESAYUNOW COLUN 330ML CHOCOLATE,"1.690,00"
LACTEOS,7802920011226,DECO301226,DESAYUNOW COLUN 330ML MANZANA,"1.590,00"
LIMPIEZA,7790990003039,DEMA503039,DESENGRASANTE MAGISTRAL 500ML,"3.390,00"
LIMPIEZA,7805040000705,DI360705,DESINFECTANTE IGENIX LAVANDA 360ML,"3.790,00"
LIMPIEZA,7805040004208,DI484208,DESINFECTANTE IGENIX TRADICIONAL 480CC,"4.490,00"
LIMPIEZA,7805040001016,DI361016,DESINFECTANTE IGENIX TRADICIONAL  360ML,"3.790,00"
LIMPIEZA,7805040000699,DI360699,DESINFECTANTE IGENIX VAINILLA 360ML,"3.790,00"
HIGIENE Y CUIDADO PERSONAL,7509546004471,DELASPSTWIFR454471,DESODORANT LADY SPEED STICK WILD FREESIA 45G,"5.590,00"
LIMPIEZA,7805040000613,DA220613,DESODORANTE AMBIENTAL AROM LLUVIA DE FLORES 225G,"2.190,00"
LIMPIEZA,7793253004248,DA364248,DESODORANTE AMBIENTAL BRISA PRIMAVERA POETT 360ML,"2.690,00"
LIMPIEZA,7790520998293,DA368293,DESODORANTE AMBIENTAL CAR. ALGODON GLADE 360CC,"3.290,00"
LIMPIEZA,7793253004323,DA364323,DESODORANTE AMBIENTAL ESPIRITU JOVEN POETT 360ML,"2.190,00"
LIMPIEZA,7793253004231,DA364231,DESODORANTE AMBIENTAL LAVANDA POETT 360ML,"2.690,00"
LIMPIEZA,7790520996138,DA1U6138,DESODORANTE AMBIENTAL LIMON GLADE 1U,"7.090,00"
LIMPIEZA,7790520998248,DA368248,DESODORANTE AMBIENTAL MAÑANA DE CAMPO GLADE 360CC,"3.290,00"
LIMPIEZA,7793253004279,DA364279,DESODORANTE AMBIENTAL SOLO PARA TI POETT 360ML,"2.690,00"
HIGIENE Y CUIDADO PERSONAL,7804900632506,DA302506,DESODORANTE ANTITRANSPIRANTE ETIQUET 30G,"3.190,00"
HIGIENE Y CUIDADO PERSONAL,7804900632452,DEANETWO602452,DESODORANTE ANTITRANSPIRANTE ETIQUET WOMEN 60G,"6.090,00"
HIGIENE Y CUIDADO PERSONAL,7791293049489,DA159489,DESODORANTE ANTITRANSPIRANTE REXONA 150ML,"4.790,00"
HIGIENE Y CUIDADO PERSONAL,7791293043739,DA153814,DESODORANTE AXE APOLLO 152ML,"4.090,00"
HIGIENE Y CUIDADO PERSONAL,7791293043746,DA143746,DESODORANTE AXE BLACK ANTITRANSPIRANTE SPRAY 142ML,"4.490,00"
HIGIENE Y CUIDADO PERSONAL,7791293044040,DA144040,DESODORANTE AXE BPEACE EN SECO SPRAY 142ML,"3.890,00"
HIGIENE Y CUIDADO PERSONAL,7791293043722,DA143722,DESODORANTE AXE DARK SPRAY 142ML,"4.490,00"
HIGIENE Y CUIDADO PERSONAL,7791293043791,DA153791,DESODORANTE AXE MARINE 150ML,"4.090,00"
HIGIENE Y CUIDADO PERSONAL,7791293043814,DA143814,DESODORANTE AXE MARINE SPRAY 142ML,"4.490,00"
HIGIENE Y CUIDADO PERSONAL,7791293043807,DA153807,DESODORANTE AXE MUSK 150ML,"4.090,00"
HIGIENE Y CUIDADO PERSONAL,75046224,DB456224,DESODORANTE BARRA DOVE MEN CARE INVISIBLE DRY 45G,"4.790,00"
HIGIENE Y CUIDADO PERSONAL,75076696,DB456696,DESODORANTE BARRA DOVE MEN CARE PROTECCION TOTAL 45G,"4.790,00"
HIGIENE Y CUIDADO PERSONAL,75076702,DB456702,DESODORANTE BARRA DOVE MEN CARE SPORT FRESH 45G,"4.790,00"
HIGIENE Y CUIDADO PERSONAL,75062859,DB452859,DESODORANTE BARRA DOVE TONO UNIFORME COCO 45G,"4.890,00"
HIGIENE Y CUIDADO PERSONAL,7791293048529,DD158529,DESODORANTE DOVE ANTITRANSPIRANTE INVISIBLE DRY 150ML,"4.890,00"
HIGIENE Y CUIDADO PERSONAL,75068493,DD508493,DESODORANTE DOVE BARRA NUTRITIVE MATCHA Y FLOR DE SAKURA 50G,"3.890,00"
HIGIENE Y CUIDADO PERSONAL,75062835,DD452835,DESODORANTE DOVE BARRA ORIGINAL 45G,"4.890,00"
HIGIENE Y CUIDADO PERSONAL,75062828,DD452828,DESODORANTE DOVE EN BARRA TONO UNIFORME CALENDULA 45GR,"4.990,00"
HIGIENE Y CUIDADO PERSONAL,7791293048505,DD158505,DESODORANTE DOVE GO FRESH 150ML,"4.990,00"
HIGIENE Y CUIDADO PERSONAL,75062842,DOIN452842,DESODORANTE DOVE INVISIBLE DRY 45G,"4.990,00"
HIGIENE Y CUIDADO PERSONAL,7791293048000,DD158000,DESODORANTE DOVE MEN CARE 72H  150ML,"4.990,00"
HIGIENE Y CUIDADO PERSONAL,75031060,DD501060,DESODORANTE DOVE MEN CARE CUIDADO TOTAL 50G,"4.690,00"
HIGIENE Y CUIDADO PERSONAL,7791293048017,DD158017,DESODORANTE DOVE MEN CARE EXTRA FRESH 150ML,"4.990,00"
HIGIENE Y CUIDADO PERSONAL,7791293022819,DN152819,DESODORANTE DOVE MEN CARE INVISIBLE DRY 150ML,"5.190,00"
HIGIENE Y CUIDADO PERSONAL,7791293048468,DD158468,DESODORANTE DOVE ORIGINAL 150ML,"4.990,00"
HIGIENE Y CUIDADO PERSONAL,7791293033273,DD153273,DESODORANTE DOVE SENSITIVE 150ML,"4.990,00"
HIGIENE Y CUIDADO PERSONAL,7506306241183,DD151183,DESODORANTE DOVE SPRAY 150ML,"4.890,00"
HIGIENE Y CUIDADO PERSONAL,7791293043821,DE153821,DESODORANTE EN AEROSOL BLACK AXE 152ML,"4.090,00"
HIGIENE Y CUIDADO PERSONAL,7791293041148,DE151148,DESODORANTE EN AEROSOL FREESTYLE AXE 152ML,"4.090,00"
HIGIENE Y CUIDADO PERSONAL,75038687,DE508687,DESODORANTE EN BARRA MEN XTRA COOL REXONA 50ML,"4.690,00"
HIGIENE Y CUIDADO PERSONAL,7501035907577,DE507577,DESODORANTE EN BARRA SPEED STICK CLASSIC 50G,"5.790,00"
HIGIENE Y CUIDADO PERSONAL,7791293045108,DM155108,DESODORANTE MEN XTRACOOL REXONA 150CC,"3.790,00"
HIGIENE Y CUIDADO PERSONAL,4005900036711,DN156711,DESODORANTE NIVEA MEN BLACK& 150ML,"4.690,00"
HIGIENE Y CUIDADO PERSONAL,4005808837311,DN157311,DESODORANTE NIVEA PEARL BEAUTY 48HRS 150ML,"4.690,00"
HIGIENE Y CUIDADO,7501001163983,DO503983,DESODORANTE OLD SPICE FRESH 50G,"2.590,00"
HIGIENE Y CUIDADO PERSONAL,7501001309060,DO509060,DESODORANTE OLD SPICE VIP EN BARRA 50GR,"4.490,00"
HIGIENE Y CUIDADO PERSONAL,7804910019434,DP809434,DESODORANTE PIES BROOKS 80G,"2.990,00"
HIGIENE Y CUIDADO PERSONAL,7804902027294,DP807294,DESODORANTE PIES BROOKS 80G,"2.990,00"
HIGIENE Y CUIDADO PERSONAL,7805000784027,DP504027,DESODORANTE POWDER DRY REXONA 50G,"4.090,00"
HIGIENE Y CUIDADO PERSONAL,7791293032443,DR152443,DESODORANTE REXONA ACTIVE EMOCION 150ML,"4.690,00"
HIGIENE Y CUIDADO PERSONAL,75029982,DR509982,DESODORANTE REXONA ACTIVE EMOTION BARRA 50G,"4.990,00"
HIGIENE Y CUIDADO PERSONAL,7791293049465,DR159465,DESODORANTE REXONA ANTITRANSPIRANTE MEN SPRAY 150ML,"4.990,00"
HIGIENE Y CUIDADO PERSONAL,78004498,DR504498,DESODORANTE REXONA BAMBOO & ALOE VERA BARRA 50G,"4.890,00"
HIGIENE Y CUIDADO PERSONAL,7506306214972,DR154971,DESODORANTE REXONA CLINICAL CLEAN SPRAY 150ML,"7.490,00"
HIGIENE Y CUIDADO PERSONAL,7791293022635,DR152635,DESODORANTE REXONA HOMBRE INVISIBLE 72HRS DE PROTECCION 150ML,"4.890,00"
HIGIENE Y CUIDADO PERSONAL,75028978,DR508978,DESODORANTE REXONA INVISIBLE BARRA 50G,"4.890,00"
HIGIENE Y CUIDADO PERSONAL,75053475,DR503475,DESODORANTE REXONA INVISIBLE EN BARRA 50G,"4.790,00"
HIGIENE Y CUIDADO PERSONAL,079400300546,DEREMECLI3X0546,DESODORANTE REXONA MEN CLINICAL 3X,"8.390,00"
HIGIENE Y CUIDADO PERSONAL,75024956,DR504956,DESODORANTE REXONA V8 BARRA  50G,"4.890,00"
HIGIENE Y CUIDADO PERSONAL,7791293049526,DR159526,DESODORANTE REXONA WOMAN INVISIBLE SPRAY 150ML,"4.990,00"
HIGIENE Y CUIDADO PERSONAL,7791293049601,DEREXT72159601,DESODORANTE REXONA XTRACOOL 72HR 150ML,"4.990,00"
HIGIENE Y CUIDADO PERSONAL,7500435129374,DS459374,DESODORANTE SECRET GEL ALGODON 45GR,"4.490,00"
HIGIENE Y CUIDADO PERSONAL,7500435213417,DS453417,DESODORANTE SECRET GEL COCONUT 45GR,"4.490,00"
HIGIENE Y CUIDADO,7500435129367,DS459367,DESODORANTE SECRET GEL LAVANDA 45GR,"4.490,00"
HIGIENE Y CUIDADO PERSONAL,7500435156356,DS456356,DESODORANTE SECRET GEL VAINILLA 45GR,"4.490,00"
FARMACIA,7500435143196,DS453196,DESODORANTE SECRET PH BALANCED LAVANDER 45G,"4.890,00"
HIGIENE Y CUIDADO PERSONAL,7500435143189,DESEPOPRCO3189,DESODORANTE SECRET POWDER PROTET COTTON,"4.890,00"
HIGIENE Y CUIDADO PERSONAL,7509546063676,DS913676,DESODORANTE SPEED STIK 91GR,"5.590,00"
HIGIENE Y CUIDADO PERSONAL,7509546063645,DESPSPSTX5913645,DESODORANTE SPRAY SPEED STICK X5 91G,"5.590,00"
HIGIENE Y CUIDADO PERSONAL,7791293041773,DW151773,DESODORANTE WOMEN POWDER DRY REXONA 150CC,"3.790,00"
HIGIENE Y CUIDADO,7791293051796,DD551796,DESODORATE DOVE MEN CARE CLINICAL 96HR 55ML,"2.290,00"
LIMPIEZA,7791290792043,DA502043,DETERGENTE ALA (OMO) LIQUIDO PARA DILUIR 500ML,"7.190,00"
LIMPIEZA,7500435244077,DEAR704077,DETERGENTE ARIEL CONCENTRADO 700ML,"6.690,00"
LIMPIEZA,7500435195485,DA405485,DETERGENTE ARIEL DOBLE PODER 400G,"2.690,00"
LIMPIEZA,7500435111287,DA801287,DETERGENTE ARIEL DOWNY 800G,"3.590,00"
LIMPIEZA,7500435172035,DA802035,DETERGENTE ARIEL LIQUIDO DOBLE PODER 800ML,"8.790,00"
LIMPIEZA,7500435111270,DA4001270,DETERGENTE ARIEL ROPA BLANCA Y COLOR 400GR,"2.090,00"
LIMPIEZA,6902088981179,DD11179,DETERGENTE DRIVE EXPERT CONCENTRADO 1L,"4.990,00"
LIMPIEZA,7500435120623,DL400623,DETERGENTE LIQUIDO ARIEL 400ML,"1.290,00"
LIMPIEZA,7500435160544,DL180544,"DETERGENTE LIQUIDO DOBLE PODER ARIEL 1,8L","15.490,00"
LIMPIEZA,7805000323660,DL455167,DETERGENTE LIQUIDO OMO 450ML,"1.990,00"
LIMPIEZA,7791290007024,DL3L7024,DETERGENTE LIQUIDO OMO 3L,"15.690,00"
LIMPIEZA,7805000182229,DL3L2229,DETERGENTE LIQUIDO OMO CON SOFT ALOE VERA 3L,"15.690,00"
LIMPIEZA,7805045002223,DL12223,DETERGENTE LIQUIDO POPEYE HIPOALERGENICO 1L,"6.990,00"
LIMPIEZA,7805045000205,DL800205,DETERGENTE LÍQUIDO POPEYE HIPOALERGENICO 800ML,"4.790,00"
LIMPIEZA,7790990003664,DM5003664,DETERGENTE MAGISTRAL 500ML,"5.590,00"
LIMPIEZA,7805000324247,DO804247,DETERGENTE OMO ALOE VERA EN POLVO 800GR,"5.390,00"
LIMPIEZA,7805000313616,DEOMCOALVE403616,DETERGENTE OMO CONCENTRADI ALOE VERA 400G,"2.190,00"
LIMPIEZA,7805000313777,DO403777,DETERGENTE OMO LAVADO A MANO 400G,"1.790,00"
LIMPIEZA,7891150067707,DO507707,DETERGENTE OMO LIQUIDO PARA DILUIR 500ML,"7.190,00"
LIMPIEZA,7791290791466,DO501466,DETERGENTE OMO LIQUIDO PIEL SENSIBLE 500ML,"8.390,00"
LIMPIEZA,7805000323677,DO403677,DETERGENTE OMO LIQUIDO ULTRA POWER DOYPACK 400ML,"2.890,00"
LIMPIEZA,7805000313722,DO403722,DETERGENTE OMO MATIC 400G,"1.790,00"
LIMPIEZA,7805000313715,DO803715,DETERGENTE OMO MATIC 800G,"3.590,00"
LIMPIEZA,7805045000120,DP30120,DETERGENTE POPEYE LIQUIDO 3L,"16.990,00"
LIMPIEZA,7805000324032,DEQUCO204032,DETERGENTE QUIX ULTRA CONCENTRADO 200ML,"1.990,00"
DESPENSA,7801534003184,DC403184,DEYCO COCONUT 400ML,"3.390,00"
DESPENSA,7804627650647,DB220647,DIP BUKA TARTARA 220GR,"3.290,00"
DESPENSA,7804627650449,DB220449,DIP BUKA UNTABLE DE AJO 220GR,"3.290,00"
DESPENSA,7804627650456,DB220456,DIP BUKA UNTABLE DE QUESO 220GR,"3.290,00"
DESPENSA,7804627650463,DB220463,DIP BUKA UNTABLE YOGHUT CIBOULETTE 220GR,"3.290,00"
DESPENSA,7803111003051,DU223051,DIP UNTABLE ALCACHOFA ESPINACA & QUESO PERFECT CHOICE 220G,"4.390,00"
SALUD,7800004261512,DL1U1512,DISFRUTA LIMON 1U,600
SALUD,7800004261505,DC1U1505,DISFTUTA CLASICO 1U,600
MENAJE Y LIBRERIA,7702147247791,D66U7791,DISPLAY 6 COPAS VINO VERSALLES 6U,"6.290,00"
PANADERIA,1234549,DB1U4549,DOBLADITA BREDEN MASTER 1U,"2.400,00"
DESPENSA,8445291239173,DC189173,DOBLE CHOCA MOKA INSTANTANEO NESCARFE 8U 184G,"5.190,00"
DESPENSA,7613033527180,DC147180,DOBLE CHOCA MOKA NESCAFE 8U 140G,"5.490,00"
DULCES Y CHOCOLATES,7802215303036,D13036,DOBLON 16G,290
DESPENSA,8445290950789,DG6U0789,DOLCE GUSTO NESCAFE 6U,"4.990,00"
JUEGOS,73781163353693,DOMI1U,DOMINO 1U,"3.990,00"
JUEGOS,73781160405208,DOCA1U,DOMINO CAJA DE MADERA 1U,"6.990,00"
JUEGOS,1210888304766,DOMA4766,DOMINO MADERA,"7.990,00"
PASTELERIA,1234531,DD1U4531,DONA DE CHOCOLATE 1U,"1.290,00"
PASTELERIA,1234530,DF1U4530,DONA FRAMBUESA 1U,"1.290,00"
PASTELERIA,1234562,DR1U4562,DONUT RELLENO DE AVELLANA 1U,"1.290,00"
PASTELERIA,1234544,DV1U4544,DONUT VAINILLA BREDENMASTER 1U,"1.290,00"
SNACKS,7802000020247,DS1800247,DORITO SWEET CHILI 180GR,"2.590,00"
SNACKS,7802000019449,DO249449,DORITOS 240G 240G,"3.360,00"
SNACKS,7802000015748,DOBO105748,DORITOS BOLSAZA 100G,"1.690,00"
SNACKS,7802000017186,DD207186,DORITOS DE QUESO 200G,"2.390,00"
SNACKS,7802000017094,DD147094,DORITOS DE QUESO 140G,"2.290,00"
SNACKS,7802000020186,DD280186,DORITOS DE QUESO 285G,"3.990,00"
SNACKS,7802000020179,DD2400179,DORITOS DE QUESO MAS INTENSO 240GR,"3.190,00"
SNACKS,7802000020872,DS180872,DORITOS SWICH SABOR CREMA Y CEBOLLA 180GR,"2.590,00"
JUGOS,7804675850006,DK330006,DR KOMBU LIMA FRAMBUESA JENGIBRE 330CC,"2.590,00"
JUGOS,614143151804,DK331804,DR KOMBU MANZANA JENGIBRE 330CC,"2.590,00"
JUGOS,614143151811,DK331811,DR KOMBU MIX DE BERRIES 330CC,"2.590,00"
JUGOS,614143151828,DK331828,DR KOMBU ORIGINAL 330CC,"2.590,00"
BEBIDAS,07895308,DP355308,DR PEPPER CHERRY 355ML,"1.990,00"
CANDYLAND,07831504,DRPEOR351504,DR PEPPER ORIGINAL 355ML,"1.990,00"
BEBIDAS,7804675850037,DR350037,DR. KOMBU INFUSION MANZANA JENGIBRE 355ML,"2.990,00"
BEBIDAS,7804675850044,DR350044,DR. KOMBU INFUSION MIX DE BERRIES 355ML,"2.990,00"
BEBIDAS,7804675850051,DR350051,DR. KOMBU INFUSION ORIGINAL 355ML,"2.990,00"
DULCES Y CHOCOLATE,7802247022356,DA902356,DULCE DE ANIS MERELLO 90GR,"1.690,00"
DESPENSA,7791058010662,DL400662,DULCE DE LECHE MANFREY 400G,"3.190,00"
PASTELERIA,77634708680087,DD10087,DULCE DE MAICENA 1U,"1.600,00"
DESPENSA,7802810034052,DD504052,DULCE DE MEMBRILLO 500G,"2.590,00"
DESPENSA,7802810034045,DD254045,DULCE DE MEMBRILLO WATTS 250G,"1.190,00"
DULCES Y CHOCOLATE,7802247115355,DM905355,DULCE MERELLO CARAMELO ARTESANAL 90GR,"1.290,00"
DULCES Y CHOCOLATE,7802220230266,DS700266,DULCE SUNY 70GR,"1.190,00"
USAMARKET,96619881253,DU11253,DULCE USA 1U,590
DULCES Y CHOCOLATES,7802200134003,DF184003,DULCES FRUGELE 180G,"2.090,00"
DULCES Y CHOCOLATES,7802200134034,DF384034,DULCES FRUGELE 380G,"3.690,00"
DULCES Y CHOCOLATES,7802200130098,DF860098,DULCES FRUGELE 860G,"6.290,00"
DULCES Y CHOCOLATES,7802247530356,DM900356,DULCES MERELLO POROTITOS DE CARAMELO 90GR,"1.190,00"
USAMARKET,7933925,DN473925,DULCES NERDS WATERMELON 47GR,"2.990,00"
CANDYLAND,725226001708,DP301708,DULCES PULPARINDOTS 30G,990
DULCES Y CHOCOLATES,022000018489,DS618489,"DULCES SKITTLES 61,5G","1.490,00"
USAMARKET,4009900580151,DS120151,DULCES STARBURST 127GR,"3.490,00"
DULCES Y CHOCOLATES,7802220021635,DS131635,DULCES SUNY 130G,"1.890,00"
DULCES Y CHOCOLATES,7802200230309,DS150309,DULCES SUNY 150G,"1.990,00"
DULCES Y CHOCOLATE,42276630,DW186630,DUPLO WHITE 18.2G,"1.090,00"
POSTRES,7801800000022,DA590022,DURAZNO ACONCAGUA EN CUBITOS 590GR,"3.090,00"
DESPENSA,7804461000097,DE420097,DURAZNO EN CONSERVA SAN REMO EN CUBITO 425GR,"1.690,00"
DESPENSA,7804461000103,DE420103,DURAZNO EN CONSERVA SAN REMO ENTERO 425GR,"1.690,00"
DESPENSA,7801800108322,DE4U8322,DURAZNO EN CUBITOS ACONCAGUA 4U,"3.890,00"
DESPENSA,7801305002057,DE382057,DURAZNO EN CUBITOS WASIL 380G,"1.590,00"
DESPENSA,7801305004167,DE504167,DURAZNO EN CUBITOS WASIL 500G,"1.990,00"
DESPENSA,7802420008504,DE408504,DURAZNO ESMERALDA EN CUBITO 400GR,"2.890,00"
DESPENSA,7801800100364,DE580364,DURAZNOS EN MITADES ACONCAGUA 580G,"2.590,00"
DESPENSA,7802420008498,DM428498,DURAZNOS EN MITADES ESMERALDA 435G,"2.390,00"
Sin Tipo,1041838404454,ED124454,ELASTICOS DE CABELLO 12U,"2.290,00"
PANADERIA,1234557,ED1U4557,EMPANADA DE MILHOJA QUESO 1U,"2.800,00"
PANADERIA,1234532,EP1U4532,EMPANADA DE PINO CARNE PICADA 1U,"3.200,00"
PANADERIA,76661584829493,ED1,EMPANADA DE QUESO CON CHAMPIÑON 1U,"3.200,00"
CONGELADOS,7809611714398,EL460G4398,EMPANADAS LA CRIANZA ACEITUNA QUESO 460G,"7.490,00"
CONGELADOS,7809611714428,EM464428,EMPANADAS MECHADA QUESO LA CRIANZA 460G,"7.290,00"
CONGELADOS,7809611714404,EQ464404,EMPANADAS QUESO CHAMPIÑON LA CRIANZA 460G,"7.290,00"
CONGELADOS,7891515474157,ES104157,EMPANIZADO SADIA DE POLLO 100GR,"1.090,00"
PASTELERIA,77824921895126,E15126,EMPOLVADOS 1U,"1.200,00"
PASTELERIA,7809513011137,EC61137,EMPOLVADOS CLARISA DE CURACAVI 6U,"4.200,00"
BEBES,7804945007307,EN277307,EMULSIONADO NEUTRO BABYLAND 270ML,"2.190,00"
TABAQUERIA,070330607880,EB1U7880,ENCENDEDOR BIC 1U,890
FERRETERIA,3086123646278,EB17373,ENCENDEDOR BIC EZ RECH 1U,"1.290,00"
TABAQUERIA,8412765508905,EC1U8905,ENCENDEDOR CLIPPER 1U,"1.390,00"
TABAQUERIA,7804612131120,EC1U1120,ENCENDEDOR COLOURLITE MOTIVES RONSON 1U,790
MENAJE Y LIBRERIA,7804612130918,ED1U0918,ENCENDEDOR DE COCINA RONSON 1U,"3.890,00"
FERRETERIA,3377711000283,ED1U0283,ENCENDEDOR DJEEP 1U,"1.990,00"
MENAJE Y LIBRERIA,7809554203386,EE1U3386,ENCENDEDOR ELECTRICO BOSCA 1U,"17.990,00"
TABAQUERIA,7804612131557,ER1U1557,ENCENDEDOR REDONDO RONSON 1U,"1.190,00"
Sin Tipo,7804612132332,ER12332,ENCENDEDOR RONSON 1U,790
MENAJE Y LIBRERIA,7804612131274,ER1U1274,ENCENDEDOR RONSON 1U,790
TABAQUERIA,4895151824911,ER14911,ENCENDEDOR RONSON 1U,790
TABAQUERIA,5011435626203,ER1U6203,ENCENDEDOR RONSON 1U ELECTROLITE,990
TABAQUERIA,5011435624582,ER1U582,ENCENDEDOR RONSON COLOURLITE 1U,690
TABAQUERIA,4891305181039,ER1U1039,ENCENDEDOR RONSON COLOURLITE MOTIVES 1U,790
TABAQUERIA,7804612131373,ER11373,ENCENDEDOR RONSON S&F 1U,790
FERRETERIA,7805050583595,ER1U3595,ENCHUFE RAID MAS TABLETAS 1U,"7.890,00"
DESPENSA,7809558101725,ED271725,ENDULZANTE DAILY STEVIA 270ML,"4.090,00"
DESPENSA,7809558100599,ED270599,ENDULZANTE DAILY SUCRALOSA 270ML,"4.190,00"
DESPENSA,7809558101091,ED271091,ENDULZANTE DAILY TRADICIONAL 270ML,"1.990,00"
DESPENSA,7801505003793,EN253793,ENDULZANTE IANSA CERO K 250ML,"4.590,00"
DESPENSA,7801505001737,EI1801737,ENDULZANTE IANSA ESTEVIA CERO K 180ML,"3.290,00"
DESPENSA,7801505000419,EI250419,ENDULZANTE IANSA STEVIA+SUCRALOSA CERO K 250ML,"4.890,00"
DESPENSA,7801505001720,EI1801720,ENDULZANTE IANSA SUCRALOSA 180ML,"3.290,00"
DESPENSA,7804918401835,EN181835,ENDULZANTE NATURAL STEVIA 180ML,"3.790,00"
DESPENSA,7802410205708,ED105708,ENELDO DESHIDRATADO FRASCO 10G,"1.990,00"
DESPENSA,7802410595380,EG85380,ENELDO GOURMET 8GR,890
BEBIDAS,070847035800,EM5800,ENERGETICA MONSTER MANGO LOCO 473ML,"2.490,00"
BEBIDAS,070847035206,EM5206,ENERGETICA MONSTER ULTRA PARADISE 473ML,"2.490,00"
BEBIDAS,070847896562,EM476562,ENERGETICA MONSTER ENERGY AUSSIE LEMONADE 473ML,"2.490,00"
BEBIDAS,070847009559,EM9559,ENERGETICA MONSTER ENERGY JUICE 473ML,"2.490,00"
BEBIDAS,070847009511,EM9511,ENERGETICA MONSTER ENERGY ORIGINAL 473ML,"2.490,00"
BEBIDAS,070847895268,MOEN475268,ENERGETICA MONSTER ENERGY RIPPER 473ML,"2.490,00"
BEBIDAS,070847021964,EM1964,ENERGETICA MONSTER ENERGY ULTRA 473ML,"2.490,00"
BEBIDAS,070847031406,EM471406,ENERGETICA MONSTER ENERGY ULTRA GOLD 473ML,"2.490,00"
BEBIDAS,070847033219,EM473219,ENERGETICA MONSTER ENERGY ZERO SUGAR 473ML,"2.490,00"
BEBIDAS,7798422620199,EM470199,ENERGETICA MONSTER PIPELINE PUNCH 473CC,"2.490,00"
BEBIDAS,070847890331,EM470331,ENERGETICA MONSTER ULTRA WATERMELON 473ML,"2.490,00"
BEBIDAS,798190202099,EO502099,ENERGETICA ORIGINAL SCORE 5000ML,"1.790,00"
BEBIDAS,798190243177,EO503177,ENERGETICA ORIGINAL SCORE 500ML,"1.790,00"
BEBIDAS,90446245,ER6245,ENERGETICA RED BULL ACAI 250ML,"2.290,00"
BEBIDAS,90415319,ER5319,ENERGETICA RED BULL ARANDANO 250ML,"2.290,00"
BEBIDAS,90454707,ER254707,ENERGETICA RED BULL FRUTA DEL DRAGON 250ML,"2.290,00"
BEBIDAS,90454394,ER4394,ENERGETICA RED BULL GRANADA 250ML,"2.290,00"
BEBIDAS,90446849,ER6849,ENERGETICA RED BULL SANDIA 250ML,"2.290,00"
BEBIDAS,9002490214852,ER4852,ENERGETICA RED BULL SUGAR FREE 250ML,"2.290,00"
BEBIDAS,90424496,ER4496,ENERGETICA RED BULL TROPICAL 250ML,"2.290,00"
BEBIDAS,90474910,ER2504910,ENERGETICA RED BULLS VAINILLA BERRY 250ML,"2.290,00"
BEBIDAS,742832751988,ES501988,ENERGETICA SCORE GORILLA 500CC,"1.790,00"
BEBIDAS,737186248963,ED258963,ENERGY DRINK CALIFORNIA 250ML,"1.590,00"
BEBIDAS,7798422620168,EM4730168,ENERGY MONSTER ULTRA PEACHY KEEN 473ML,"2.490,00"
HIGIENE Y CUIDADO PERSONAL,7891024039625,EB189625,ENJUAGUE BUCAL COLGATE 180 ML,"2.290,00"
HIGIENE Y CUIDADO PERSONAL,7891024136409,EB256409,ENJUAGUE BUCAL COLGATE FRESH MINT ZERO ALCOHOL 250ML,"4.490,00"
HIGIENE Y CUIDADO PERSONAL,7702035430090,EB180090,ENJUAGUE BUCAL LISTERINE 180 ML,"2.290,00"
HIGIENE Y CUIDADO PERSONAL,7702031976387,EB186387,ENJUAGUE BUCAL LISTERINE ANTICARIES ZERO ALCOHOL 180ML,"3.090,00"
HIGIENE Y CUIDADO PERSONAL,7702031563327,EB183327,ENJUAGUE BUCAL LISTERINE ZERO 180 ML,"2.290,00"
HIGIENE Y CUIDADO,7800004000326,EB250326,ENJUAGUE BUCAL ORAL FRESH MENTA FRESCA 250ML,"3.390,00"
HIGIENE Y CUIDADO PERSONAL,7501086453016,ENBUORZEAL503016,ENJUAGUE BUCAL ORAL-B ZERO ALCOHOL 500ML,"8.490,00"
AGUAS,12345116,EB205116,ENVASE BENEDICTINO 20L,"4.490,00"
POSTRES,7802410512325,EG602325,ESCENCIA GOURMET COLA DE MONO 60CC,"2.490,00"
POSTRES,7802410118312,EG608312,ESCENCIA GOURMET DE LIMON 60CC,"2.490,00"
POSTRES,7802410000327,EG600327,ESCENCIA GOURMET DE NARANJA 60CC,"2.490,00"
POSTRES,7802410614319,EG604319,ESCENCIA GOURMET PAN DE PASCUA 60CC,"2.490,00"
DESPENSA,7802410545323,EV105323,ESCENCIA VAINILLA GOURMET 100ML,"1.390,00"
LIMPIEZA,1234546,EP1U4546,ESCOBILLA PARA LAVAR PLASTICA ROJA 1U,"1.790,00"
LIMPIEZA,12345489,EP1U5489,ESCOBILLA PLASTICA CON MANILLA 1U,"1.990,00"
LIMPIEZA,7806810011334,EV1U1334,ESCOBILLON VIRUTEX AZUL 1U,"2.990,00"
DESPENSA,7804610401096,EB331096,ESPARRAGOS BLANCOS GHOSH 330G,"3.890,00"
DESPENSA,7802420510380,EE420380,ESPARRAGOS ENTEROS ESMERALDA 425G,"3.390,00"
CONGELADOS,7801300506505,EL356505,ESPARRAGOS LA CRIANZA CONGELADOS 350GR,"5.090,00"
DESPENSA,7801534001166,EV421166,ESPARRAGOS VERDES DEYCO 425G,"3.590,00"
DESPENSA,7804610401102,EV331102,ESPARRAGOS VERDES GHOSH 330G,"3.390,00"
FERRETERIA,6922073105670,E11U5670,ESPATULA 120MM HYPER TOUGH 1U,"2.290,00"
HIGIENE Y CUIDADO PERSONAL,8588988607203,ESME4P7203,ESPEJOS DE MESA 4 PULGADAS,"2.290,00"
DESPENSA,7750243070010,ED400010,ESPIRAL DE COLORES DON VITTORIO 400G,"1.090,00"
DESPENSA,7750243073141,ED403141,ESPIRAL DON VITTORIO 400G,"1.190,00"
DESPENSA,7802500008042,EA408042,ESPIRALES AL HUEVO TALLIANI 400G,"1.590,00"
DESPENSA,7798031153736,EC403736,ESPIRALES COLISEO 400G,890
DESPENSA,7802500001081,EL4001081,ESPIRALES LUCCHETTI 400GR,"1.290,00"
DESPENSA,7804608222665,ET402665,ESPIRALES TRICOLOR COLISEO 400G,790
LIMPIEZA,7806810004305,EA4U4305,ESPONJA ANTIBACTERIAL 3+1 VIRUTEX 4U,"1.790,00"
LIMPIEZA,7806810002073,ED122073,ESPONJA DE ACERO VIRUTEX 12U,"2.490,00"
LIMPIEZA,7806810103015,EA1U3015,ESPONJA DE ACERO VIRUTEX 1U,"1.290,00"
LIMPIEZA,77526060486447,EE16447,ESPONJA ESPUNITA 1U,790
HIGIENE Y CUIDADO PERSONAL,66600030205,EE1U0205,ESPONJA EXFOLIANTE 1U,"2.990,00"
LIMPIEZA,7808304315850,EM1U5850,ESPONJA METALICA DORADA TEDDY 1U,790
LIMPIEZA,7808304315867,EM1U5867,ESPONJA METALICA TEDDY 1U,990
LIMPIEZA,7806810002332,EM1U2332,ESPONJA METALICA VIRUTEX 1U,490
LIMPIEZA,7806810004145,EM3U4145,ESPONJA MULTIUSO VIRUTEX 3U,"1.990,00"
LIMPIEZA,859547004008,ES1U4008,ESPONJA SCRUB DADDY 1U,"5.290,00"
LIMPIEZA,1234527,ES1U4527,ESPONJA SUELTA 1U,490
LIMPIEZA,7806810104005,EV14005,ESPONJA VIRUTEX LISA 1U,890
LIMPIEZA,7806810015363,EL55262,ESPONJA VIRUTEX LISA CLASICA 5U,"2.490,00"
LIMPIEZA,7806810003612,EV13612,ESPONJA VIRUTEX SPUNITA 1U,"2.490,00"
LIMPIEZA,7805005051315,EF41315,ESPONJAS FIBRO 4U,"1.490,00"
LIMPIEZA,7806810004206,EV44206,ESPONJAS VIRUTEX ANTIBACTERIAL 4U,"3.090,00"
LIMPIEZA,781159797286,EV1U7286,ESPONJAS VIRUTILLAS DE ALAMBRE COCINA 1U,"1.990,00"
FERRETERIA,400008043885,EA203885,ESPUMA AUTOLIMPIANTE NEUMATICO AUTODRIVE 200CC,"4.990,00"
HIGIENE Y CUIDADO PERSONAL,7702018951185,ED151185,ESPUMA DE AFEITAR GILLETTE PRESTOBARBA 150G,"6.190,00"
HIGIENE Y CUIDADO PERSONAL,841058003595,ESAF300359,ESPUMA DE AFEITAR SCHICK 300ML,"7.390,00"
BOTILLERIA,7804320664002,EB754002,ESPUMANTE BRUT SBX 750CC,"6.690,00"
BOTILLERIA,5901617004151,ED754151,ESPUMANTE DALMATINO MANZANA 750CC,"6.290,00"
BOTILLERIA,7802180068046,ED758046,ESPUMANTE DEMI SEC VALDIVIESO 750CC,"7.890,00"
BOTILLERIA,7804320041476,ED751476,ESPUMANTE DEMISEC SBX 750CC,"6.790,00"
BOTILLERIA,7804320763842,ED753842,ESPUMANTE DIABLO SPARKLIG ROSE 750CC,"8.190,00"
BOTILLERIA,7804320763835,ED753835,ESPUMANTE DIABLO SPARKLING BLANC 750CC,"8.190,00"
BOTILLERIA,7808733400127,EF750127,ESPUMANTE FIESTA BRUT 750CC,"6.690,00"
BOTILLERIA,7808733400134,EF750134,ESPUMANTE FIESTA DEMI SEC 750CC,"3.390,00"
BOTILLERIA,7804315011194,EF751194,ESPUMANTE FIESTA DEMI SEC 750CC,"4.390,00"
BOTILLERIA,7808733400141,EF750141,ESPUMANTE FIESTA MOSCATO 750CC,"6.690,00"
BOTILLERIA,017619025188,EL755188,ESPUMANTE LOVE BLACKBERRIES OPERA 750CC,"7.990,00"
BOTILLERIA,8000570435402,EM755402,ESPUMANTE MARTINI ASTI 750CC,"16.490,00"
BOTILLERIA,7804320031477,EM751477,ESPUMANTE MOSCATO SBX 750CC,"6.690,00"
BOTILLERIA,7896072923438,EN6603438,ESPUMANTE NIÑOS SPUNCH SUPER HEROS 660CC,"3.690,00"
BOTILLERIA,7802180002743,EN752743,ESPUMANTE NVY MAQUI BLUEBERRY VALDIVIESO 750CC,"7.990,00"
BOTILLERIA,017619025119,EP755119,ESPUMANTE OPERA PRIMA BLUE MOSCATO 750CC,"7.990,00"
BOTILLERIA,017619025058,EO755058,ESPUMANTE OPERA PRIMA PINK 750CC,"7.290,00"
BOTILLERIA,8000368219801,ER759801,ESPUMANTE RICCADONNA ASTI 750CC,"16.590,00"
BOTILLERIA,7804320758732,ES758732,ESPUMANTE SBX ROSE 750CC,"6.690,00"
BOTILLERIA,7802180068008,ESVAMO758008,ESPUMANTE VALDIVIESO MOSCATO 750CC,"7.890,00"
BOTILLERIA,7804602381443,EV751443,ESPUMANTE VIÑAMAR BRUT NATURE 750CC,"14.190,00"
BOTILLERIA,7804602381528,EV751528,ESPUMANTE VIÑAMAR BRUT ROSE 750CC,"10.790,00"
BOTILLERIA,7804602381191,EV751191,ESPUMANTE VIÑAMAR BRUT UNIQUE 750CC,"9.990,00"
BOTILLERIA,7804602380101,EV0101,ESPUMANTE VIÑAMAR CHARMAT BRUT 750CC,"8.390,00"
BOTILLERIA,7804602380361,EV750361,ESPUMANTE VIÑAMAR DEMI SEC 750CC,"8.390,00"
BOTILLERIA,7804602381085,EV751085,ESPUMANTE VIÑAMAR EXTRA BRUT 750CC,"10.790,00"
BOTILLERIA,7804602381252,EV751252,ESPUMANTE VIÑAMAR ICE SWEET 750CC,"14.990,00"
BOTILLERIA,7804602381511,EV751511,ESPUMANTE VIÑAMAR MOSCATO 750CC,"8.390,00"
BOTILLERIA,7804602381092,EV751092,ESPUMANTE VIÑAMAR ROSE 750CC,"8.390,00"
BOTILLERIA,7804602381405,ER751405,ESPUMANTE VIÑAMAR ROSE ZERO 750CC,"11.593,74"
BOTILLERIA,7804602381375,EV751375,ESPUMANTE VIÑAMAR ZERO 750CC,"9.990,00"
DESPENSA,7802410003588,EM803588,ESTRELLAS MULTICOLOR GOURMET 80G,"2.090,00"
DULCES Y CHOCOLATE,8003340091280,ESCH201280,ESTUCHE CHOCOLATE LINDOR 200G 60% CACAO,"14.090,00"
DULCES Y CHOCOLATE,7610400068505,ESCH208505,ESTUCHE CHOCOLATE LINDOR 200G LECHE,"14.090,00"
DULCES Y CHOCOLATE,7610400068529,ESCH208529,ESTUCHE CHOCOLATE LINDOR 200G SURTIDO,"14.090,00"
DULCES Y CHOCOLATES,7898024395072,EC105072,ESTUCHE CORAZON FERRERO ROCHER 100G,"8.190,00"
BOTILLERIA,850042860342,EL150342,EXTRA LIFE HIDRATACION BERRY BLAST 15G,"1.890,00"
BOTILLERIA,850042860335,EL150335,EXTRA LIFE HIDRATACION LIME SENSATION 15G,"1.890,00"
BOTILLERIA,850042860540,EL150540,EXTRA LIFE HIDRATACION ORANGE MANGO FUSION 15G,"1.890,00"
BOTILLERIA,850042860571,EL150571,EXTRA LIFE HIDRATACION TROPICAL DELIGHT 15G,"1.890,00"
DULCES Y CHOCOLATES,22000014139,EL1U4139,EXTRA LONG LASTING FLAVOR 1U,"2.990,00"
CANDYLAND,022000289599,ER409599,EXTRA REFRESHERS FRUIT MIX 40U,"9.990,00"
PASTELERIA,77634714973600,FD13600,FACTURITA DE HOJALDRE 1U,"1.000,00"
BEBIDAS,7801610002520,F22520,"FANTA 2,5L 2,5L","3.090,00"
BEBIDAS,7801610003077,FA253077,FANTA 2.5L,"2.500,00"
BEBIDAS,7801610002872,FAEX232872,FANTA EXPRES 237ML,490
BEBIDAS,7801610003046,FN2261,"FANTA NORMAL 1,5L","2.490,00"
BEBIDAS,7801610003084,FN3L2650,FANTA NORMAL 3L,"3.890,00"
BEBIDAS,7801610002926,FN591116,FANTA NORMAL 591ML,"1.590,00"
BEBIDAS,7801610002858,FN2193,FANTA NORMAL LATA 350CC,"1.290,00"
BEBIDAS,7801610002285,FN2L2285,FANTA NORMAL RETORNABLE 2L,"2.290,00"
BEBIDAS,7801610002452,FP15L831,"FANTA POMELO 1,5L","2.490,00"
BEBIDAS,7801610285800,FP355800,FANTA POMELO LATA 350CC,"1.290,00"
BEBIDAS,7801610671313,FASIAZ3L1313,FANTA SIN AZUCAR 3L,"3.890,00"
BEBIDAS,7801610591123,FS591123,FANTA SIN AZUCAR 591ML,"1.590,00"
BEBIDAS,7801610671030,FZ151030,"FANTA ZERO 1,5L","2.490,00"
BEBIDAS,7801610671016,FZ351016,FANTA ZERO LATA 350CC,"1.390,00"
DESPENSA,7804608220654,FC400654,FARFALLE COLISEO 400G,790
BOTILLERIA,7790139002879,F1752879,FERNET 1882 750CC,"12.390,00"
BOTILLERIA,7792410533614,FB703614,FERNET BUHERO NEGRO 700CC,"15.290,00"
DULCES Y CHOCOLATES,8000500009673,FERO309673,FERRERO ROCHER 300G,1
DULCES Y CHOCOLATES,8000500032237,FERO372237,FERRERO ROCHER 375G,"25.890,00"
DULCES Y CHOCOLATES,7861002900117,FR8U0117,FERRERO ROCHER 100G 8U,"8.290,00"
DULCES Y CHOCOLATES,78909434,FR379434,"FERRERO ROCHER 3U 37,5G","2.690,00"
DULCES Y CHOCOLATES,7898024397861,FR507861,FERRERO ROCHER 4U 50G,"3.790,00"
MENAJE Y LIBRERIA,3100004377553,F11U7553,FESTONES 18 SEPTIEMBRE 1U,"1.290,00"
DESPENSA,7802575004833,FC404833,FETTUCCINE CAROZZI 88 400G,"1.590,00"
QUESOS Y FIAMBRES,7801907002158,FS252158,FIAMBRE SANDWICH SAN JORGE 250G,"2.290,00"
DESPENSA,7802575006233,FC406233,FIDEOS CAROZZI CORBATITA 400GR,"1.390,00"
DESPENSA,84909000569,FD370569,FIDEOS DE ARROZ COCK BRAND 375GR,"3.790,00"
DESPENSA,7802575040206,FR400206,FIDEOS RAVIOLI CARNE CAROZZI 400G,"3.190,00"
CONGELADOS,7809611720849,FE500849,FILETE EMPANIZADO DE MERLUZA AQUA 500G,"4.890,00"
CARNICERIA,7808749501153,FA6501153,FILETILLO ARIZTIA 650GR,"8.890,00"
CONGELADOS,7809611707468,FD707468,FILETITOS DE PECHUGA SUPER POLLO 700G,"8.290,00"
MENAJE Y LIBRERIA,7801875150455,FP1U0455,FILM PLASTICO ALUPLAST 1U,"1.890,00"
TABAQUERIA,798190257037,FB157037,FILTRO BEM BOLADO CLASICO 6X15 MM 150U,"1.990,00"
TABAQUERIA,798190257044,FB157044,FILTRO BEM BOLADO CLASICO 6X22 MM 150U,"1.990,00"
TABAQUERIA,798190257051,FB157051,FILTRO BEM BOLADO ECO 6X15 MM 150U,"1.990,00"
TABAQUERIA,4002604444767,FG124767,FILTRO GIZEH BIODEGRADABLE XL 6MM 120U,"1.590,00"
TABAQUERIA,4002604344760,FG124760,FILTRO GIZEH MENTHOL 120U,"1.590,00"
TABAQUERIA,4002604034760,FS6M4760,FILTRO SLIM GIZEH 6MM,"1.590,00"
TABAQUERIA,8809348680644,FS100644,FILTRO STREAM SABOR BLUEBERRY 100U,"2.990,00"
TABAQUERIA,8809348680606,FS100606,FILTRO STREAM SABOR MENTA 100U,"2.990,00"
TABAQUERIA,8809348680651,FS100651,FILTRO STREAM SABOR ORANGE 100U,"2.990,00"
TABAQUERIA,8809348680668,FS100668,FILTRO STREAM SAVBOR WATERMELON 100U,"2.990,00"
TABAQUERIA,4002604624763,FX104767,FILTRO XL SLIM FILTERS GIZEH 100U,"1.590,00"
FERRETERIA,HUTS44836,FY4U4836,FILTRO Y TAPON PARA LAVAMANOS 4U,"2.290,00"
TABAQUERIA,4002604374767,FIGI6M4767,FILTROS GIZEH 6MM,"1.590,00"
TABAQUERIA,30104082,FO504082,FILTROS OCB PREPICADO 50U,"1.190,00"
DULCES Y CHOCOLATES,8410525127465,FR207465,FINI ROLLER FRESA 20GR,490
DULCES Y CHOCOLATES,8410525159039,FR9039,FINI ROLLER RAINBOW,490
DULCES Y CHOCOLATES,7898591453168,FT803168,FINI TUBOS SABOR FRUTILLA ACIDA 80G,"1.890,00"
POSTRES,7802900257149,FC127149,FLAN CARAMELO 120G,490
POSTRES,78028753,FC1008753,FLAN COLUN CARAMELO TOFFE 100GR,490
Sin Tipo,78013315,FC103315,FLAN COLUN CHOCOLATE 100GR,490
LACTEOS,78028746,FC108746,FLAN COLUN DEL SUR CHOCOLATE AVELLANA 100GR,590
POSTRES,78028760,FC1008760,FLAN COLUN PANNA COTTA FRUTOS ROJOS 100GR,490
LACTEOS,78013322,FC103322,FLAN COLUN VAINILLA 100GR,490
LACTEOS,7613035493926,FN113926,FLAN NESTLE DE CHOCOLATE 110GR,490
LACTEOS,7613035493957,FLNESAVA113957,FLAN NESTLE SABOR VAINILLA 110G,490
POSTRES,7613035493988,FS113988,FLAN SABOR CARAMELO NESTLE 110G,490
POSTRES,7802900004231,FS114231,FLAN SOPROLE CARAMELO 110GR,490
LACTEOS,7802900004217,FS114227,FLAN SOPROLE CHOCOLATE 110GR,490
POSTRES,7802900004224,FS114224,FLAN SOPROLE VAINILLA 110GR,490
POSTRES,7802900257057,FV127057,FLAN VAINILLA 120G,490
DESPENSA,7802200365803,FV805803,FLAN VIVO CHOCOLATE 80G,"1.590,00"
DESPENSA,7802200365797,FV805797,FLAN VIVO VAINILLA 80G,"1.590,00"
Sin Tipo,6920388695428,FP15428,FLOTADOR PLAYDAY FRUTAS 1U,"4.990,00"
Sin Tipo,6920388695404,FP1,FLOTADOR PLAYDAY PELOTA DE DOPORTE 1U,"4.990,00"
Sin Tipo,6920388695459,FP15459,FLOTADOR PLAYDAY PELOTA DE PLAYA 1U,"4.990,00"
JUEGOS,6920388695411,FA1U5411,FLOTADORES ALITAS PLAY DAY 1U,"4.990,00"
DESPENSA,7803111001644,FA411644,FONDOS ALCACHOFA PERFECT CHOICE 410G,"6.190,00"
DESPENSA,7804507000081,FD100081,FONDOS DE ALCACHOFA 1000G,"9.390,00"
FERRETERIA,1234538,FC1U4538,FOSFOROS COPIHUE 1U,390
FERRETERIA,7806300100227,FOCO250227,FOSFOROS COPIHUE 250U,"2.190,00"
FERRETERIA,7806300100203,FC50203,FOSFOROS COPIHUE X5 CAJITAS 5U,"1.090,00"
FERRETERIA,7806300010021,FC100021,FOSFOROS COPIHUES (10 CAJ.) 10U,"2.290,00"
FERRETERIA,7806300010113,FG150113,FOSFOROS GRAN COPIHUE 150U,990
FERRETERIA,7804603463612,FP153612,FOSFOROS PUERTO VARAS 150U,790
FERRETERIA,1234525,FT1U4525,FOSFOROS TALISMAN 1U,290
FERRETERIA,7806300021300,FT101300,FOSFOROS TALISMAN (10 CAJ.) 10U,"1.690,00"
GALLETAS,7802215512360,FRBI112360,FRAC BICAPPUCCINO 110G,890
GALLETAS,7802215512377,FB112377,FRAC BICHOCOLATE FRUTILLA 110G,890
GALLETAS,7802215512384,FRCH112384,FRAC CHOCOLATE 110G,890
GALLETAS,7802215512391,FRCL112391,FRAC CLASICA 110G,890
GALLETAS,7802215512421,FRVA112421,FRAC VAINILLA 110G,890
CONGELADOS,7801300000218,FC250218,FRAMBUESA CONGELADA FRUTOS DEL MAIPO 250G,"4.690,00"
HELADO,7798147780062,FC150062,FRANUÍ CHOCOLATE BLANCO CHOCOLATE LECHE 150G,"5.990,00"
HELADO,7798147783223,FC153223,FRANUÍ CHOCOLATE BLANCO Y AMARGO 150G,"5.990,00"
FARMACIA,7891151039895,FV279895,"FREEGELLS VITC 27,9G",790
DESPENSA,7802095000094,FR430094,FRIJOLES REFRITOS NEGROS PANCHO VILLA 430G,"4.590,00"
DESPENSA,7702103003898,FL273898,FROOT LOOPS 270G,"4.090,00"
DULCES Y CHOCOLATES,7802200136939,F4436939,FRUGELE 430G,"4.390,00"
CANDYLAND,9044400231009,FM8U1009,FRUIT MIX PEZ 8U,"3.990,00"
DULCES Y CHOCOLATES,041420067815,FRST147815,FRUIT STRIPS BLACK FOREST 14G APPLE,890
DULCES Y CHOCOLATES,041420067808,FRST147808,FRUIT STRIPS BLACK FOREST 14G APRICOT,890
DULCES Y CHOCOLATES,041420067792,FRST147792,FRUIT STRIPS BLACK FOREST 14G CHERRY,890
DULCES Y CHOCOLATES,041420067860,FRST147860,FRUIT STRIPS BLACK FOREST 14G GRAPE,890
DULCES Y CHOCOLATES,041420067853,FRST147853,FRUIT STRIPS BLACK FOREST 14G RASPBERRY,890
DULCES Y CHOCOLATES,041420067884,FRST147884,FRUIT STRIPS BLACK FOREST 14G STRAWBERRY,890
CONGELADOS,7801300003523,FC4003523,FRUTA CONGELADA FRUTOS DEL MAIPO TUTIMANGO 400GR,"4.090,00"
FRUTAS Y VERDURAS,123456789,FYV6789,FRUTAS Y VERDURAS,1
CONGELADOS,7801300000195,FC450195,FRUTILLA CONGELADA FRUTOS DEL MAIPO 450G,"3.890,00"
DESPENSA,7801800100104,FE570104,FRUTILLAS EN CONSERVA ACONCAGUA 570G,"3.690,00"
DESPENSA,7801305002378,FE412378,FRUTILLAS EN CONSERVA WASIL 410G,"2.990,00"
CONGELADOS,7801300003516,FF403516,FRUTIMIX FRUTOS DEL MAIPO 400G,"4.290,00"
SNACKS,7802420127106,FM807106,FRUTOS MIX MARCO POLO 80G,"1.990,00"
SNACK,7802215510014,FS800014,FRUTOS SECOS VIVO NUTS Y COCO 80GR,"1.990,00"
SNACK,7802215510045,FS800045,FRUTOS SECOS VIVO NUTS Y FRUTAS 80GR,"1.990,00"
SNACK,7802215510021,FS800021,FRUTOS SECOS VIVO NUTS Y SEMILLAS 80GR,"1.990,00"
DULCES Y CHOCOLATES,7750885017763,FA137763,"FULL AMBROSOLI 13,5G",490
DULCES Y CHOCOLATE,7802247061355,GM901355,GAJOS MERELLO LIMÓN NARANJA 90 GRS,"1.690,00"
GALLETAS,7802225686075,GR221397,GALLETA ARCOR RECETAS DE LA ABUELA DELICIAS NAVIDEÑAS 220GR,"3.190,00"
GALLETAS,7891962036915,GB146915,GALLETA BAUDUCCO CHOCOLATE AVELLANA 140G,"1.490,00"
GALLETAS,7891962036892,GB146892,GALLETA BAUDUCCO NUECES 140G,"1.490,00"
GALLETAS,7891962032306,GB142306,GALLETA BAUDUCCO VAINILLA 140G,"1.490,00"
GALLETAS,7802225640992,GB950992,GALLETA BON O BON PISTACHO 95GR,"2.090,00"
GALLETAS,7802950088823,GC8823,GALLETA CHIPS KUKY MINI,590
GALLETAS,7891000420843,GC780843,GALLETA CHOCOBISCUIT TRENCITO 78GR,"2.290,00"
GALLETAS,7891000390825,GC1200825,GALLETA CHOCOMILK TRENCITO 120GR,"2.590,00"
GALLETAS,7613287755810,GC305810,GALLETA CHOKITA 30G,790
GALLETAS,7622202312199,GC2162199,GALLETA CLUB SOCIAL MANTEQUILLA 216GR,"2.490,00"
GALLETAS,7802215501838,GA1751838,GALLETA COSTA AGUA 175GR,"1.490,00"
GALLETAS,7802215303524,GC1853524,GALLETA COSTA GRAN CEREAL AVENA BERRIES 185GR,"1.890,00"
GALLETAS,7802215302053,GC1352053,GALLETA COSTA GRAN CEREAL CLASICA 135GR,"1.490,00"
GALLETAS,7802215505348,GG855348,GALLETA COSTA GRETEL CREMA DE MANI 85GR,"1.690,00"
GALLETAS,7802215501579,GC6U1579,GALLETA CRACKELET SNACK 6U,"1.690,00"
USAMARKET,24100114962,GC214962,GALLETA CRACKER SNAPD DOUBLE CHEESY 21GR,"1.190,00"
USAMARKET,24100114993,GC214993,GALLETA CRACKER SNAPD SOUR CREAM 21GR,"1.190,00"
GALLETAS,7804630010308,GC140308,GALLETA CRACKER TIKA CHIA Y ROMERO 140G,"3.090,00"
GALLETAS,7804666810323,GC1000323,GALLETA CRACKER WAFER PIMIENTA 100GR,"4.690,00"
GALLETAS,7802225689472,GAAG209472,GALLETA DE AGUA SELZ LIGHT 200G,"1.890,00"
DESPENSA,7804646450006,GD160006,GALLETA DE ARROZ MIZO MANZANA 16G,690
PASTELERIA,77634721041476,GD11476,GALLETA DE CHOCOLATE 1U,"1.000,00"
GALLETAS,7802215502026,GD162026,GALLETA DE SODA COSTA 160G,"1.290,00"
GALLETAS,7802215508554,GD958554,GALLETA DONUTS COSTA COCO CRUNCH 95GR,"1.690,00"
GALLETAS,7802215512292,GF132292,GALLETA FRAC BI CAPPUCCINO 130G,890
GALLETAS,7802215512278,GF132278,GALLETA FRAC CHOCOLATE 130G,890
GALLETAS,7802215512308,GF132308,GALLETA FRAC CHOCOLATE FRUTILLA 130G,890
GALLETAS,7802215512414,GF112414,GALLETA FRAC NARANJA 110GR,"1.090,00"
GALLETAS,7802215512285,GF132285,GALLETA FRAC VAINILLA 130G,890
DESPENSA,7802215303241,GG133241,GALLETA GRAN CEREAL CACAO 135G,"1.390,00"
DESPENSA,7802215515026,GG855026,GALLETA GRETEL COSTA CH. BLANCO 85G,"1.690,00"
GALLETAS,7802215515019,GG855019,GALLETA GRETEL COSTA CHOCOLATE 85G,"1.690,00"
DESPENSA,7802215515064,GG855064,GALLETA GRETEL COSTA FRUTILLA 85G,"1.690,00"
GALLETAS,7613037042290,GG142290,GALLETA GRILL CLASICA 140G,"2.190,00"
GALLETAS,8410376037685,GG607685,GALLETA GULLON BARQUILLOS DE CHOCOLATE 60G,"1.690,00"
GALLETAS,8410376017687,GG607687,GALLETA GULLON BARQUILLOS DE VAINILLA 60G,"1.690,00"
GALLETAS,8410376044409,GG5004409,GALLETA GULLON MEGA DUO DOBLE CACAO 500GR,"4.190,00"
GALLETAS,8410376036862,GG5006862,GALLETA GULLON MEGA DUO VAINILLA 500GR,"4.190,00"
GALLETAS,8410376037784,GG2507784,GALLETA GULLON SANDWICH ZERO AZUCAR CREMA CHOCOLATE 250GR,"4.190,00"
GALLETAS,8410376051148,GG1471148,GALLETA GULLON TWINS SIN AZUCAR CACAO CREMA 147GR,"3.990,00"
PASTELERIA,77634727760024,GL10024,GALLETA LENGUA DE GATO CON CHOCOLATE 1U,"1.000,00"
GALLETAS,7613039257333,GL127333,GALLETA LIMON MCKAY 120G,"1.290,00"
GALLETAS,7613031650729,GM0729,GALLETA MACKAY LIMON MINI,490
GALLETAS,7613031651412,GM1412,GALLETA MACKAY MINI MANTEQUILLA,490
GALLETAS,7613031214884,GM1804884,GALLETA MACKAY SODA LIGHT 180GR,"1.690,00"
GALLETAS,7891000419311,GM129311,GALLETA MACKAY TRENCITO CHOCO BROWNIE 120GR,"2.590,00"
GALLETAS,8445291719736,GM119736,GALLETA MACKAY TRITON CHOCOLATE 116GR,"1.190,00"
GALLETAS,8445291716841,GT1166841,GALLETA MACKAY TRITON VAINILLA 116GR,"1.190,00"
GALLETAS,7790040424166,GM404166,GALLETA MANÀ VAINILLA X3 408G,"3.190,00"
GALLETAS,7802230086587,GM1806587,GALLETA MCKAY AGUA SIN SAL 180GR,"1.690,00"
GALLETAS,8445290448194,GM308194,GALLETA MCKAY MILO MINI 30G,490
DESPENSA,7804646450099,GM250099,GALLETA MIZO CHOCOLATE NARANJA 25G,690
GALLETAS,7613036310925,GM240925,GALLETA MOROCHA MCKAY 240G,"2.490,00"
GALLETAS,7613032443221,GM503221,GALLETA MOROCHA MCKAY 50G,490
GALLETAS,8445291796478,GM6478,GALLETA MUSEO,490
GALLETAS,7804666810309,GN1000319,GALLETA NAT WAFER CRACKER ORIGINAL 100GR,"4.690,00"
GALLETAS,7802215504655,GN714655,GALLETA NIK SABOR BOCADO 71G,790
GALLETAS,7802215504662,GN714662,GALLETA NIK SABOR FRUTILLA 71G,790
GALLETAS,7802215504679,GN714679,GALLETA NIK SABOR LIMON 71G,790
GALLETAS,7803525001490,GN501490,GALLETA NUTRABIEN CHOCOCHIPS 50GR,"1.290,00"
DESPENSA,7622201693114,GO103114,GALLETA OREO C&C 108G,"1.190,00"
DESPENSA,7622201693152,GO103152,GALLETA OREO CHOCOLATE 108G,"1.190,00"
GALLETAS,7622202809163,GO109163,GALLETA OREO FRESA 108GR,"1.190,00"
GALLETAS,7622202319709,GO1089709,GALLETA OREO LIMON 108GR,"1.190,00"
DESPENSA,7622201693138,GO103138,GALLETA OREO VAINILLA 108G,"1.190,00"
GALLETAS,7802225640558,GR110558,GALLETA RIGOCHOC 113G,"1.690,00"
GALLETAS,7622202353321,GR703321,GALLETA RITZ SABOR ORIGINAL 70GR,690
GALLETAS,7802225689847,GS519847,GALLETA SELZ SALVADO Y CHIA 519GR,"3.790,00"
GALLETAS,7802225683623,GS183623,GALLETA SELZ SODA LIGH 180GR,"1.690,00"
GALLETAS,7802230086648,GS186648,GALLETA SODA CLASICA MACKAY 180G,"1.490,00"
GALLETAS,7802225683661,GS1803661,GALLETA SODA SELZ BAJO EN SODIO 180GR,"1.690,00"
GALLETAS,7802215502569,GS122569,GALLETA SUNY 120GR,890
GALLETAS,7790040431195,GT1051195,"GALLETA TORTA BON O BON 105,6","1.790,00"
GALLETAS,8445291796539,GT116539,GALLETA TRITON FRUTILLA 116GR,"1.190,00"
GALLETAS,7613032464042,GT4042,GALLETA TRITON MINI VAINILLA,590
GALLETAS,8445291774476,GT4476,GALLETA TRITON NARANJA,590
GALLETAS,8445291719910,GT1169910,GALLETA TRITON NARANJA 116GR,"1.190,00"
GALLETAS,7802215502545,GT122749,GALLETA TUAREG DE MANGO 120GR,890
GALLETAS,7802215502262,GT122262,GALLETA TUAREG SABOR COCO 120G,890
GALLETAS,7802215502019,GV1402019,GALLETA VIVO AGUA 140GR,"1.390,00"
GALLETAS,7802215501821,GA171821,GALLETAS AGUA LINE COSTA 175G,"1.490,00"
SNACKS,7804630010759,GA100759,GALLETAS ARTESANALES AMAP. Y SES. TIKA 100G,"3.090,00"
GALLETAS,7804630010285,GA140285,GALLETAS ARTESANALES TIKA 140G,"3.090,00"
CANDYLAND,5410126006360,GABICR156360,GALLETAS BISCOFF CREAM 150G,"5.490,00"
USAMARKET,5410126146950,JV1900479,GALLETAS BISCOFF LOTUS 250GR,"6.490,00"
CANDYLAND,5410126006377,GABIVALO156377,GALLETAS BISCOFF VAINILLA LOTTUS 150G,"5.490,00"
GALLETAS,7803520001624,GB151624,GALLETAS BISCUIT CHOCOSESAMO 150G,"2.190,00"
GALLETAS,7803520001914,GB151914,GALLETAS BISCUIT QUINOA 150G,"2.190,00"
GALLETAS,7803520001617,GB151617,GALLETAS BISCUIT ZANAHORIA 150G,"2.190,00"
GALLETAS,7803520003086,GABI153086,GALLETAS BISCUITS 145G CHOCOLATE,"1.990,00"
GALLETAS,7803520003062,GABI143062,GALLETAS BISCUITS 145G QUINOA,"1.990,00"
GALLETAS,7803520003079,GABI143079,GALLETAS BISCUITS 145G ZANAHORIA,"1.990,00"
GALLETAS,7802225630900,GB300900,GALLETAS BOCADITOS 300G,"2.990,00"
GALLETAS,7802225640770,GB950770,GALLETAS BON O BON 95G,"1.490,00"
GALLETAS,7802225640848,GB950848,GALLETAS BON O BON 95G,"1.490,00"
GALLETAS,7802215515347,GC855347,GALLETAS CHAMPAÑITAS 85G,"1.290,00"
GALLETAS,7802215505287,GC145287,GALLETAS CHOCOLATE COSTA 140G,"1.190,00"
SNACKS,7750168001694,GC231694,GALLETAS CLUB SOCIAL INTEGRAL 234G,"2.190,00"
SNACKS,7622300758936,GC238936,GALLETAS CLUB SOCIAL MANTEQUILLA 234G,"2.190,00"
SNACKS,7622202023170,GC143170,GALLETAS CLUB SOCIAL ORIGINAL 144G,"1.990,00"
SNACKS,7622201717629,GC217629,GALLETAS CLUB SOCIAL ORIGINAL 216G,"2.190,00"
SNACKS,7622201720117,GC210117,GALLETAS CLUB SOCIAL ORIGINAL 216G,"2.190,00"
SNACKS,7590011105106,GC235106,GALLETAS CLUB SOCIAL ORIGINAL 234G,"2.190,00"
GALLETAS,850697002036,GACO152036,GALLETAS CON RELLENO SABOR NATA GOFRENATA 150G,"4.990,00"
GALLETAS,7802215505140,GC125140,GALLETAS COSTA CHIPS CHOC 125GR,"1.190,00"
GALLETAS,7802215511011,GC851011,GALLETAS COSTA CRACKELET 85G,690
GALLETAS,7802215501531,GACR701531,GALLETAS CRACKELET SAL DE MAR 70G,590
GALLETAS,7802225689007,GC159007,GALLETAS CRACKER CON SEMILLAS DE CHIA 150GR,"1.290,00"
SNACKS,7802225682152,GC102152,GALLETAS CRACKER SABOR MERKÉN 107G,690
SNACKS,7802225682121,GC102121,GALLETAS CRACKER SABOR ORÉGANO 107G,690
SNACKS,7802225689083,CRSA909083,GALLETAS CRACKER SABOR ORÉGANO 90G,690
GALLETAS,7802225688994,GACR278994,GALLETAS CRACKER SELZ 270G,"1.890,00"
SNACKS,7802225683296,GC323296,GALLETAS CRACKER SELZ TRIPACK 320G,"1.790,00"
GALLETAS,8445291263611,GC603611,GALLETAS CRIOLLITAS COSTA 60G,990
GALLETAS,7802230082831,GC102831,GALLETAS CRIOLLITAS ORIGINAL 100G,"1.990,00"
GALLETAS,8445291446427,GC806427,GALLETAS CRIOLLITAS ORIGINAL 80G,"1.490,00"
GALLETAS,7804646450020,GD200020,GALLETAS DE ARROZ MIZOS CHOCOLATE 20G,790
GALLETAS,7802225688475,GAAR108475,GALLETAS DE ARROZ SELZ 100G,"2.090,00"
GALLETAS,7803520002164,GADE142164,GALLETAS DE AVENA ECOVIDA140G,"2.990,00"
PASTELERIA,7808733300007,GD250007,GALLETAS DE BARQUILLO LAURA R 250G,"5.990,00"
GALLETAS,7802215515071,GACH14,GALLETAS DE CHAMPAÑA COSTA 140G,"2.590,00"
GALLETAS,7802215505409,GD125409,GALLETAS DE COCO COSTA 125G,"1.190,00"
GALLETAS,7613030518426,GD128426,GALLETAS DE COCO MCKAY 120G,"1.290,00"
GALLETAS,7802215505270,GD145270,GALLETAS DE LIMON COSTA 140G,"1.190,00"
GALLETAS,7802215504112,GANA184112,GALLETAS DE NAVIDAD COSTA 180G,"1.690,00"
GALLETAS,7802215502033,GD162033,GALLETAS DE SODA LINE 160G,"1.390,00"
GALLETAS,7802215505300,GD165300,GALLETAS DE VINO COSTA 160G,"1.190,00"
GALLETAS,7613032443191,GD153191,GALLETAS DE VINO MCKAY 155G,"1.290,00"
GALLETAS,7802225686082,GD226082,GALLETAS DELCIAS RECETAS DE LA ABUELA 220GR,"3.190,00"
GALLETAS,7802225686006,GD226006,GALLETAS DELICIAS CHOCOLATE 220G,"2.990,00"
GALLETAS,7802225686020,GD226020,GALLETAS DELICIAS DURAZNO MANJAR 220G,"2.990,00"
GALLETAS,7802215508523,GD108523,GALLETAS DONUTS 100G,"1.690,00"
GALLETAS,7802215508530,GD108530,GALLETAS DONUTS BLANCO 100G,"1.690,00"
GALLETAS,7802215508547,GD108547,GALLETAS DONUTS NARANJA 100G,"1.690,00"
GALLETAS,7802215512261,GF132261,GALLETAS FRAC CLASICA 130G,890
GALLETAS,7803520140194,GAFR150194,GALLETAS FROOTA 150G CIRUELA,"2.290,00"
GALLETAS,7803520140026,GAFR150026,GALLETAS FROOTA 150G FRUTILLA,"2.290,00"
GALLETAS,7803520140217,GAFR150217,GALLETAS FROOTA 150G HIGO,"2.290,00"
GALLETAS,7803520140200,GAFR150200,GALLETAS FROOTA 150G MANÍ,"2.290,00"
GALLETAS,7802215302060,GG152060,GALLETAS GRAN CEREAL MUESLI 135G,"1.490,00"
GALLETAS,7802230081162,GK121162,GALLETAS KUKY 120G,"1.390,00"
GALLETAS,7613034891730,GK191730,GALLETAS KUKY CHIPS CHIPERS 190G,"2.190,00"
GALLETAS,7613035835986,GK195986,GALLETAS KUKY CHIPS CHIPERS BLANCO 190G,"2.190,00"
GALLETAS,7802230081179,GK121179,GALLETAS KUKY CHOCOLATE 120G,"1.390,00"
GALLETAS,7802230082534,GM1402534,GALLETAS MACKAY ALTEZA HELADO 140GR,"2.090,00"
GALLETAS,7613287778109,GM188109,GALLETAS MACKAY DE AGUA 180GR,"1.790,00"
GALLETAS,7802215505294,GM145294,GALLETAS MANTEQUILLA COSTA 140G,"1.190,00"
GALLETAS,7802230083951,GM143951,GALLETAS MANTEQUILLA MCKAY 140G,"1.290,00"
GALLETAS,7613039496275,GM126275,GALLETAS MARAVILLA MACKAY 120G,"1.290,00"
GALLETAS,8445290770943,GM120943,GALLETAS MCKAY CRIOLLITAS 120GR,"1.690,00"
GALLETAS,8445291609952,CC889952,GALLETAS MCKAY DE NAVIDAD 170GR,"2.090,00"
GALLETAS,8410376017113,GAME507113,GALLETAS MEGA DUO CHOCOLATE GULLON 500GR,"4.190,00"
DESPENSA,7802215515569,GM185569,GALLETAS MINI DONUTS 180G,"1.590,00"
GALLETAS,7802215515583,GM155583,GALLETAS MINI DONUTS 150G,"1.490,00"
GALLETAS,7802215515590,GM135590,GALLETAS MINI DONUTS CHOCOLATE BLANCO 130G,"1.590,00"
GALLETAS,8445290952325,GM122325,GALLETAS MOROCHAS 120G,"1.790,00"
SNACK,7804666810101,GN800101,GALLETAS NAT CRACKERS ACEITUNAS VERDES 80GR,"3.190,00"
GALLETAS,7804666810316,GW1000316,GALLETAS NAT WAFER CRACKERS ROMERO 100GR,"4.690,00"
GALLETAS,7802215504594,GN714594,GALLETAS NIK SABOR CHIRIMOYA ALEGRE 71G,790
GALLETAS,7613032590369,GN150369,GALLETAS NIZA MCKAY 150G,"1.290,00"
GALLETAS,7802230082503,GO142503,GALLETAS OBLEA ALTEZA BOCADO 140G,"1.990,00"
GALLETAS,7802230082510,GO142510,GALLETAS OBLEA ALTEZA CHIRIMOYA 140G,"1.990,00"
GALLETAS,7802230082527,GO142527,GALLETAS OBLEA ALTEZA FRUTILLA 140G,"1.990,00"
GALLETAS,8445290317742,GO147742,GALLETAS OBLEA ALTEZA HELADO 140G,"1.990,00"
GALLETAS,7622202318580,GO1088580,GALLETAS OREO SELENA GOMEZ 108GR,"1.190,00"
GALLETAS,7622210833709,GASA893709,GALLETAS SALADAS RITZ 89G,"2.290,00"
GALLETAS,7803525001810,GS101810,GALLETAS SALMAS CLASICA SANISSIMO 108GR,"2.790,00"
SNACK,7803403004131,GS104131,GALLETAS SALMAS HORNEADAS 108G,"2.690,00"
PANADERIA,7750727009819,GS909819,GALLETAS SALMAS HORNEADAS 90G,"2.690,00"
GALLETAS,78022256898300,GS608300,GALLETAS SELZ SALVADO LIGHT 600GR,"3.890,00"
GALLETAS,7803520002386,GASI252386,GALLETAS SIN AZUCAR ECOVIDA 225G,"2.690,00"
GALLETAS,7803520002249,GASI152249,GALLETAS SIN GLUTEN ECOVIDA 150G BERRIES,"3.090,00"
GALLETAS,7803520001938,GASI151938,GALLETAS SIN GLUTEN ECOVIDA 150G CHIPS,"3.090,00"
GALLETAS,7803520002232,GASI152232,GALLETAS SIN GLUTEN ECOVIDA 150G CHOCO CHIPS,"3.090,00"
GALLETAS,7803520001921,GASI151921,GALLETAS SIN GLUTEN ECOVIDA 150G COCO,"3.090,00"
GALLETAS,7802215501968,GS181968,GALLETAS SODA COSTA 180G,"1.290,00"
GALLETAS,7802215511042,GS181042,GALLETAS SODA COSTA LINE 180G,"1.290,00"
GALLETAS,7790040424371,GS404371,GALLETAS SURTIDAS 400G,"3.090,00"
GALLETAS,7802225272056,GS402056,GALLETAS SURTIDAS DOS EN UNO 400G,"2.790,00"
GALLETAS,7500478008780,GATO148780,GALLETAS TODDY CLASICA 142.5G,"2.090,00"
DULCES Y CHOCOLATE,7891000391020,GATRCHDO121020,GALLETAS TRENCITO CHOCO DOBLE 125G,"2.190,00"
GALLETAS,8445290767332,GT117332,GALLETAS TRITON BAÑADA VAINILLA 114G,"2.090,00"
GALLETAS,7802230086969,GT126969,GALLETAS TRITON CHOCOLATE 126G,990
GALLETAS,7613034565884,GT125884,GALLETAS TRITON FRUTILLA 126G,990
GALLETAS,7613031042913,GT122913,GALLETAS TRITON NARANJA 126G,990
GALLETAS,7802230086952,GT126952,GALLETAS TRITON VAINILLA 126G,990
GALLETAS,7802215501623,GV585,GALLETAS VIVO SALVADO 585GR,"3.890,00"
GALLETAS,7803520140149,GAZE120149,GALLETAS ZERO SIN LACTOSA ECOVIDA 120G,"1.590,00"
GALLETAS,7803520001969,GAEC401669,GALLETON ECOVIDA 40G BERRIES,790
GALLETAS,7803520002669,GAEC402669,GALLETON ECOVIDA 40G CHIPS,790
GALLETAS,7803520002676,GAEC402676,GALLETON ECOVIDA 40G CHOCOLATE ALMENDRA,790
GALLETAS,7803520001952,GAEC401952,GALLETON ECOVIDA 40G MANZANA,790
GALLETAS,7803520002713,GAEC402713,GALLETON ECOVIDA 40G PISTACHO,790
DESPENSA,7804606670062,GI1U0062,GALLETON INTEGRAL ALMENDRAS 1U,"1.290,00"
DESPENSA,7804646110016,GI1U0016,GALLETON INTEGRAL CHIPS DE CHOCOLATE 1U,"1.290,00"
DULCES Y CHOCOLATES,7803473543189,GM503189,GANSITO MARINELA 50G,690
DESPENSA,7801315000166,GAES400166,GARBANZOS ESMERALDA 400G,"1.490,00"
DESPENSA,7801505003069,GAIA233069,GARBANZOS IANSA 230G,"2.090,00"
DESPENSA,7801505003014,GS1K3014,GARBANZOS SIN PIEL IANSA 1K,"4.390,00"
DESPENSA,7801305004075,GW384075,GARBANZOS WASIL 380G,"1.790,00"
TABAQUERIA,8412765007545,GP307545,GAS PREMIUM BUTANE 7X CLIPPER 300ML,"5.390,00"
SNACKS,7802000015304,G225304,GATOLATE 220G,"2.990,00"
SNACKS,7802000019012,GE209012,GATOLATE EVERCRISP 200G,"2.590,00"
BEBIDAS,7801620009137,GAMA1L9137,GATORA MARACUYA 1L,"1.790,00"
BEBIDAS,7801620005191,GA5191,GATORADE AZUL 750ML,"1.890,00"
BEBIDAS,7801620005160,GC5160,GATORADE COOL BLUE 1L,"2.190,00"
BEBIDAS,7801620010324,GC1L0324,GATORADE COOL BLUE ZERO 1L,"2.190,00"
BEBIDAS,7801620005153,GF5153,GATORADE FRUTAS TROPICALES 1L,"2.190,00"
BEBIDAS,7801620005177,GT1L5177,GATORADE NARANJA 1L,"2.190,00"
BEBIDAS,7801620010317,GN1L0317,GATORADE NARANJA ZERO 1L,"2.190,00"
BEBIDAS,7801620005184,GR5184,GATORADE ROJA 750ML,"1.890,00"
DESPENSA,7802200365759,GV225759,GELATINA VIVO BERRIES 22G,"1.090,00"
DESPENSA,7802200365766,GV225766,GELATINA VIVO DURAZNO 22GR,"1.090,00"
DESPENSA,7802200365735,GV225735,GELATINA VIVO NARANJA 22G,"1.090,00"
DESPENSA,7802200365742,GV225742,GELATINA VIVO PIÑA 22G,"1.090,00"
TABAQUERIA,78025295,CK205295,GIGARRO KENT CLICK UP 20U,"5.800,00"
BOTILLERIA,5000329002254,GB752254,GIN BEEFEATER 40º 750CC,"19.690,00"
BOTILLERIA,5000299618073,LG758073,GIN BEEFEATER LONDON PINK 750CC,"20.190,00"
BOTILLERIA,7640175745974,GB755974,GIN BOMBAY 750ML,"19.890,00"
BOTILLERIA,781159846342,GC756342,GIN CARPINTERO NEGRO 45° 750ML,"21.890,00"
BOTILLERIA,5010327755014,GIHE705014,GIN HENDRINCKS 700CC,"29.690,00"
BOTILLERIA,7802175003649,GK473649,GIN KANTAL BERRIES 473CC,"2.890,00"
BOTILLERIA,7802175003311,GK4733311,GIN KANTAL BERRIES 473ML,"2.790,00"
BOTILLERIA,7802175003304,GK473304,GIN KANTAL TONIC 7° LATA 473CC,"2.990,00"
BOTILLERIA,7802175003625,GK473625,GIN KANTAL TROPICAL 473CC,"2.890,00"
BOTILLERIA,7802175003298,GK4733298,GIN KANTAL TROPICAL GIN 473ML,"2.790,00"
BOTILLERIA,5000289020701,GL750701,GIN LONDON DRY GORDONS 750CC,"14.490,00"
BOTILLERIA,5000281015248,GT705248,GIN TANQUERAI 700ML,"19.990,00"
BEBIDAS,7801620360214,GA2L0214,GINGER ALE CANADA DRY 2L,"2.490,00"
BEBIDAS,7801610381007,GA151007,"GINGER ALE SCHWEPPES 1,5L","2.490,00"
BEBIDAS,7801610381021,GA151021,"GINGER ALE SIN AZUCAR SCHWEPPES 1,5L","2.490,00"
MENAJE Y LIBRERIA,3100004104289,G11U4289,GLOBO 18 SEPTIEMBRE 1U,"1.990,00"
MENAJE Y LIBRERIA,6094622066616,GC106616,GLOBO CUMPLEAÑOS DORADO COTILLON&CARNAVAL 10U,"1.990,00"
MENAJE Y LIBRERIA,6094622066623,GC106623,GLOBO CUMPLEAÑOS PLATEADO COTILLON&CARNAVAL 10U,"1.990,00"
MENAJE Y LIBRERIA,6094622067095,GC257095,GLOBO CUMPLEAÑOS PLATEADO COTILLON&CARNAVAL 25U,"3.290,00"
MENAJE Y LIBRERIA,6094622066630,GC106630,GLOBO CUMPLEAÑOS ROSE GOLD COTILLON&CARNAVAL 10U,"1.990,00"
MENAJE Y LIBRERIA,6094622067132,GC257132,GLOBO CUMPLEAÑOS ROSE GOLD COTILLON&CARNAVAL 25U,"3.290,00"
MENAJE Y LIBRERIA,1041838926116,G2256116,GLOBOS 23CM MULTICOLOR 25U,"2.690,00"
MENAJE Y LIBRERIA,1041838926109,G2506109,GLOBOS 23CM MULTICOLOR 50U,"3.790,00"
MENAJE Y LIBRERIA,7804656033183,GM1U3183,GLOBOS METALIZADOS 4D CALIPSO PALMS 1U,"2.590,00"
MENAJE Y LIBRERIA,7804656033206,GM1U3206,GLOBOS METALIZADOS 4D NEGRO PALMS 1U,"2.590,00"
MENAJE Y LIBRERIA,7804656033336,GM1U3336,GLOBOS METALIZADOS 4D PALMS 1U,"2.590,00"
MENAJE Y LIBRERIA,7804656033329,GM1U3329,GLOBOS METALIZADOS MONO PALMS 1U,"2.590,00"
LACTEOS,7802900004279,GA124279,GOLD ALMENDRADO SABOR CHOCOLATE 120G,790
LACTEOS,7802900004262,74708005079397,GOLD ALMENDRADO SABOR VAINILLA 120G,790
POSTRES,7802900120214,GC120214,GOLD CREME CARAMEL 120G,890
POSTRES,7802900120283,GP120283,GOLD PANNACOTTA FRAMBUESA 120G,890
DULCES Y CHOCOLATES,7802200840263,GONU0263,GOLDEN NUSS 140G,"3.090,00"
MENAJE Y LIBRERIA,7807265989933,GB2U9933,GOMA DE BORRAR PROARTE 2U,890
BOTILLERIA,7802150088814,GM908814,GOMA MITJANS 900ML,"8.190,00"
DULCES Y CHOCOLATES,7802200129870,GA909870,GOMITA AMBERRIE 90GR,"1.390,00"
DULCES Y CHOCOLATE,7802200134010,GA904010,GOMITA AMBROSOLI 90GR,"1.390,00"
DULCES Y CHOCOLATES,7802247355355,GC905355,GOMITA CROCANTE MULTICOLOR MERELLO 90GR,"1.690,00"
DULCES Y CHOCOLATE,7802247326355,GD906355,GOMITA DULCES MOMENTOS ITALIANA MERELLO 90GR,"1.690,00"
DULCES Y CHOCOLATES,7802247350350,GE900350,GOMITA EUCALIPTO MERELLO 90GR,"1.490,00"
DULCES Y CHOCOLATES,7898591453243,GF903243,GOMITA FINI GUSANO 90GR,"1.790,00"
DULCES Y CHOCOLATES,7898591453281,GF153281,GOMITA FINI GUSANO ACIDO 15GR,490
DULCES Y CHOCOLATES,7802200129887,GF909887,GOMITA FLIPY 90GR,"1.390,00"
DULCES Y CHOCOLATES,7802247353351,GF903351,GOMITA FRUTILLA CROCANTE MERELLO 90GR,"1.690,00"
DULCES Y CHOCOLATES,7802247301352,GM901352,GOMITA MERELLO DANESA 90GR,"1.690,00"
DULCES Y CHOCOLATE,7802200129894,GS909894,GOMITA SANDIA 90GR,"1.390,00"
DULCES Y CHOCOLATES,7802247346353,GS906353,GOMITA SUIZA MERELLO 90GR,"1.690,00"
USAMARKET,70462542509,GS562509,GOMITA SWEDISH FISH ORIGINAL 56GR,"2.990,00"
DULCES Y CHOCOLATES,6936756230030,GC4D0030,GOMITAS 4D 100G CUPCAKES,"1.490,00"
DULCES Y CHOCOLATES,6936756230009,G4100009,GOMITAS 4D BLOQUES 100G,"1.490,00"
DULCES Y CHOCOLATES,6936756230061,G4100061,GOMITAS 4D FRUTAS 100G,"1.490,00"
DULCES Y CHOCOLATES,6936756236049,G4O100049,GOMITAS 4D OSITOS 100G,"1.490,00"
DULCES Y CHOCOLATES,7802200135741,GA255741,GOMITAS AMBERRIES 25G,490
DULCES Y CHOCOLATES,7802200135765,GA255765,GOMITAS AMBROSITO 25G,390
DULCES Y CHOCOLATES,7802200135864,GOAMFRALACR5864,GOMITAS AMBROSOLI FRUTILLAS A LA CREMA 25G,490
DULCES Y CHOCOLATES,7898591455193,GA905193,GOMITAS AROS FINI 90G,"1.690,00"
DULCES Y CHOCOLATES,7802200139664,GC25G664,GOMITAS CALIPTUS MENTOL 25G,490
USAMARKET,22000120304,GC190304,GOMITAS COLLISIONS LIFESAVERS 198GR,"5.990,00"
DULCES Y CHOCOLATES,7908228807490,GF807490,GOMITAS FINI FRUTILLAS 80GR,"1.690,00"
DULCES Y CHOCOLATES,7802200135734,GF255734,GOMITAS FLIPY 25G,490
DULCES Y CHOCOLATES,7898591453335,GF903335,GOMITAS FRUTILLAS FINI 90G,"1.690,00"
DULCES Y CHOCOLATES,7802200135413,GL255413,GOMITAS LOOP 25G,390
DULCES Y CHOCOLATES,7802200129863,GL909863,GOMITAS LOOPS 90GR,"1.390,00"
USAMARKET,018804701139,GM501139,GOMITAS MINI ICE CHERRY SOURS 50GR,"1.490,00"
DULCES Y CHOCOLATE,7802225412797,GM252797,GOMITAS MOGUL MARIPOSAS 25GR,490
DULCES Y CHOCOLATES,7898591454349,GO904349,GOMITAS OSITO FINI 90G,"1.690,00"
DULCES Y CHOCOLATE,6936756265698,GP805698,GOMITAS PEELERZ DURAZNO 80GR,"1.590,00"
DULCES Y CHOCOLATES,7802247354358,GP904358,GOMITAS PLATANO MERELLO 90GR,"1.690,00"
DULCES Y CHOCOLATES,7898591453304,GP903304,GOMITAS PLATANOS FINI 90G,"1.690,00"
DULCES Y CHOCOLATES,7802200130760,GS250760,GOMITAS SANDIA 25G,390
USAMARKET,70462002065,GS962065,GOMITAS SOUR PATCH KIDS KING SICE 96GR,"4.990,00"
BOTILLERIA,7804649720366,GD700366,GRANADINA DON VITO 700CC,"4.790,00"
BOTILLERIA,7802150088838,GM8838,GRANADINA MITJANS 900ML,"7.990,00"
DESPENSA,7802000015038,GQ345038,GRANOLA QUAKER 342G,"3.790,00"
DESPENSA,7802000017803,GQ327803,GRANOLA QUAKER MIEL ALMENDRA 320GR,"3.390,00"
DESPENSA,7800120163189,GV333189,GRANOLA VIVO MIEL&ALMENDRA 330GR,"3.290,00"
DESPENSA,7804673913673,GW303673,GRANOLA WILD PROTEIN GOLDEN CRUNCHY 300GR,"7.090,00"
DESPENSA,7804627651187,GUBU181187,GUACAMOLE BUKA 180G,"2.690,00"
DULCES Y CHOCOLATES,7802247390370,GM700370,GUAGUITA MERELLO BOLSA 70GR,"1.490,00"
DULCES Y CHOCOLATE,7802200130081,GA300081,GUAGUITAS AMBROSOLI 300GR,"3.390,00"
DULCES Y CHOCOLATES,7802200129238,GA149238,GUAGUITAS AMBROSOLI SABORES FRUTALES 140G,"1.990,00"
DULCES Y CHOCOLATES,7802200130050,GA800050,GUAGUITAS AMROSOLI 80G,"1.490,00"
FERRETERIA,7805475012885,GN100U2885,GUANTE DE NITRILO TRESOR TALLA M 100U,"6.564,00"
HIGIENE Y CUIDADO PERSONAL,8888169499116,GE1U9116,GUANTE EXFOLIANTE DUCHA 1U,"4.290,00"
LIMPIEZA,4023103073968,GE1U3968,GUANTE EXTRA SENSATION VILEDA M/8 1U,"3.190,00"
LIMPIEZA,4023103073951,GE1U3951,GUANTE EXTRA SENSATION VILEDA S/7 1U,"3.190,00"
LIMPIEZA,7806810116367,GM1P6367,GUANTE MULTIUSO IMPEKE TALLA L 1P,"1.590,00"
LIMPIEZA,7806810116350,GM1P6350,GUANTE MULTIUSO IMPEKE TALLA M 1P,"1.590,00"
LIMPIEZA,7806810116343,GM1P6343,GUANTE MULTIUSO IMPEKE TALLA S 1P,"1.590,00"
LIMPIEZA,7806810000567,GM1U0567,GUANTE MULTIUSO VIRUTEX TALLA S 1U,"4.090,00"
FERRETERIA,7804628246467,GD1U6467,GUANTES DE TRABAJO ANTIDESLIZANTES HT 1U,"1.590,00"
LIMPIEZA,799192152931,GM1U2931,GUANTES MULTIUSO BID'S TALLA M 1U,"1.790,00"
LIMPIEZA,7806810006033,GM1U6033,GUANTES MULTIUSO L VIRUTEX 1U,"4.090,00"
LIMPIEZA,7806810000529,GM1U0529,GUANTES MULTIUSO L VIRUTEX 1U,"4.090,00"
LIMPIEZA,7806810006026,GM1U6026,GUANTES MULTIUSO M VIRUTEX 1U,"4.090,00"
LIMPIEZA,7806810000574,GM1U0574,GUANTES MULTIUSO M VIRUTEX 1U,"4.090,00"
LIMPIEZA,7806810006019,GM1U6019,GUANTES MULTIUSO S VIRUTEX 1U,"4.090,00"
LIMPIEZA,7808304316451,GM1U6451,GUANTES MULTIUSO TEDDY TALLA S 1U,"1.790,00"
MENAJE Y LIBRERIA,3100004449991,GC1U9991,GUIRNALDA CIRCULO 18 SEPTIEMBRE 1U,"1.290,00"
MENAJE Y LIBRERIA,3100004450201,GC1U0201,GUIRNALDA COPIHUE 18 SEPTIEMBRE 1U,"1.290,00"
MENAJE Y LIBRERIA,3100004449960,GE1U9960,GUIRNALDA ESTRELLA 18 SEPTIEMBRE 1U,"1.290,00"
USAMARKET,630855118003,GB138003,GUMMY BURGER RAINDROPS 130GR,"7.990,00"
USAMARKET,630855114104,GS854104,GUMMY SUSHI RAINDROPS 85GR,"8.990,00"
DULCES Y CHOCOLATES,7898591453274,GA90G274,GUSANOS ACIDOS GOMITAS FINI 90G,"1.690,00"
CONGELADOS,7801220001081,HM1K081,HABAS MINUTO VERDE 1K,"3.890,00"
CONGELADOS,7809611701275,HT401275,HABAS TIERNAS LA CRIANZA 400G,"3.090,00"
DESPENSA,7801305005461,HW385461,HABAS WASIL 380G,"2.890,00"
HELADOS,8445291970922,HS250922,HALADO SAVORY CHOMP SABOR PISTACHO 225ML,"4.990,00"
DULCES Y CHOCOLATES,7622210427199,HF257199,"HALLS FRUIT MIX 25,2G",690
DULCES Y CHOCOLATES,7622201776459,HL256459,"HALLS LIMON Y MIEL 25,2G",690
DULCES Y CHOCOLATES,7622210427076,HM257076,"HALLS MENTA Y EUCALIPTO 25,2G",690
DULCES Y CHOCOLATES,7622210427045,HM257045,"HALLS MENTOL CEREZA 25,2G",690
DULCES Y CHOCOLATES,7622210427137,HM257137,"HALLS MORA AZUL 25,2G",690
DULCES Y CHOCOLATES,7622210427106,HN257106,"HALLS NEGRO 25,2G",690
DULCES Y CHOCOLATES,7622202015212,HN255212,"HALLS NEGRO 25,2G",690
DULCES Y CHOCOLATES,78938793,HR288793,HALLS RESPIRA PROFUNDO 28G CEREZA,590
DULCES Y CHOCOLATES,78938823,HR288823,HALLS RESPIRA PROFUNDO 28G MENTOL,590
DULCES Y CHOCOLATES,7702133815782,HY255782,"HALLS YERBABUENA 25,2G",690
CARNICERIA,7800108001991,HA121991,HAMBURGUESA A PUNTO BRISKET 125GR,"2.790,00"
CONGELADOS,7804676780005,HA180005,HAMBURGUESA A PUNTO BRISKET 185GR,"3.090,00"
CONGELADOS,7804676780111,HA120111,HAMBURGUESA A PUNTO CHUCK ROLL 125GR,"2.790,00"
CONGELADOS,7804676780012,HA180012,HAMBURGUESA A PUNTO CHUCK ROLL 185GR,"3.090,00"
CONGELADOS,7804676780029,HA180029,HAMBURGUESA A PUNTO SMOKED 185GR,"3.090,00"
CONGELADOS,7801916038575,HA108575,HAMBURGUESA ANGUS LA PREFERIDA 100G,"1.390,00"
CARNICERIA,7801916038582,HC188582,HAMBURGUESA CON CARNE ANGUS 185G,"2.290,00"
CONGELADOS,7804660610189,HD200189,HAMBURGUESA DE GARBANZOS A LA FALAFEL RIKU 200G,"2.590,00"
CONGELADOS,7804660610202,HD200202,HAMBURGUESA DE LENTEJAS A LA CHILENA RIKU 200G,"2.590,00"
CARNICERIA,7809611700513,HV1000513,HAMBURGUESA DE VACUNO LA CRIANZA PREMIUN 100GR,"1.190,00"
CONGELADOS,7809611708410,HD188410,HAMBURGUESA DE VACUNO MASTODONTE LA CRIANZA 185G,"2.590,00"
CONGELADOS,7801930012001,HD222001,HAMBURGUESA DE VACUNO RECETA DEL ABUELO 225G,"3.190,00"
CONGELADOS,7801930012087,HV102087,HAMBURGUESA DE VACUNO RECETA DEL ABUELO BACON 100G,"1.390,00"
CONGELADOS,7809611720153,HAEX100153,HAMBURGUESA EXTRA TASTY LA CRIANZA 100G,"1.290,00"
CONGELADOS,7801916039886,HAGR109886,HAMBURGUESA GRILL TASTE LA PREFERIDA 100G,"1.490,00"
CONGELADOS,7809611710628,HAKI180628,HAMBURGUESA KING KONG 185G,"1.790,00"
CONGELADOS,7809611720894,HC100894,HAMBURGUESA LA CRIANZA BRISKET 100G,"1.390,00"
CONGELADOS,7801916038995,HL188995,HAMBURGUESA LA PREFERIDA GRILL TASTE 185GR,"2.990,00"
CARNICERIA,7801909002286,HP182286,HAMBURGUESA PAMPA VERDE DE VACUNO T-REX 185G,"2.490,00"
CONGELADOS,7801930001999,HR151999,HAMBURGUESA RECETA DEL ABUELO GRILL HOUSE 150GR,"2.290,00"
CONGELADOS,7801930002170,H102170,HAMBURGUESA RECETA DEL ABUELO PERFECT TASTE 100GR,"1.290,00"
CARNICERIA,7801907001762,HS901762,HAMBURGUESA SAN JORGE 90G,990
CONGELADOS,7801907006866,HV556866,HAMBURGUESA VACUNO CONGELADA SAN JORGE SACHET 55G,690
CONGELADOS,7801995001231,HV181231,HAMBURGUESA VACUNO CORTE CRIOLLO 185G,"2.490,00"
CONGELADOS,7801930010809,HV180809,HAMBURGUESA VACUNO MAMUT 185G,"2.690,00"
CONGELADOS,7801930010380,HAVA100380,HAMBURGUESA VACUNO RECETA DEL ABUELO 100G,"1.390,00"
CONGELADOS,7801930021133,HV101133,HAMBURGUESA VEGANA RECETA DEL ABUELO 100G,"1.390,00"
CONGELADOS,7804659651247,HV601247,HAMBURGUESA VEGETAL NOT BURGER 60G,"1.590,00"
CONGELADOS,7804659651124,HV951124,HAMBURGUESA VEGETAL NOT BURGER 95G,"2.090,00"
CONGELADOS,7804659651162,HV101162,HAMBURGUESA VEGETAL NOT CHICKEN BURGER 100G,"2.190,00"
CARNICERIA,7801900340486,HW500486,HAMBURGUESA WINTER 50G,490
DESPENSA,7802615005202,HL15202,HARINA LA SELECTA SIN POLVO DE HORNEAR 1KG,"2.190,00"
DESPENSA,7802615005516,HM1K5516,HARINA MONT BLANC CON POLVOS DE HORNEAR 1K,"1.790,00"
DESPENSA,7802615005615,HM1K5615,HARINA MONT BLANC SIN POLVOS DE HORNEAR 1K,"1.790,00"
DESPENSA,7702084137520,HP1K7520,HARINA PAN 1K,"3.190,00"
DESPENSA,7702084137537,HAPA1K7537,HARINA PAN AMARILLO 1KG,"3.190,00"
LIMPIEZA,7501058717313,HAPOUL207313,HARPIC POWER ULTRA 200ML,"1.990,00"
CANDYLAND,71567992015,HP342015,HARRY POTTER BEERTIES BOTTS 34G,"2.990,00"
HELADOS,8445291533110,HT70ML3110,HELADO TRENCITO NESTLE 70ML,"1.990,00"
HELADOS,7613033725333,HA1L5333,HELADO ALMENDRADO SAVORY 1L,"6.390,00"
HELADOS,7613035737754,HB1U7754,HELADO BILZ Y PAP 1U,"1.050,00"
HELADO,7805000318079,HB908079,HELADO BRESLER MAGNUM CHOCOLATE BLANCO Y FRAMBUESA 900GR,"9.290,00"
HELADOS,8445291145832,HC1U0157,HELADO CENTELLA 1U,390
HELADOS,7613032484934,HC1L4934,HELADO CHAMONIX CASSATA PIÑA 1L,"2.590,00"
HELADOS,8445290091833,HC251833,"HELADO CHAMONIX CASSATA PIÑA 2,5L","5.990,00"
HELADOS,8445290587916,HC757916,HELADO CHARLOT ROULADE 750ML,"5.590,00"
HELADOS,7804659650752,HC290752,HELADO CHEESECAKE FRAMBUESA 298G,"5.190,00"
HELADOS,7613032186852,HC1U6852,HELADO CHOCOLITO 1U,"1.090,00"
HELADOS,7613036868228,HC1U8228,HELADO CRAZY CHIRIMOYA ALEGRE 1U,"1.600,00"
HELADOS,7613035772588,HC172588,HELADO CRAZY FLOCOS 170ML,"1.600,00"
HELADOS,7613035779037,HC1U9037,HELADO CRAZY FRAMBUESA 1U,"1.600,00"
HELADOS,78006140,HC1U6140,HELADO CROCANTY 1U,"1.090,00"
HELADOS,8445290952608,HD122608,HELADO DANKY CHILL 125ML,"2.300,00"
HELADOS,8445290952578,HD122578,HELADO DANKY HYPE 125ML,"2.300,00"
HELADOS,7613035407176,HD1U7176,HELADO DANKY NOGATONGA 1U,"2.300,00"
HELADOS,7613287766755,HD506755,HELADO DIS FRUTT 50G,"1.890,00"
HELADOS,07613287766755,HD50G755,HELADO DISFRUTTI 50G,990
HELADOS,78006164,HE1U6164,HELADO EGOCENTRICO 1U,"1.090,00"
HELADOS,8445291971387,HF1U1387,HELADO FINI 1U,800
HELADOS,8445290794604,HK85ML4604,HELADO KITKAT GOLD 85ML,"2.300,00"
HELADOS,7613034999115,HK1U9115,HELADO KRIKO 1U,"1.090,00"
HELADOS,8445290262738,HL1L2738,HELADO LA CREMERIA COOKIES AND CREAM 1L,"7.390,00"
HELADO,8445290262677,HL12677,HELADO LA CREMERIA CRUNCHY 3 LECHES 1L,"7.790,00"
HELADOS,8445290262707,HL1L2707,HELADO LA CREMERIA FUDGE BROWNIE 1L,"7.390,00"
HELADOS,8445290262851,HL1L2851,HELADO LA CREMERIA HAZELNUT EXPLOSION 1L,"7.390,00"
HELADOS,7613287043061,HL1L3061,HELADO LA CREMERIA MANJAR NESTLE 1L,"7.390,00"
HELADOS,8445290262882,HELA1L2882,HELADO LA CREMERIA PAPAYAS CREAM SPARKLE 1L,"7.390,00"
HELADOS,8445290262943,HL1L2943,HELADO LA CREMERIA PASSION FRIUT & MANGO 1L,"7.390,00"
HELADOS,7613036566377,HL906377,HELADO LA CREMERIA SAHNE NUSS PREMIUM 900ML,"7.390,00"
HELADOS,8445290262820,HL1L2820,HELADO LA CREMERIA SWEET RASPBERRY 1L,"7.390,00"
HELADOS,78006027,HL906027,HELADO LOLYPOP 90ML,"1.090,00"
HELADOS,7613036185318,HM1U5318,HELADO MEGA ALMENDRA 1U,"2.300,00"
HELADOS,7613287793881,HM1U3881,HELADO MEGA COOKIES AND CREAM MANJAR 1U,"2.300,00"
HELADOS,8445290921727,HM901727,HELADO MEGA CRUNCHY DULCE DE LECHE 1U,"2.300,00"
HELADO,8445291532984,HEMEDEAL652984,HELADO MEGA DELTA ALMENDRAS 650ML,"7.090,00"
HELADO,8445290587947,HEMEDEFR657947,HELADO MEGA DELTA FRAMBUESA 650ML,"7.090,00"
HELADOS,7613287171696,HM1U1696,HELADO MEGA KIT KAT 1U,"2.300,00"
HELADOS,8445290253699,HM1U3699,HELADO MEGA TRITON 1U,"2.300,00"
HELADOS,7801552006525,HM756525,HELADO MILKA 75GR,"2.300,00"
HELADOS,7804659650776,HN680776,HELADO NOT ICE CROCANTE DE CHOCOLATE 68G,"2.890,00"
HELADOS,7804659650523,HN680523,HELADO NOT ICE FRAMBUESA 68G,"2.890,00"
HELADOS,7804659650516,HN680516,HELADO NOT ICE VAINILLA 68G,"2.890,00"
HELADOS,7801552007522,HO707522,HELADO OREO 70GR,"2.300,00"
HELADOS,8445290729156,HP509156,HELADO PURA FRUTA 50G,"1.290,00"
HELADOS,7613037777659,HP757659,HELADO PURA FRUTA FRAMBUESA 75ML,"1.590,00"
HELADOS,7613037777741,HP757741,HELADO PURA FRUTA MANGO 75ML,"1.590,00"
HELADO,7802926001085,HS901085,HELADO SAN FRANCISCO BROWNIE 900ML,"8.590,00"
HELADO,7802926410887,HS900887,HELADO SAN FRANCISCO SUSPIRO LIMEÑO 900ML,"8.590,00"
HELADO,7802926410856,HS900856,HELADO SAN FRANCISCO TIRAMISU 900ML,"8.590,00"
HELADO,7802926000170,HS900170,HELADO SAN FRANCISCO TROZOS DE CASTAÑA 900ML,"8.590,00"
HELADOS,7613035391369,HS1U1369,HELADO SANGURUCHO 1U,"1.400,00"
HELADOS,8445290952356,HS122356,HELADO SANGURUCHO CHOCOLATOSO 125ML,"1.400,00"
HELADO,8445290794932,HS924932,HELADO SAVORY BILZ PAP 92GR,"1.390,00"
HELADOS,7613031628964,HS1L8964,HELADO SAVORY CHARLOT TRES LECHES 1L,"5.590,00"
HELADOS,7802710566219,HS1L6219,HELADO SAVORY CHARLOT VAINILLA 1L,"5.590,00"
HELADO,8445291969216,HS809216,HELADO SAVORY CHOCOLITO 80ML,"1.390,00"
HELADOS,8445291978034,HS18034,HELADO SAVORY COLA DE TIGRE 1L,"6.190,00"
HELADO,8445291423923,HS123923,HELADO SAVORY DANKY VOLCANO CHOCOFRAMBUESA 125ML,"2.300,00"
HELADO,7613287221629,HS11629,HELADO SAVORY FRAMBUESA Y CHOCOLATE SUIZO 1L,"4.690,00"
HELADO,8445291788220,HS18220,HELADO SAVORY LA CREMERIA DULCE DE FRAMBUESA 1L,"7.390,00"
HELADOS,8445291971462,HS901462,HELADO SAVORY MEGA AVELLANA 90GR,"2.300,00"
HELADO,8445291533097,HS453097,HELADO SAVORY MEGA TRIO DULCE DE LECHE 450ML,"6.390,00"
HELADO,8445291971356,HS801356,HELADO SAVORY MINI TRENCTO 80ML,"2.300,00"
HELADO,7801552006518,HT16518,HELADO TRENDY OREO 1L,"7.490,00"
HELADOS,7613032180096,HT1U0096,HELADO TRULULU 1U,790
HELADO,7801552007331,HV457331,HELADO VARSOVIENNE CALUGA DE LECHE 450ML,"8.990,00"
HELADO,7801552007324,HV457324,HELADO VARSOVIENNE CHOCOLATE ALMENDRA 450ML,"8.990,00"
HELADO,7801552007317,HV457317,HELADO VARSOVIENNE CHOCOLATE NARANJA 450ML,"8.990,00"
HELADOS,7804659650462,HV280462,HELADO VEGETAL COOKIES & CREAM NOT ICE CREAM 284G,"5.190,00"
HELADOS,8445290971371,HX681371,HELADO XPLORI ESPECTROLADO 68G,790
HELADOS,8445290445193,HZ1U5193,HELADO ZOORPRESA 1U,690
DULCES Y CHOCOLATE,034000214907,HM294907,HERSHEY'S MINIATURE 294G,"8.290,00"
DULCES Y CHOCOLATES,7899970401206,HC25G1206,HERSHEYS CHOCO TUBES COOKIES N CREME 25G,890
DULCES Y CHOCOLATES,7899970403125,HC25G3125,HERSHEYS CHOCO TUBES FRUTOS ROJOS 25G,890
CANDYLAND,3424306,HM494306,HERSHEYS MR.GOODBAR 49G,"1.490,00"
CONGELADOS,1234539,HC1K4539,HIELO CUBITO EN CUBO 1KG,"1.590,00"
CONGELADOS,1234537,HC1K4537,HIELO CUBITO FRAPE 1KG,"1.190,00"
HIGIENE Y CUIDADO PERSONAL,7891024183120,HD503120,HILO DENTAL COLGATE 50 MT X 2 UND 50M,"7.590,00"
HIGIENE Y CUIDADO PERSONAL,7500435129749,HD2U9749,HILO DENTAL ORAL B ESENTIAL FLOSS 2U,"6.290,00"
HIGIENE Y CUIDADO PERSONAL,7500435152006,HD452006,HILO DENTAL ORAL-B EXPERT FLOSS PICKS 45U,"5.590,00"
HIGIENE Y CUIDADO,0659525893989,HS100,HISOPOS SOFT DO UD 100U,990
DULCES Y CHOCOLATES,7803403004612,HM2546112,HIT MARINELA 25GR,790
DULCES Y CHOCOLATES,7803404004612,HM25,HIT MARINELA CON MANI 25GR,790
CONGELADOS,7809611716866,HAVALACRAM126866,HMABURGUESA VACUNO LA CRIANZA AMERICA 120G,"1.790,00"
DULCES Y CHOCOLATES,7802225584081,HA354081,HOBBY ARCOR 35G,"1.190,00"
DULCES Y CHOCOLATES,7802225584135,HE50G4135,HOBBY ENERGY ARCOR 50G,"1.890,00"
FARMACIA,75903565,HD33565,HOJAS DE AFEITAR SCHICK SUPER CHROMIUM 3U,790
DULCES Y CHOCOLATES,22000016935,HB566935,"HUBBA BUBBA BUBBLETAPO SOUR BLUE RASBERRY 56,7G","2.990,00"
CANDYLAND,022110079806,HB569564,HUBBA BUBBA FANCY FRUIT 56G,"2.990,00"
USAMARKET,4009900379564,HB5679564,HUBBA BUBBA FANCY FRUIT MEGA LONG56GR,"2.990,00"
CANDYLAND,02227009,HB5U7009,HUBBA BUBBA MAX OUTRAGEOUS ORIGINAL 5U,"1.990,00"
CANDYLAND,22000290090,HB5U0090,HUBBA BUBBA MAX SOUR BLUE RASPBERRY 5U,"1.990,00"
CANDYLAND,02206705,HUBU5U6705,HUBBA BUBBA MAX STRAWBERRY WATERMELON 5U,"1.990,00"
CANDYLAND,2206705,HB8G6705,HUBBA BUBBA MAX STRAWBERRY WATERMELON 8G,"1.990,00"
DULCES Y CHOCOLATES,22000295644,HB1U5644,HUBBA BUBBA MINI GUM 1U,"7.990,00"
CANDYLAND,42212010,HB352010,HUBBA BUBBA SERIOUSLY STRAWBERRY FLAVOUR 35GR,"2.990,00"
USAMARKET,4009900381352,HB561352,HUBBA BUBBA SNAPPY STRAWBERRY MEGA LONG 56GR,"2.990,00"
DULCES Y CHOCOLATES,7802225573375,HUCH603375,HUEVITOS CHUBI 60G,"1.890,00"
DULCES Y CHOCOLATE,7802225573245,HDCBOB17U245,HUEVITOS DE CHOCOLATE BON O BON 17U,"4.690,00"
DULCES Y CHOCOLATES,7802225573313,HDCCB17U313,HUEVITOS DE CHOCOLATE CHUBI BANDEJA 17U,"3.390,00"
DULCES Y CHOCOLATE,7802215110856,HUDECHCOLEMABO0856,HUEVITOS DE CHOCOLATE CON LECHE MACIZOS BOLSA,"14.290,00"
DULCES Y CHOCOLATE,7622210835543,HDCMO14U543,HUEVITOS DE CHOCOLATE MILKA OREO 14U,"3.390,00"
DULCES Y CHOCOLATES,7802225573399,HDCT15U399,HUEVITOS DE CHOCOLATE TIFANY 15U,"3.890,00"
DULCES Y CHOCOLATE,7802215110863,HUDEPADECHCOMA0863,HUEVITOS DE PASCUA DE CHOCOLATE COSTA MACIZO,"7.890,00"
DULCES Y CHOCOLATE,7802225572972,HM15U972,HUEVITOS MACIZOS 15U,"2.290,00"
DULCES Y CHOCOLATE,7802200852563,HUMA402563,HUEVITOS MACIZOS AMBROSOLI 40U,"7.990,00"
DULCES Y CHOCOLATE,7802200852686,HUMA502686,HUEVITOS MACIZOS AMBROSOLI 50U,"8.690,00"
DULCES Y CHOCOLATES,7802200852358,HUMA252358,HUEVITOS MACIZOS AMBROSOLI 25U,"9.590,00"
DULCES Y CHOCOLATES,7802225571609,HUMA10,HUEVITOS MACIZOS ZANAHORIA 102G,"2.590,00"
DULCES Y CHOCOLATES,7802225573290,HURO123290,HUEVITOS ROCKLETS 127G,"3.790,00"
DESPENSA,123456,HC13456,HUEVO DE CAMPO 1U,400
DULCES Y CHOCOLATE,7790580587901,HDCBOBL901,HUEVO DE CHOCOLATE BON O BON LECHE,"3.790,00"
DULCES Y CHOCOLATE,7790580118983,HDCR953,HUEVO DE CHOCOLATE ROCKLETS,"3.790,00"
DESPENSA,11234567890,HX17890,HUEVO XL 1U,450
DESPENSA,1234524,HU1U4524,HUEVOS 1U,420
DULCES Y CHOCOLATE,7802225573269,HA933269,HUEVOS ARCOR DE CHOCOLTE SAPITO 93GR,"3.790,00"
DULCES Y CHOCOLATE,7802225572989,HD812989,HUEVOS DE CHOCOLATE ARCOR MAZISO DE ORO 81GR,"2.590,00"
DESPENSA,7804627770000,HD210000,HUEVOS DE CODORNIZ 216G,"6.290,00"
FERRETERIA,7804628247570,HA2U7570,HUINCHA AISLADORA HT 2U,"2.190,00"
DESPENSA,7804627650258,HUGA220258,HUMMUS DE GARBANZO BUKA 220G,"3.790,00"
DULCES Y CHOCOLATE,034000009954,IB429954,ICE BREAKER SOUR BERRY 42GR,"3.690,00"
DULCES Y CHOCOLATES,3466506,IB366506,ICE BREAKERS DUO FRUIT + COOL STRAWBERRY 36G,"3.990,00"
DULCES Y CHOCOLATES,034000000074,ICBR420074,ICE BREAKERS SOURS 42G COOLMINT,"3.990,00"
DULCES Y CHOCOLATES,3499504,IB429504,ICE BREAKERS SOURS 42G MIXED BERRY,"3.990,00"
DULCES Y CHOCOLATES,034000000982,ICBR420982,ICE BREAKERS SOURS 42G WATERMELON GREEN TANGERINE,"3.990,00"
BOTILLERIA,7802175003274,IT2753274,ICE TRES ERRES 275ML,"1.490,00"
BOTILLERIA,7802175003267,IT2753267,ICE TRES ERRES CITRUS 275ML,"1.490,00"
BOTILLERIA,7802175003281,IT2753281,ICE TRES ERRES GUARANA 275ML,"1.490,00"
USAMARKET,632365122181,IS622181,ICEE SOUR SQUEEZE CANDY BLUE RASPBERRY 62 ML,"3.990,00"
BEBIDAS,7801610231517,IK151517,"INCA KOLA 1,5L","2.490,00"
SNACKS,7802351002244,IR172244,INFERNO RUSTICAS SPICY CHEDDAR 175G,"3.190,00"
SNACKS,7802351002022,IS172022,INFERNO SPICY CHEDDAR 175G,"2.290,00"
Sin Tipo,JMYB74981,ID324981,INICIADOR DE FUEGO QUINCHO 32U,"2.290,00"
Sin Tipo,7804625462037,ID322037,INICIADOR DE FUEGO QUINCHO 32U,"3.490,00"
FERRETERIA,7804625462020,ID322020,INICIADOR DE FUEGO QUINCHO 32U,"4.390,00"
LIMPIEZA,7805040005304,IK395304,INSECTICIDA KILLER ARAÑA Y CUCARACHAS 390G,"2.590,00"
LIMPIEZA,7805040005274,IK245274,INSECTICIDA KILLER CASA Y JARDIN 240GR,"2.590,00"
LIMPIEZA,7805040004291,IK324291,INSECTICIDA KILLER CASA Y JARDIN 320ML,"3.590,00"
LIMPIEZA,7805040004321,IK324321,INSECTICIDA KILLER MATA ARAÑAS Y CUCARACHAS  320ML,"3.590,00"
CASA Y JARDIN,7805040005281,IK395281,"INSECTICIDA KILLER MATA MOSCAS, MOSQUITOS Y ZANCUDOS 390G","2.590,00"
LIMPIEZA,7805040004307,IK564307,INSECTICIDA KILLER MATA MOSQUITO Y ZANCUDOS 560ML,"4.690,00"
LIMPIEZA,7805040005298,IK395298,INSECTICIDA KILLER TODO INSECTO 390G,"2.590,00"
LIMPIEZA,7805040004314,IK5604314,INSECTICIDA KILLER TODO INSECTO 560ML,"4.690,00"
LIMPIEZA,7805300049154,IM229154,INSECTICIDA MATA INSECTOS TANAX 220CC,"2.590,00"
LIMPIEZA,7790520002266,IR232266,INSECTICIDA RAID ARAÑAS 235ML,"3.890,00"
LIMPIEZA,7790520002273,IR232273,INSECTICIDA RAID CASA Y JARDIN 235ML,"3.890,00"
LIMPIEZA,7790520986153,IR366153,INSECTICIDA RAID CASA Y JARDIN 360CC,"6.390,00"
CASA Y JARDIN,7790520987853,IR427853,INSECTICIDA RAID CASA Y JARDIN 420ML,"6.690,00"
LIMPIEZA,7790520009890,IR369890,INSECTICIDA RAID MATA POLILLAS Y LARVAS 360CC,"7.390,00"
LIMPIEZA,7790520982100,IR362100,INSECTICIDA RAID MAX MATA ARAÑAS SIN OLOR 360CC,"7.490,00"
CASA Y JARDIN,7790520017444,IR367444,INSECTICIDA RAID MAX MATA MOSCAS MOSQUITOS Y ZANCUDOS 360CC,"5.890,00"
LIMPIEZA,7790520002327,IR232327,INSECTICIDA RAID MOSCA/MOSQUITOS 235ML,"3.890,00"
LIMPIEZA,7790520017420,IR367420,INSECTICIDA RAID MOSCAS Y MOSQUITOS 360CC,"7.090,00"
LIMPIEZA,7790520009906,IR399906,INSECTICIDA RAID PULGAS Y GARRAPATAS AEROSOL 390CC,"7.690,00"
LIMPIEZA,7790520007155,IR367155,INSECTICIDA RAID TODO INSECTO 360CC,"5.890,00"
LIMPIEZA,7805300049598,IT229598,INSECTICIDA TANAX ARAÑAS Y BARATAS 220CC,"4.290,00"
LIMPIEZA,7805300049161,IT229161,INSECTICIDA TANAX CASA Y JARDIN 220CC,"4.490,00"
CASA Y JARDIN,7805300100008,IT100008,INSECTICIDA TANAX EN POLVO 100GR,"4.890,00"
LIMPIEZA,7805300051911,IT221911,INSECTICIDA TANAX MOSCAS Y ZANCUDOS 220CC,"3.990,00"
LIMPIEZA,7805300052116,IT222116,INSECTICIDA TANAX TODO INSECTO 220CC,"4.590,00"
Sin Tipo,8600202107075,IS17075,INSTA-SEWING KIT 1U,"4.390,00"
DESPENSA,089686170726,INNO850726,INSTANT NOODLES STIR FRY INDOMIE 85G,"1.990,00"
HIGIENE Y CUIDADO PERSONAL,7804920007711,JB757711,JABON BALLERINA 750ML BERGAMOTA,"1.990,00"
HIGIENE Y CUIDADO PERSONAL,7804920007612,JB757612,JABON BALLERINA 750ML HIGIENIZANTE ANTIBACTERIAL,"2.290,00"
HIGIENE Y CUIDADO PERSONAL,7804920350862,JB750862,JABON BALLERINA 750ML HIPOALERGENICO GLICERINA,"2.290,00"
HIGIENE Y CUIDADO,7804920007513,JB757513,JABON BALLERINA KARITE 750ML,"2.390,00"
HIGIENE Y CUIDADO,7804920010414,JB750414,JABON BALLERINA VIOLETA SILVESTRE DOYPACK 750ML,"2.290,00"
HIGIENE Y CUIDADO,7804920350855,JB750855,JABON BALLERINA VIOLETAS SILVESTRES 750ML,"2.390,00"
HIGIENE Y CUIDADO,7804920002761,JB752761,JABON BALLERINA YOGHURT Y BERR. 750ML,"2.390,00"
HIGIENE Y CUIDADO,7804920010445,JB650445,JABON BALLERINA YOGHURT Y BERRIES DOYAPACK 650ML,"2.190,00"
HIGIENE Y CUIDADO PERSONAL,7804945010710,JD750710,JABON DE GLICERINA AVENA SIMONDS 750ML,"2.090,00"
HIGIENE Y CUIDADO PERSONAL,7804945010734,JD750734,JABON DE GLICERINA CREMOSO SIMONDS 750ML,"2.090,00"
HIGIENE Y CUIDADO PERSONAL,7891150057470,JD907470,JABON DOVE ANTI-STRESS 90G,"2.490,00"
HIGIENE Y CUIDADO PERSONAL,8717163607268,JD107268,JABON DOVE EXFOLIANTE BARRA 100G,"2.790,00"
HIGIENE Y CUIDADO,7891150029293,JD259293,JABON DOVE KARITE&VAINILLA LIQUIDO 250ML,"2.890,00"
HIGIENE Y CUIDADO PERSONAL,7891150087583,JD5007583,JABON DOVE REFIL 500ML,"2.690,00"
HIGIENE Y CUIDADO PERSONAL,8000700000005,JE100005,JABON EN BARRA DOVE BEAUTY CREAM 100G,"1.390,00"
HIGIENE Y CUIDADO PERSONAL,7898422746827,JE906827,JABON EN BARRA DOVE EXFOLIACION 90G,"2.290,00"
HIGIENE Y CUIDADO PERSONAL,7891150019560,JE909560,JABON EN BARRA DOVE KARITE 90G,"2.290,00"
HIGIENE Y CUIDADO PERSONAL,7891150006058,JE906058,JABON EN BARRA DOVE MEN CLEAN 90G,"2.290,00"
HIGIENE Y CUIDADO PERSONAL,7898422746759,JE906759,JABON EN BARRA DOVE ORIGINAL 90G,"2.290,00"
HIGIENE Y CUIDADO PERSONAL,7730219021338,JE901338,JABON EN BARRA ELITE HUMECTANTE 90G,"1.890,00"
HIGIENE Y CUIDADO PERSONAL,7791293019659,JE159659,JABON EN BARRA LESANCY ACEITES DE ALMENDRA 150G,"1.990,00"
HIGIENE Y CUIDADO PERSONAL,7791293036533,JE156533,JABON EN BARRA LESANCY FRUTOS ROJOS 150G,"1.990,00"
HIGIENE Y CUIDADO PERSONAL,7791293036557,JE906557,JABON EN BARRA LESANCY FRUTOS ROJOS 90G,"1.190,00"
HIGIENE Y CUIDADO PERSONAL,7791293036687,JE156687,JABON EN BARRA LESANCY KARITE 150G,"1.990,00"
HIGIENE Y CUIDADO PERSONAL,8901030929380,LUFL759380,JABON EN BARRA LUX 75G FLAW LESS GLOW,790
HIGIENE Y CUIDADO PERSONAL,8901030921995,JALU751995,JABON EN BARRA LUX 75G RADIANT GLOW,790
HIGIENE Y CUIDADO PERSONAL,8886467064586,JE804586,JABON EN BARRA LUX AGUA SPARKLE 80G,790
HIGIENE Y CUIDADO PERSONAL,8886467000577,JE800577,JABON EN BARRA LUX VELVET TOUCH 80G,790
HIGIENE Y CUIDADO PERSONAL,7891024113684,JE1253684,JABON EN BARRA PROTEX ALOEA 125G,"1.490,00"
HIGIENE Y CUIDADO,7791293051833,JL121833,JABON LE SANCY ACEITE DE ALMENDRA 120ML,"2.290,00"
HIGIENE Y CUIDADO PERSONAL,7805000323295,JL4503295,JABON LE SANCY ALMENDRA 450ML,"1.790,00"
HIGIENE Y CUIDADO PERSONAL,7791293020099,JL900099,JABON LE SANCY ALMENDRA 90G,"1.090,00"
HIGIENE Y CUIDADO,7805000321901,JL751901,JABON LE SANCY HIGIENIC 750ML,"3.890,00"
HIGIENE Y CUIDADO,7805000315115,JL755115,JABON LE SANCY LIQUIDO 750ML,"3.890,00"
HIGIENE Y CUIDADO,7791293051895,JL121895,JABON LE SANCY ROSAS FRANCESAS 120GR,"2.290,00"
HIGIENE Y CUIDADO PERSONAL,7804920230225,JL350225,JABON LIQUIDO AVENA Y ACEITE DE ALMENDRAS BALLERINA 350ML,"1.890,00"
HIGIENE Y CUIDADO PERSONAL,7804920230232,JL750232,JABON LIQUIDO AVENA Y ALMENDRAS BALLERINA 750ML,"2.390,00"
HIGIENE Y CUIDADO PERSONAL,7804920003065,JL753065,JABON LIQUIDO BALLERINA ACEITE DE COCO 750 ML,"2.390,00"
HIGIENE Y CUIDADO PERSONAL,7804920350831,JL750831,JABON LIQUIDO BALLERINA DOBLE HUMECTACION 750 ML,"2.390,00"
HIGIENE Y CUIDADO PERSONAL,7804920001689,JL751689,JABON LIQUIDO BALLERINA YOGHURT 750 ML,"2.390,00"
HIGIENE Y CUIDADO PERSONAL,7804920012166,JL752166,JABON LIQUIDO BALLERINA YOGHURT ARANDANOS 750ML,"2.390,00"
HIGIENE Y CUIDADO PERSONAL,7804920350176,JL350176,JABON LIQUIDO DOBLE HUMECTACION BALLERINA 350ML,"1.790,00"
HIGIENE Y CUIDADO PERSONAL,7806500982555,JL302555,JABON LIQUIDO ELITE 300ML,"1.590,00"
HIGIENE Y CUIDADO,7730219021390,JL701390,JABON LIQUIDO ELITE HUMECTANTE 700ML,"3.090,00"
HIGIENE Y CUIDADO PERSONAL,7804920350664,JL350664,JABON LIQUIDO HIPOALERGENICO BALLERINA 350ML,"1.890,00"
HIGIENE Y CUIDADO PERSONAL,7806500982401,JALI232401,JABON LIQUIDO HUMECTANTE ELITE 230 ML,"3.490,00"
HIGIENE Y CUIDADO PERSONAL,7805000315559,JL705559,JABON LIQUIDO KARITE DOVE 700ML,"4.390,00"
HIGIENE Y CUIDADO PERSONAL,7891150029309,JALI259309,JABON LIQUIDO NUTRICION INTELIGENTE DOVE 250ML,"2.890,00"
HIGIENE Y CUIDADO PERSONAL,7805000166885,JL706885,JABON LIQUIDO ORIGINAL DOVE 700ML,"4.390,00"
HIGIENE Y CUIDADO PERSONAL,8999999527679,JL807679,JABON LUX VELVET TOUCH 80G,590
BEBES,7804920001221,JN751221,JABON NEUTRO BABY LEE 750ML,"2.190,00"
LIMPIEZA,7805045001080,JP171080,JABON POPEYE 170G,"1.590,00"
LIMPIEZA,7805045001134,JP171134,JABON POPEYE VERDE 170G,"1.490,00"
BOTILLERIA,7501055383672,J&353672,JACK & COKE LATA WHISKEY Y COCA COLA 350ML,"2.590,00"
BOTILLERIA,7801610002100,JACO352100,JACK & COKE LATA WHISKEY Y COCA COLA 350ML SIN AZUCAR,"2.590,00"
LACTEOS,78014046,JC1004046,JALEA COLUM GUINDA 100GR,390
POSTRES,78013285,JACO103285,JALEA COLUN 100G FRAMBUESA,390
POSTRES,78013308,JACO103308,JALEA COLUN 100G LIMON,390
POSTRES,78014053,JACO104053,JALEA COLUN 100G PIÑA,390
LACTEOS,78013292,JC1003292,JALEA COLUN NARANJA 100GR,390
POSTRES,7802900295080,JF115080,JALEA FRAMBUESA SOPROLE 110G,390
POSTRES,7802900295103,JG115103,JALEA GUINDA SOPROLE 110G,390
POSTRES,7613035281431,JN111431,JALEA NESTLE NARANJA 110G,490
POSTRES,7613035281462,JN111462,JALEA NESTLE PIÑA 110G,490
POSTRES,7802900295035,JP115035,JALEA PIÑA SOPROLE 110G,390
POSTRES,7613035281493,JS111493,JALEA SABOR FRAMBUESA NESTLE 110G,490
POSTRES,7613035285408,JS115408,JALEA SABOR GUINDA NESTLE 110G,490
POSTRES,7802910008762,JAPI108762,JALEA SABOR PIÑA PROTEIN LONCO LECHE 100G,"3.590,00"
LACTEOS,7802900295134,JS1105134,JALEA SOPROLE FUNNY APPLE 110GR,390
LACTEOS,7802900295127,JS1105127,JALEA SOPROLE SPLASH TUTIFRUTI 110GR,390
QUESOS Y FIAMBRES,7801916036007,JA126007,JAMON ACARAMELADO LA PREFERIDA 125G,"2.490,00"
QUESOS Y FIAMBRES,7801930000794,JA1250794,JAMON ACARAMELADO RECETA DEL ABUELO CORTE PLUMA 125GR,"3.090,00"
QUESOS Y FIAMBRES,7801907001618,JA200G1618,JAMON ACARAMELADO SAN JORGE 200G,"3.490,00"
QUESOS Y FIAMBRES,7801900082065,JA202065,JAMON ACARAMELADO WINTER 200G,"3.190,00"
CARNICERIA,7801907001786,JAARSAJO201786,JAMON ARTESANAL SAN JORGE 200G,"2.890,00"
QUESOS Y FIAMBRES,7809611714497,JC204497,JAMON CAMPESTRE PIERNA LA CRIANZA 200G,"2.390,00"
QUESOS Y FIAMBRES,7801916035994,JC125994,JAMON COLONIAL LA PREFERIDA 125G,"2.690,00"
QUESOS Y FIAMBRES,7801930018232,JC208232,JAMON COLONIAL PF 200G,"3.490,00"
QUESOS Y FIAMBRES,7801907001595,JC201595,JAMON COLONIAL SAN JORGE 200G,"3.290,00"
QUESOS Y FIAMBRES,7801916031538,JD121538,JAMON DE PIERNA CORTE PLUMA LA PREFERIDA 125G,"2.790,00"
QUESOS Y FIAMBRES,7809611714503,JL204503,JAMON LA CRIANZA CAMPESTRE AHUMADO 200GR,"3.790,00"
QUESOS Y FIAMBRES,7801915000856,JL120856,JAMON LA CRIANZA PIERNA CERDON ACARAMELADO CORTE PLUMA 120GR,"2.690,00"
QUESOS Y FIAMBRES,7801916030500,JL120500,JAMON LA PREFERIDA PECHUGA DE PAVO COCIDA 125GR,"3.890,00"
QUESOS Y FIAMBRES,7801930018270,JP208270,JAMON PIERNA ARTESANAL RECETA DEL ABUELO 200G,"3.690,00"
QUESOS Y FIAMBRES,7801930011882,JP121882,JAMON PIERNA CORTE PLUMA RECETA DEL ABUELO 125G,"2.790,00"
QUESOS Y FIAMBRES,7801915000863,JP120863,JAMON PIERNA LA CRIANZA ACARAMELADO CORTE PLUMA 120GR,"2.590,00"
QUESOS Y FIAMBRES,7801916002019,JP202019,JAMON PIERNA LA PREFERIDA 200G,"3.890,00"
QUESOS Y FIAMBRES,7801916031088,JP201088,JAMON PIERNA LA PREFERIDA 200GR,"4.890,00"
QUESOS Y FIAMBRES,7801900002247,JP202247,JAMON PIERNA WINTER ARTESANAL 200GR,"2.790,00"
QUESOS Y FIAMBRES,7801907012492,JP202492,JAMON PLANCHADO SAN JORGE 2000G,"2.390,00"
QUESOS Y FIAMBRES,7801930021119,JR2001119,JAMON RECETA DEL ABUELO PIERNA SANDWICH 200GR,"2.890,00"
QUESOS Y FIAMBRES,4851217468758,JS258758,JAMON SANDWICH SAN JORGE 250GR,"2.490,00"
QUESOS Y FIAMBRES,8410764014816,JS804816,JAMON SERRANO 80GR LA PREFERIDA 80G,"4.390,00"
QUESOS Y FIAMBRES,7801916031019,JS651019,JAMON SERRANO LA PREFERIDA 65GR,"3.390,00"
QUESOS Y FIAMBRES,7801930008615,JS108615,JAMON SERRANO RECETA DEL ABUELO 100G,"4.490,00"
CONGELADOS,7801300012044,JF202044,JARDINERA FRUTOS DEL MAIPO 200G,"1.290,00"
DULCES Y CHOCOLATES,071567988612,JB458612,JELLY BELLY BEAN BOOZLED 6TH BOX 45G,"3.990,00"
USAMARKET,071570018542,JB458542,JELLY BELLY BEAN BOOZLED 6TH BOX 45G,"3.990,00"
CANDYLAND,071570012175,JEBEBICA992175,JELLY BELLY BIRTHDAY CAKE 99G,"3.990,00"
DULCES Y CHOCOLATES,071567661195,JB991195,JELLY BELLY FRUIT BOWL BAG 99G,"3.990,00"
CANDYLAND,71567985888,JB995888,JELLY BELLY SMOOTHIE BLEND 99G,"3.990,00"
CANDYLAND,71567996006,JB796006,JELLY BELLY SUGAR FREE 79G,"3.990,00"
DULCES Y CHOCOLATES,071567996013,JB996013,JELLY BELLY SUGAR FREE ASSORTED FLAVORS BAG 99G,"3.990,00"
DULCES Y CHOCOLATES,071570012694,JB992694,JELLY BELLY S´MORES BAG 99G,"3.990,00"
DULCES Y CHOCOLATES,071567661140,JB991140,JELLY BELLY TROPICAL MIX BAG 99G,"3.990,00"
DULCES Y CHOCOLATES,071570012687,JB992687,JELLY BELLY UNICORN MIX 99G,"3.990,00"
CANDYLAND,71570012632,JB992632,JELLY BELLY UNICORN MIX 99G,"3.990,00"
JUEGOS,6986554023853,JECO543853,JENGA COLORES 54U,"3.990,00"
DESPENSA,7802410101871,JG151871,JENGIBRE GOURMET EN POLVO 15GR,590
DESPENSA,82215,JM502215,JOES MARKET EXTRA CREAMY PEANUT BUTTER 500G,"7.490,00"
JUEGOS,653569955061,JC15061,JUEGO CONNECT 4 1U,"18.790,00"
JUEGOS,8720573816496,JUCU1U6496,JUEGO CUATRO EN LINEA WOODENPARTY 1U,1
JUEGOS,8720573816519,JUDA1U6519,JUEGO DAMAS CHINAS WOODENPARTY 1U,1
FERRETERIA,7804628247563,JD117563,JUEGO DE DESTORNILLADORES HYPER TOUGH 11U,"2.290,00"
Sin Tipo,1508500108374,JD248374,JUEGO DE LOZA LUGANO 24PIEZAS,"79.990,00"
JUEGOS,1234536,JD1U4536,JUEGO DOMINO 1U,"5.990,00"
JUEGOS,IBYF27788,JD1U7788,JUEGO DOMINO 1U,"5.990,00"
JUEGOS,6911203180229,JD1U0229,JUEGO DOMINO 1U,"5.990,00"
JUEGOS,60345158,73750733694657,JUEGO DOS EN UNO,"2.590,00"
JUEGOS,12346172,GRSA1U6172,JUEGO GRAN SANTIAGO 1U,"3.990,00"
JUEGOS,PWLH53417,JL1U3417,JUEGO LOTA 1U,"5.990,00"
JUEGOS,194735234196,JS14196,JUEGO SCRABBLE CLASICO 1U,"21.390,00"
JUEGOS,CPKK07033,JS1U7033,JUEGO SPOT IT 1U,"10.390,00"
MENAJE Y LIBRERIA,7891112275348,JT2U5348,JUEGO TRINCHANTE DE ACERO INOXIDABLE TRAMONTINA  2U,"10.390,00"
JUEGOS,5999880017909,JU1U7909,JUEGO UNO 1U,"2.990,00"
JUEGOS,6935912711048,JU1U1048,JUEGO UNO 1U,"2.990,00"
JUEGOS,JJZP02954,JU1U2954,JUEGO UNO POKEMON 1U,"2.990,00"
JUGOS,7802820002324,JA182324,JUGO ANDINA DEL VALLE DURAZNO 180ML,490
JUGOS,7802820048322,JUGOANDEDUSIAZS.8322,JUGO ANDINA DEL VALLE DURAZNO SIN AZUCAR 1.5L,"2.190,00"
JUGOS,7802820002485,JA182485,JUGO ANDINA DEL VALLE MANZANA 180ML,490
JUGOS,7802820002393,JA182393,JUGO ANDINA DEL VALLE MULTIFRUTILLA LIGHT 180ML,490
JUGOS,77264278034266,JC4266,JUGO CIGUS,"2.990,00"
JUGOS,7802832000011,JUCI30,JUGO CIRUELA AFE 300ML,"2.290,00"
JUGOS,7798085681476,JC1L1476,JUGO CITRIC NARANJA 1L,"4.690,00"
JUGOS,7802920008950,JC338950,JUGO COLUN NARANJA 330CC,"1.690,00"
JUGOS,7802920009018,JC339018,JUGO COLUN PIÑA 33OML,"1.690,00"
JUGOS,7798085681445,JC251445,JUGO CTRIC SABOR NARANJA 250CC,"1.290,00"
JUGOS,7802820000030,JD150030,"JUGO DAMASCO DEL VALLE 1,5L","2.190,00"
JUGOS,7798085681537,JD1L1537,JUGO DE MANZANA CITRIC 1L,"5.190,00"
DESPENSA,7804652980399,JD300399,JUGO DE TOMATE BY MARIA 300ML,"2.990,00"
DESPENSA,51000012937,JD342937,JUGO DE TOMATE CAMPBELL'S 340ML,"3.390,00"
JUGOS,7802820410211,ND400211,JUGO DEL VALLE DURAZNO NECTAR 400CC,"1.190,00"
BEBIDAS,7802820191028,JDV151028,JUGO DEL VALLE MULTIFRUILLA 1.5L,"2.190,00"
JUGOS,7802820175035,JD175035,"JUGO DEL VALLE NECTAR DE DURAZNO 1,75L","2.290,00"
JUGOS,7802820191035,DD171035,"JUGO DEL VALLE NECTAR DE FRUTILLA 1,75L","2.490,00"
JUGOS,7802820175080,JD175080,"JUGO DEL VALLE NECTAR DE MANZANA 1,75L","2.490,00"
JUGOS,7802820175011,JD175011,"JUGO DEL VALLE NECTAR DE NARANJA 1,75L","2.490,00"
JUGOS,7802820175059,JD175059,"JUGO DEL VALLE NECTAR DE PIÑA 1,75L","2.490,00"
BEBIDAS,7802820550504,JD0504,JUGO DURAZNO ANDINA DEL VALLE 200ML,490
JUGOS,7802820500011,JD300011,JUGO DURAZNO ANDINA DEL VALLE 300CC,"1.090,00"
BEBIDAS,7802800576739,JEP76739,JUGO EN POLVO LIVEAN BERRIES 7G,390
DESPENSA,7802800588602,JE7G8602,JUGO EN POLVO LIVEAN CON COLÁGENO LIMONADA PERA 7G,390
DESPENSA,7802800576449,JE7G6449,JUGO EN POLVO LIVEAN DURAZNO 7G,290
DESPENSA,7802800576517,JE7G6517,JUGO EN POLVO LIVEAN FRUTILLA 7G,290
JUGOS,7802800586608,JE76608,JUGO EN POLVO LIVEAN HUESILLO 7GR,390
DESPENSA,7802800586318,JE7G6318,JUGO EN POLVO LIVEAN LIMON 7G,290
DESPENSA,7802800576692,JE7G6692,JUGO EN POLVO LIVEAN MANGO 7G,290
DESPENSA,7802800576715,JE7G6715,JUGO EN POLVO LIVEAN MANGO 7G,290
DESPENSA,7802800576432,JE7G6432,JUGO EN POLVO LIVEAN MANZANA VERDE 7G,290
DESPENSA,7802800576746,JE7G6746,JUGO EN POLVO LIVEAN MELON TUNA 7G,390
DESPENSA,7802800576418,JE7G6418,JUGO EN POLVO LIVEAN NARANJA 7G,290
DESPENSA,7802800576456,JE7G6456,JUGO EN POLVO LIVEAN PIÑA 7G,290
DESPENSA,7802575223401,JE253401,JUGO EN POLVO SPRIM DURAZNO 25G,390
DESPENSA,7802575223456,JE253456,JUGO EN POLVO SPRIM FRUTILLA 25G,390
DESPENSA,7802575223500,JE253500,JUGO EN POLVO SPRIM MELON TUNA 25G,390
DESPENSA,7802575223524,JE253524,JUGO EN POLVO SPRIM NARANJA 25G,390
DESPENSA,7802575223562,JE253562,JUGO EN POLVO SPRIM PIÑA 25G,390
JUGOS,7802200266193,JE7G6193,JUGO EN POLVO VIVO BERRIES 7G,290
JUGOS,7802200266032,JE7G6032,JUGO EN POLVO VIVO DURAZNO 7G,290
JUGOS,7802200266186,JE7G6186,JUGO EN POLVO VIVO MANGO 7G,290
JUEGOS,7802200266049,JE7G6049,JUGO EN POLVO VIVO PIÑA 7G,290
DESPENSA,7802800579532,JE209532,JUGO EN POLVO ZUKO DURAZNO 20G,290
JUEGOS,7802800001880,JUZUFR1880,JUGO EN POLVO ZUKO FRAMBUESA 15GR,390
DESPENSA,7802800579594,JE209594,JUGO EN POLVO ZUKO FRAMBUESA 20G,290
DESPENSA,7802800001958,JE151958,JUGO EN POLVO ZUKO FRUTILLA 20G,290
JUGOS,7802800001910,JE151910,JUGO EN POLVO ZUKO HUESILLO 15GR,390
JUGOS,7802800001859,JE151859,JUGO EN POLVO ZUKO MANZANA 15GR,390
DESPENSA,7802800579556,JE209556,JUGO EN POLVO ZUKO MANZANA 20G,290
DESPENSA,7802800579518,JE209518,JUGO EN POLVO ZUKO NARANJA 20G,290
DESPENSA,7802800001934,JE151934,JUGO EN POLVO ZUKO PIÑA 15GR,390
DESPENSA,7802800579525,JE209525,JUGO EN POLVO ZUKO PIÑA 20G,290
BEBIDAS,7801620005801,JF2L5801,JUGO FRUGO FRUTILLA 2L,"1.490,00"
BEBIDAS,7801620871130,JF2L1130,JUGO FRUGO NARANJA 2L,"1.490,00"
BEBIDAS,7801620005047,JF2L5047,JUGO FRUGO PIÑA 2L,"1.490,00"
BEBIDAS,7803908006784,JG1L6784,JUGO GUALLARAUCO 1L ORANGE VITAMIN,"3.990,00"
BEBIDAS,7803908006777,JG1L6777,JUGO GUALLARAUCO 1L RED VITAMIN,"3.990,00"
JUGOS,7803908006210,JG1L6210,JUGO GUALLARAUCO LIMONADA 1L,"3.990,00"
JUGOS,7803908006234,JG1L6234,JUGO GUALLARAUCO LIMONADA MARACUYA 1L,"3.990,00"
BEBIDAS,7803908006227,JG6227,JUGO GUALLARAUCO MAN PIÑ Y NAR 1L,"3.990,00"
BEBIDAS,7803908006173,JG1L6173,JUGO GUALLARAUCO MANGO 1L,"3.990,00"
JUGOS,7803908008344,JG18344,JUGO GUALLARAUCO MANGO MARACUYA 1L,1
BEBIDAS,7803908006333,JG1L6333,JUGO GUALLARAUCO MANZANA PERA 1L,"3.990,00"
BEBIDAS,7803908006197,JG1L6197,JUGO GUALLARAUCO NARANJA 1L,"3.990,00"
BEBIDAS,7501013118056,JJ8056,JUGO JUMEX DURAZNO 335ML,"1.290,00"
JUGOS,7501013101355,JUDU47,JUGO JUMEX DURAZNO 473ML,"2.490,00"
BEBIDAS,7501013118063,JJ338063,JUGO JUMEX GUAYABA 335ML,"1.290,00"
BEBIDAS,7501013118032,JJ338032,JUGO JUMEX MANGO 335ML,"1.290,00"
JUGOS,7501013118193,JJ3552193,JUGO JUMEX MANZANA 355ML,"1.290,00"
JUGOS,7501013101331,JUJU47,JUGO JUMEX MANZANA 473ML,"2.490,00"
BEBIDAS,7501013118018,JJ3508018,JUGO JUMEX PERA 335ML,"1.490,00"
BEBIDAS,7501013118117,JJ8117,JUGO JUMEX PIÑA 335ML,"1.290,00"
BEBIDAS,7501013101966,JJ331966,JUGO JUMEX PIÑA COCO 335ML,"1.290,00"
BEBIDAS,7802820559002,JUKI159002,JUGO KIWI ANDINA DEL VALLE 1.5L,"2.190,00"
JUGOS,7802800586882,JL76882,JUGO LIVEAN SABOR MARACUYA EN POLVO 7GR,390
BEBIDAS,7802820700473,JM0473,JUGO MANZANA ANDINA DEL VALLE 200ML,490
BEBIDAS,7802832101121,JM301121,JUGO MANZANA ROJA AFE 300ML,"2.290,00"
BEBIDAS,7802832000158,MAVE200158,JUGO MANZANA VERDE AFE 200ML,"2.290,00"
BEBIDAS,7802832101329,MEAF201329,JUGO MEMBRILLO AFE 200ML,"2.290,00"
BEBIDAS,7802820001082,JUMU151082,JUGO MULTI FRUTILLA SIN AZUCAR ANDINA DEL VALLE 1.5L,"2.190,00"
BEBIDAS,7802820191004,JM201004,JUGO MULTI FRUTILLA ANDINA DEL VALLE 200ML,490
JUGOS,7802820700015,JN300015,JUGO NARANAJ ANDINA DEL VALLE 300CC,"1.090,00"
BEBIDAS,7802820700091,JN0091,JUGO NARANJA ANDINA DEL VALLE 200ML,490
JUGOS,7798085681551,JN1L1551,JUGO NARANJA MANGO CITRIC 1L,"5.090,00"
BEBIDAS,7802820551259,JN201259,JUGO NARANJA SIN AZUCAR ANDINA DEL VALLE 200ML,490
JUGOS,7804658021621,JO331621,JUGO ORGANICO AMA MANZANA 330ML,990
JUGOS,7804658021638,JO331638,JUGO ORGANICO AMA MANZANA CIRUELA 330ML,"2.290,00"
JUGOS,7804658021645,JO331645,JUGO ORGANICO AMA MANZANA PERA 330ML,"2.290,00"
JUGOS,7802832101220,JUPE30,JUGO PERA AFE 300ML,"2.290,00"
BEBIDAS,7802820700282,JP0282,JUGO PIÑA ANDINA DEL VALLE 200ML,490
BEBIDAS,7802820700213,JP300213,JUGO PIÑA ANDINA DEL VALLE 300CC,"1.090,00"
JUEGOS,7802575220479,JV190479,JUGO VIVO BERRIES 190ML,590
JUGOS,7802575220530,JV190530,JUGO VIVO DURANO 190ML,590
JUGOS,7802575220516,JV1900516,JUGO VIVO MANZANA 190ML,590
JUGOS,7802575220493,JV190493,JUGO VIVO NARANJA 190ML,590
JUGOS,7802575226358,JV16358,JUGO VIVO NECTAR MANZANA 1L,"1.490,00"
JUGOS,7802575226327,JV16327,JUGO VIVO NECTAR PIÑA 1L,"1.490,00"
JUGOS,7802575220455,JV1900455,JUGO VIVO PIÑA190ML,590
BEBIDAS,7801620011628,JW1628,"JUGO WATTS DAMASCO 1,5L","2.590,00"
JUGOS,7801620000738,JW150738,JUGO WATTS DURAZNO 0 AZUCAR 1.5L,"2.590,00"
BEBIDAS,7801620001902,JW11902,"JUGO WATTS MANZANA 1,5L","2.590,00"
BEBIDAS,7801620011604,JW1604,"JUGO WATTS NARANJA 1,5L","2.590,00"
BEBIDAS,7801620011635,JW1635,"JUGO WATTS PIÑA 1,5L","2.590,00"
BEBIDAS,7801620006341,JW6341,"JUGO WATTS PIÑA LIGHT 1,5L","2.590,00"
JUGOS,7801620009687,JW159687,"JUGO WATTS TUTTIARANDANO 1,5L","2.590,00"
BEBIDAS,7801620002916,JW2916,"JUGO WATTS TUTTIFRUTILLA LIGHT 1,5L","2.590,00"
DESPENSA,7802800001941,JZ151941,JUGO ZUKO DURAZNO 15GR,390
JUGOS,7802800001897,JUZUMETU1897,JUGO ZUKO MELÓN TUNA,390
CANDYLAND,9044400841000,JP1U1000,JUGUETE PEZ 1U,"3.990,00"
DESPENSA,7801235131117,JS421117,JUREL SAN JOSE 425G,"2.590,00"
DESPENSA,7801235004602,JS424602,JUREL SAN JOSE AL NATURAL 425GR,"2.490,00"
LACTEOS,7802900003371,KS1L3371,KEFIR SABOR BERRIES SOPROLE 1L,"2.690,00"
LACTEOS,7802900003364,FESOSATR1L3364,KEFIR SOPROLE SABOR TROPICAL 1L,"2.990,00"
BEBIDAS,7801620350185,KN0185,"KEM NORMAL 1,5L","2.190,00"
BEBIDAS,7801620350215,KEPI200215,KEM PIÑA 2.0L,"2.490,00"
BEBIDAS,7801620008123,KEPI208123,KEM PIÑA 2.0L ZERO,"2.490,00"
BEBIDAS,7801620001223,KP3L1223,KEM PIÑA 3L,"3.390,00"
BEBIDAS,7801620016036,KP6036,KEM PIÑA 500ML,"1.590,00"
BEBIDAS,7801620001988,KX151988,"KEM XTREME 1,5L","2.190,00"
BEBIDAS,7801620010621,KEXT200621,KEM XTREME 2.0L,"2.490,00"
BEBIDAS,7801620005306,KZ5306,"KEM ZERO 1,5L","2.190,00"
QUESOS Y FIAMBRES,7804660610301,KV200301,KESU VEGANO SABOR MANTECOSO RIKU 200G,"5.090,00"
DESPENSA,7804652980184,KC350184,KETCHUP CLASICO BY MARIA 350G,"4.190,00"
DESPENSA,7802351611002,KD101002,KETCHUP DON JUAN 100G,490
DESPENSA,7802351614607,KD244607,KETCHUP DON JUAN 240G,"1.890,00"
DESPENSA,608875008994,KD198994,KETCHUP DOYPACK HEINZ 190G,"1.990,00"
DESPENSA,608875005146,KD625146,KETCHUP DOYPACK HEINZ 620G,"3.990,00"
DESPENSA,7800159004668,KH104668,KETCHUP HEINZ 1070G,"7.790,00"
DESPENSA,735051016372,KEHE396372,KETCHUP HEINZ 397G,"3.090,00"
DESPENSA,608875001025,KH3971025,KETCHUP HEINZ 397GR,"4.690,00"
DESPENSA,608875007713,KEHE907713,KETCHUP HEINZ 900G,"4.790,00"
DESPENSA,7800159000752,KH390752,KETCHUP HEINZ DE TAMATE 397GR,"4.590,00"
DESPENSA,7800159000240,KH560240,KETCHUP HEINZ REGULAR 567GR,"7.290,00"
DESPENSA,608875001001,KH67G1001,KETCHUP HEINZ SQUEEZE 567G,"6.990,00"
DESPENSA,7802640793471,KH103471,KETCHUP HELLMAN'S 100G,"1.190,00"
DESPENSA,7805000323196,KH203196,KETCHUP HELLMANN'S 200G,"1.890,00"
DESPENSA,7802640720538,KH500538,KETCHUP HELLMANNS 500GR,"3.290,00"
DESPENSA,7805000322502,KEHE902502,KETCHUP HELLMANNS 900G,"4.690,00"
DESPENSA,7891150103412,KH393412,KETCHUP HELLMANS SUPREME 390GR,"4.890,00"
DESPENSA,7800159081164,KK901164,KETCHUP KRAFT 90G,"1.290,00"
DESPENSA,7800159081171,KK3501171,KETCHUP KRAFT REAL 350GR,"2.890,00"
DESPENSA,7804652980153,KP350153,KETCHUP PICANTE BY MARIA 350G,"4.190,00"
DESPENSA,7802351002442,KS102442,KETCHUP SPICY INFERNO 100G,"1.490,00"
DESPENSA,7802337930240,KT250240,KETCHUP TRAVERSO 250G,"1.190,00"
CANDYLAND,602652257247,KIMI207247,KIND MINIS 20G CARAMEL ALMOND,690
CANDYLAND,602652257162,KIMI207162,KIND MINIS 20G PEANUT BUTTER,690
DULCES Y CHOCOLATES,80906032,KT186032,KINDER TRONKY 18G,"1.190,00"
CANDYLAND,034000452262,KIKA422262,KIT KAT 42G BIRTHDAY CAKE,"2.990,00"
CANDYLAND,034000318940,KIKA428940,KIT KAT 42G CHOCOLATE DONUT,"2.990,00"
CANDYLAND,3800020401637,KK411637,KIT KAT AVELLANA 41.5GR,"2.990,00"
USAMARKET,3800020401491,KK991491,KIT KAT SALTED CARAMEL 99GR,"3.990,00"
CARNICERIA,73784224037692,KIPA89,KIT PARRILLERO TRES TORRES 8990KG,1
CANDYLAND,8445290553409,KD413409,"KITKAT DARK 41,5G","1.790,00"
BEBIDAS,7804665370040,KA500040,KOMBUCHA ARANDAMOS 500ML,"3.990,00"
BEBIDAS,7804665370262,KC350262,KOMBUCHA CERO ARANDANO KOMBUCHACHA 355ML,"3.090,00"
BEBIDAS,7804665370279,KC350279,KOMBUCHA CERO CEDRON KOMBUCHACHA 355ML,"3.090,00"
BEBIDAS,7804665370286,KJ350286,KOMBUCHA JENGIBRE KOMBUCHACHA 355ML,"3.090,00"
BEBIDAS,7804665370002,KO500002,KOMBUCHA ORIGINAL KOMBUCHACHA 500ML,"3.990,00"
BEBIDAS,7804665370293,KT350293,KOMBUCHA TE NEGRO ORIGINAL KOMBUCHACHA 355ML,"3.090,00"
BEBIDAS,7804665370026,KT500026,KOMBUCHA TE VERDE LIMON KOMBUCHACHA 500ML,"3.990,00"
BEBIDAS,7804665370309,KT350309,KOMBUCHA TE VERDE ORIGINAL KOMBUCHACHA 355ML,"3.090,00"
HIGIENE Y CUIDADO PERSONAL,7441008154594,KT8U4594,KOTEX TAMPONES CON APLICADOR REGULAR 8U,"3.690,00"
HIGIENE Y CUIDADO PERSONAL,7441008154600,KT8U4600,KOTEX TAMPONES CON APLICADOR SÚPER 8U,"3.690,00"
HIGIENE Y CUIDADO PERSONAL,7441008154617,KT8U4617,KOTEX TAMPONES CON APLICADOR SUPER PLUS 8U,"3.690,00"
DULCES Y CHOCOLATES,041376103254,KP723254,KRABBY PATTIES BAG 72G,"2.990,00"
CANDYLAND,041376107894,KP727894,KRABBY PATTIES PATTIES WATERMELON 72G,"2.990,00"
SNACKS,7802420011054,KS2001054,KRAKS SABOR QUESO MARCO POLO 200G,"2.890,00"
MENAJE Y LIBRERIA,6984003002671,KS6U2671,KRONS SET 6 CUCHARAS NEWCASTLE 6U,"3.790,00"
SNACKS,7802800535569,KI375569,KRYZPO INDIVIDUAL SABOR ORIGINAL  37G,"1.090,00"
SNACKS,7802800535590,KRIN375590,KRYZPO INDIVIDUAL SABOR PIZZA 37G,"1.090,00"
SNACKS,7802800535576,KI375576,KRYZPO INDIVIDUAL SABOR QUESO  37G,"1.090,00"
SNACKS,7802800533589,KS133589,KRYZPO SABOR CREMA CEBOLLA  130G,"2.890,00"
SNACK,7802800533831,KW333831,KRYZPO WAVY SABOR CHEDDAR 33G,990
SNACK,7802800535583,KW335583,KRYZPO WAVY SABOR CREMA CEBOLLA 33G,990
SNACK,7802800533824,KW333824,KRYZPO WAVY SAL DE MAR 33G,990
HELADOS,8445290262790,LACRCRRA2790,LA CREMERIA CRUNCHYS RASPBERRY,"7.390,00"
HIGIENE Y CUIDADO PERSONAL,7806500962823,LS7U2823,LADY SOFT NOCTURNA X7 7U,"2.190,00"
DULCES Y CHOCOLATES,7802225212540,LA132540,LANGUETAZO ARCOR 13G,590
DULCES Y CHOCOLATES,7802225212519,LA132519,LANGUETAZO ARCOR NARANJA/MANDARINA 13G,590
MENAJE Y LIBRERIA,070330125155,LABI3U5155,LAPICES BIC AZUL 3U,"1.690,00"
MENAJE Y LIBRERIA,7807265052613,LD122613,LAPICES DE COLORES PLUS PROARTE 12U,"2.290,00"
MENAJE Y LIBRERIA,7807265994968,LD124968,LAPICES DE COLORES TRIANGULARES PROARTE 12U,"2.590,00"
MENAJE Y LIBRERIA,7807265009242,LG129242,LAPICES GRAFITO HB N2 PROARTE 12U,"2.590,00"
MENAJE Y LIBRERIA,070330130425,LABI3U0425,LAPIZ BIC 3U,"1.690,00"
MENAJE Y LIBRERIA,070330201200,PABI1U1200,LAPIZ PASTA BIC 1U AZUL,500
MENAJE Y LIBRERIA,070330201194,PABI1U1194,LAPIZ PASTA BIC 1U NEGRO,500
MENAJE Y LIBRERIA,4148314201013,LP1.1013,LAPIZ PASTA FULTONS NEGRO 1.0MM,290
MENAJE Y LIBRERIA,4148314201037,LP1.1037,LAPIZ PASTA FULTONS NEGRO 1.0MM,290
DESPENSA,7802575015662,LP335662,LASAÑA PRECOCIDA CAROZZI 330G,"2.490,00"
DESPENSA,7802575015174,LP365174,LASAÑA PRECOCIDA CAROZZI 360G,"2.590,00"
DESPENSA,7802500221663,LP361663,LASAÑA PRECOCIDA LUCCHETTI 360G,"2.490,00"
DESPENSA,7802410101963,LG5G1963,LAUREL GOURMET 5G,690
LIMPIEZA,7805000322045,LQ202045,LAVALOZA QUIX 200ML,"1.490,00"
LIMPIEZA,7805000322021,LQ502021,LAVALOZA QUIX 500ML,"2.490,00"
LIMPIEZA,78050003240327,LQ200327,LAVALOZA QUIX ULTRA 200ML,"2.290,00"
DESPENSA,7805000323608,74698398777014,LAVALOZA QUIX ULTRA CONCENTRADO 300ML,"3.490,00"
LIMPIEZA,7805040002136,LV1L2136,LAVALOZA VIRGINIA CONCENTRACION LIMON 1L,"2.790,00"
LIMPIEZA,7804920280619,LC1L619,LAVALOZAS CONCENTRADO FUZOL POWER CITRUS 1L,"2.090,00"
LIMPIEZA,7804920280879,LC1L879,LAVALOZAS CONCENTRADO FUZOL POWER CLEAN 1L,"2.090,00"
LIMPIEZA,7805040003300,LC203300,LAVALOZAS CONCENTRADO VIRGINIA 200ML,"1.390,00"
LIMPIEZA,7805000323325,LQ483325,LAVALOZAS QUIX 480ML,"1.990,00"
LIMPIEZA,0781159797132,LT1U7132,LAVAMAS TRAPERO AMARILLO CON OJAL 1U,"1.890,00"
SNACKS,7802000019234,LM239234,LAYS MEDITERRANEO JAMON SERRANO 230G,"2.590,00"
SNACKS,7802000019227,LO239227,LAYS OREGANO 230G,"2.590,00"
SNACK,7802000018343,LS188343,LAYS SABOR KETCHUP 180G,"3.090,00"
LACTEOS,7613038883762,LA123762,LECHE ASADA NESTLE 120G,790
LACTEOS,7802900002862,LC1L2862,LECHE CAPUCCINO SOPROLE GOLD 1L,"2.790,00"
LACTEOS,7802920801087,LC1L1087,LECHE CHOCOLATADA COLUN 1L,"1.990,00"
LACTEOS,7802910000797,LC200797,LECHE CHOCOLATADA SIN LACTOSA LONCO LECHE 200ML,690
LACTEOS,7802900002855,LC1L2855,LECHE CHOCOLATE GOLD 1L,"2.690,00"
LACTEOS,7802920009605,LECOSE209605,LECHE COLUM SEMIDESCREMADA 200ML,690
LACTEOS,7802920007182,LECOSECH207182,LECHE COLUM SEMIDESCREMADA CHOCOLATE 200ML,690
LACTEOS,7802920007519,LC17519,LECHE COLUM SIN LACTOSA SEMIDESCREMADA 1L,"2.690,00"
LACTEOS,7802920010649,LC10649,LECHE COLUN A2 ENTERA SIN LACTOSA 1L,"3.390,00"
LACTEOS,7802920777214,LC207214,LECHE COLUN CHOCOLATE 200ML,690
LACTEOS,7802920011608,LC2001608,LECHE COLUN CHOCOLATE SEMI DESCREMADA 200ML,790
LACTEOS,7802920007120,LC1L7120,LECHE COLUN CHOCOLATE SEMIDESCREMADA 1L,"2.290,00"
LACTEOS,7802920001203,LC11203,LECHE COLUN CULTIVADA FRUTILLA LIGHT 1L,"2.990,00"
LACTEOS,7802920007595,LC17595,LECHE COLUN DESCREMADA 1L,"1.690,00"
LACTEOS,7802920106168,LC206168,LECHE COLUN DESCREMADA 200ML,790
LACTEOS,7802920009339,LC19339,LECHE COLUN DESCREMADA SIN LACTOSA 1L,"1.790,00"
LACTEOS,7802920003184,LC103184,LECHE COLUN EN POLVO DESCREMADA 100GR,"1.690,00"
LACTEOS,7802920007137,LC1L7137,LECHE COLUN FRUTILLA 1L,"2.090,00"
LACTEOS,7802920759135,LC209135,LECHE COLUN FRUTILLA 200ML,690
LACTEOS,7802920009315,LC19315,LECHE COLUN NATURAL SIN LACTOSA 1L,"1.790,00"
LACTEOS,7802920005782,LC2005782,LECHE COLUN PLATANO SEMIDESCREMADA 200ML,790
LACTEOS,7802920000091,LC1L0091,LECHE COLUN SEMI DESCREMADA BLANCA 1L,"1.690,00"
LACTEOS,7802920007410,LC1L7410,LECHE COLUN SEMI DESCREMADA SIN LACTOSA 1L,"1.790,00"
LACTEOS,7802920007564,LC17564,LECHE COLUN SEMIDESCREMADA 1L,"1.690,00"
LACTEOS,7802920009636,LC209636,LECHE COLUN SEMIDESCREMADA 200ML,790
LACTEOS,7802920009322,LC19322,LECHE COLUN SEMIDESCREMADA SIN LACTOSA 1L,"1.790,00"
LACTEOS,7802920008158,LECOSACASILACO338158,LECHE CON SABOR CARAMEL SIN LACTOSA COLUM LIGHT 330ML,"1.390,00"
LACTEOS,7896034680010,LC390010,LECHE CONDENSADA CON LACTOSA PARMALAT 395G,"2.090,00"
DESPENSA,8445290794734,LC394734,LECHE CONDENSADA LECHE SUR 397GR,"2.390,00"
LACTEOS,8445291404380,LC184380,LECHE CONDENSADA NESTLE 180G,"1.890,00"
LACTEOS,7613030049883,LC399883,LECHE CONDENSADA NESTLE 397G,"2.490,00"
LACTEOS,7802920005171,LC185171,LECHE CULTIVADA COLUN CHIRIMOYA LIGHT 180ML,990
LACTEOS,7802920005164,LC185164,LECHE CULTIVADA COLUN FRUTILLA LIGHT 180ML,990
LACTEOS,7802920001234,LECU1L1234,LECHE CULTIVADA LIGHT FIBRA COLUN 1L CHIRIMOYA,"2.790,00"
LACTEOS,7802920003320,LECU1L3320,LECHE CULTIVADA LIGHT FIBRA COLUN 1L FRAMBUESA,"2.790,00"
LACTEOS,7802900345082,LECU15082L,LECHE CULTIVADA NEXT FRAMBUESA 1L,"2.690,00"
LACTEOS,7802900002329,LC1L2329,LECHE CULTIVADA PROTEIN+ CHIRIMOYA 1L,"3.390,00"
LACTEOS,7802900002312,LC1L2312,LECHE CULTIVADA PROTEIN+ FRUTILLA 1L,"3.390,00"
LACTEOS,7802900003340,LC1L3340,LECHE CULTIVADA PROTEIN+ NATURAL 1L,"3.390,00"
LACTEOS,7802900003333,LC1L3333,LECHE CULTIVADA PROTEIN+ TROPICAL 1L,"3.390,00"
LACTEOS,7802920000084,LD1L0084,LECHE DESCREMADA COLUN 1L,"1.690,00"
LACTEOS,7802920007403,LD1L7403,LECHE DESCREMADA COLUN SIN LACTOSA 1L,"1.790,00"
LACTEOS,7802900001346,LD1L1346,LECHE DESCREMADA SOPROLE 1L,"1.390,00"
LACTEOS,7802900048013,LD1L8013,LECHE DESCREMADA SOPROLE ZERO LACTO 1L,"1.790,00"
DESPENSA,8445290906281,LE306281,LECHE EN POLVO BUEN DIA BOLSA 300G,"4.090,00"
LACTEOS,7802920009872,LE359872,LECHE EN POLVO COLUN DESCREMADA 350G,"3.990,00"
LACTEOS,8445290193193,LE133193,LECHE EN POLVO NIDO BUEN DIA 130G,"1.790,00"
LACTEOS,7802920777542,LE1L7542,LECHE ENTERA COLUN 1L,"1.690,00"
LACTEOS,7802920801858,LE201858,LECHE ENTERA COLUN 200ML,790
LACTEOS,7802920007397,LE1L7397,LECHE ENTERA COLUN SIN LACTOSA 1L,"1.790,00"
LACTEOS,7802920003023,LE123023,LECHE ENTERA EN POLVO COLUN 120G,"1.390,00"
LACTEOS,7802900001308,LE1L1308,LECHE ENTERA NATURAL SOPROLE 1L,"1.690,00"
BEBES,8445290262387,LE132387,LECHE ENTERA NIDO 1350G,"16.890,00"
LACTEOS,7802900002268,LE202268,LECHE ENTERA SOPROLE 200ML,690
LACTEOS,7752087774932,LE374932,LECHE EVAPORADA IDEAL 375ML,"2.590,00"
LACTEOS,8445291028081,LE378081,LECHE EVAPORADA IDEAL 375ML,"2.590,00"
LACTEOS,7802900050023,LF1L0023,LECHE FRUTILLA SOPROLE 1L,"1.890,00"
LACTEOS,7802910002241,LI852241,LECHE INSTANTANEA CALO ENTERA 850G,"8.290,00"
LACTEOS,7802910000247,LL1L0247,LECHE LONCOLECHE FRUTILLA 1L,"2.490,00"
LACTEOS,7802910000254,LL1L0254,LECHE LONCOLECHE PLATANO 1L,"2.490,00"
LACTEOS,7802910000261,LL1L0261,LECHE LONCOLECHE VAINILLA 1L,"2.490,00"
LACTEOS,7613287506399,LM336399,LECHE MILO PROTEIN UP 330ML,"1.890,00"
LACTEOS,7802900001292,LN1L1292,LECHE NATURAL SEMIDESCREMADA SOPROLE 1L,"1.490,00"
LACTEOS,7802900003401,LN1L3401,LECHE NATURAL ZEROLACTO SOPROLE 1L,"1.790,00"
LACTEOS,7802950006209,LN2006209,LECHE NESTLE MILO 200ML,890
LACTEOS,8445290732514,LN702514,LECHE NIDO ETAPA 1 700G,"9.990,00"
BEBES,8445290510860,LN130860,LECHE NIDO ETAPA 1 AÑO 1350G,"16.090,00"
BEBES,8445290510891,LN130891,LECHE NIDO ETAPA 3 AÑOS 1350G,"18.290,00"
BEBES,8445290511027,LN131027,LECHE NIDO ETAPA 5 AÑOS 1350G,"14.190,00"
LACTEOS,7802910007093,LP1L7093,LECHE PROTEIN LONCO LECHE CAPPUCHINO 1L,"2.990,00"
LACTEOS,7802910007123,LP1L7123,LECHE PROTEIN LONCO LECHE CHOCOLATE 1L,"2.990,00"
LACTEOS,7802910008052,LEPR208052,LECHE PROTEIN LONCOLECHE 200ML CAPPUCCINO,890
LACTEOS,7802910008069,LP208069,LECHE PROTEIN LONCOLECHE 200ML CHOCOLATE,890
LACTEOS,7802920008110,LESA332110,LECHE SABOR CAPPUCCINO COLUN 330ML,"1.290,00"
LACTEOS,7802920008127,LESA338127,LECHE SABOR CARAMELO COLUN 330ML,"1.290,00"
LACTEOS,7802920009506,LESA339506,LECHE SABOR CHOCOLATE COLUN 330ML,"1.290,00"
LACTEOS,7802920007151,LESA1L7151,LECHE SABOR MANJAR COLUN 1L,"2.090,00"
LACTEOS,7802920007168,LESA1L7168,LECHE SABOR VAINILLA COLUN 1L,"2.090,00"
LACTEOS,7802920106106,SAVA206106,LECHE SABOR VAINILLA COLUN 200ML,690
LACTEOS,7802900001421,LS1L1421,LECHE SEMIDESCREMADA CACAO PROTEIN+ 1L,"2.990,00"
LACTEOS,7802900056070,LS206070,LECHE SEMIDESCREMADA CON CACAO SOPROLE 200ML,690
LACTEOS,7802900002381,LS1L2381,LECHE SEMIDESCREMADA PROTEIN 1L,"3.090,00"
LACTEOS,7802900001520,LS201520,LECHE SEMIDESCREMADA PROTEIN 200ML,790
LACTEOS,7802900195076,LS1L5076,LECHE SEMIDESCREMADA ZEROLACTO CON CACAO SOPROLE 1L,"2.490,00"
LACTEOS,7802900028473,LS208473,LECHE SOPROLE CHOCOLATE 200ML,690
LACTEOS,7802900197070,LS207070,LECHE SOPROLE CHOCOLATE ZEROLACTO 200ML,590
LACTEOS,7802900056025,LS206025,LECHE SOPROLE FRUTILLA 200ML,590
LACTEOS,7802900003036,LS203036,LECHE SOPROLE GOLD CAPPUCCINO 200ML,790
LACTEOS,7802900002633,LS12633,LECHE SOPROLE NATURAL ENTERA NO RECONSTRUIDA 1L,"1.890,00"
LACTEOS,7802900050078,LS1L0078,LECHE SOPROLE SABOR CACAO 1L,"2.190,00"
LACTEOS,7802900028374,LS1L8374,LECHE SOPROLE SABOR CHOCOLATE 1L,"2.290,00"
LACTEOS,7802900004378,LESOSE204378,LECHE SOPROLE SEMIDESCREMASA 200ML,690
LACTEOS,7802900200817,LESOZELA1L0817,LECHE SOPROLE ZERO LACTO 1L,"1.790,00"
LACTEOS,7802950006339,LT206339,LECHE TRENCITO 200ML,790
LACTEOS,7804659652213,LV12213,LECHE VEGETAL NOT MILK SUPER SIMPLE 1L,"3.590,00"
LACTEOS,7804671930245,LV10245,LECHE VEGETAL VILAY ALMENDRA SIN AZUCAR 1L,"2.990,00"
LACTEOS,7804671930238,LV1L0238,LECHE VILAY ALMENDRAS ORIGINAL 1L,"2.890,00"
LACTEOS,7804671930320,LV200320,LECHE VILAY ALMENDRAS ORIGINAL 200ML,790
CASA Y JARDIN,1234523,LE1U4523,LEÑA 1U,"5.990,00"
PASTELERIA,7803495003401,LG20G3401,LENGUA DE GATO PULMAHUE 200G,"2.890,00"
DESPENSA,7803110108252,L61K8252,LENTEJAS 6MM BANQUETE 1K,"4.790,00"
DESPENSA,7801505003052,LI393052,LENTEJAS IANSA LISTAS 390GR,"1.590,00"
DESPENSA,7801305004082,LW384082,LENTEJAS WASIL 380G,"1.790,00"
MENAJE Y LIBRERIA,714082598990,LI1U8990,LETRAS INFLABLES FELIZ CUMPLEAÑOS 1U,"4.990,00"
MENAJE Y LIBRERIA,724798619503,LI1U9503,LETRAS INFLABLES FELIZ CUMPLEAÑOS 1U,"4.990,00"
MENAJE Y LIBRERIA,714290823354,LI1U3354,LETRAS INFLABLES FELIZ CUMPLEAÑOS 1U,"4.990,00"
MENAJE Y LIBRERIA,724466713736,LI1U3736,LETRAS INFLABLES FELIZ CUMPLEAÑOS 1U,"4.990,00"
MENAJE Y LIBRERIA,6925461024010,LI1U4010,LETRAS INFLABLES FELIZ CUMPLEAÑOS 1U,"4.990,00"
MENAJE Y LIBRERIA,7057201125141,LI1U5141,LETRAS INFLABLES FELIZ CUMPLEAÑOS 1U,"4.990,00"
MENAJE Y LIBRERIA,724247812187,LI1U2187,LETRAS INFLABLES FELIZ CUMPLEAÑOS 1U,"4.990,00"
DESPENSA,7803000000475,LL100475,LEVADURA LEFERSA 10G,390
DESPENSA,7803000202114,LL122114,LEVADURA LEFERSA SECA 125GR,"2.990,00"
PANADERIA,78011083,LP381083,LEVADURA PAN LEFERSA 38G,690
DESPENSA,17929418229,LS128229,LEVADURA SAF SECA INSTANTANEA 125GR,"4.090,00"
DESPENSA,7803010031124,LS101124,LEVADURA SECA COLLICO 10G,490
LIMPIEZA,7806810023757,LV503757,LIAMPIAVIDRIOS VIRUTEX 500ML,"3.890,00"
BOTILLERIA,7802110003246,LIAL753246,LICOR ALTO DEL CARMEN HIGH BERRIES 750CC,"11.890,00"
BOTILLERIA,7802118000018,LB900018,LICOR BITTER ARAUCANO APERITIVO DIGESTIVO 900CC,"10.690,00"
BOTILLERIA,7896002111836,C5961836,LICOR CACHAZA 51 965ML,"9.390,00"
BOTILLERIA,7891136052000,LC752000,LICOR CAMPARI 750CC,"17.090,00"
BOTILLERIA,7503024593648,LC753648,LICOR CON AGAVE DE JALISMO 750CC,"14.890,00"
BOTILLERIA,7802150000229,LD750229,LICOR DE CACAO MITJANS 750CC,"8.690,00"
BOTILLERIA,7802150000328,LD750328,LICOR DE CAFE MITJANS 750CC,"8.390,00"
BOTILLERIA,7802150000366,LD750366,LICOR DE CURACAO MITJANS 750CC,"8.390,00"
BOTILLERIA,4067700018243,LD708243,LICOR DE HIERVAS JAGERMEISTER 700CC,"16.990,00"
BOTILLERIA,7802150000557,LD750557,LICOR DE MANZANILLA MITJANS 750CC,"8.390,00"
BOTILLERIA,7802150000724,LD750724,LICOR DE MENTA MITJANS 750CC,"8.390,00"
BOTILLERIA,7790290001193,LF751193,LICOR FERNET BRANCA 750CC,"15.290,00"
BOTILLERIA,7802150001202,FM901202,LICOR FERNET MITJANS 900ML,"9.590,00"
BOTILLERIA,7802150000427,LM7500427,LICOR MITJANS CHERRY 750ML,"7.490,00"
CANDYLAND,019000085016,LS175016,LIFE SAVERS HARD CANDY 177GR,"5.990,00"
CANDYLAND,22000014641,LG114641,LIFESAVERS GUMMIES 5 FLAVORS 119G,"2.990,00"
HIGIENE Y CUIDADO PERSONAL,8883075261642,LD2U1642,LIMA DE UÑAS 2U,"1.890,00"
HIGIENE Y CUIDADO PERSONAL,8883075261611,LP2U1611,LIMA PROFESIONAL NEGRA 2U,"4.190,00"
BEBIDAS,7801620001643,LS3L1643,LIMON SODA 3L,"3.390,00"
BEBIDAS,7801620340216,LS2L0216,LIMON SODA CANADA DRY 2L,"2.490,00"
BEBIDAS,7801620340186,LS0186,"LIMON SODA NORMAL 1,5L","2.190,00"
BEBIDAS,7801620340155,LS0155,LIMON SODA NORMAL LATA 350CC,"1.190,00"
BEBIDAS,7801620002787,LS2787,"LIMON SODA ZERO 1,5L","2.190,00"
JUGOS,7803908008160,LG18160,LIMONADA GUALLARAUCO 0 AZUCAR 1L,"3.890,00"
JUGOS,7803908008177,LG18177,LIMONADA GUALLARAUCO FRAMBUESA 0 AZUCAR 1L,"3.890,00"
BEBIDAS,7803908006203,LG16203,LIMONADA GUALLARAUCO FRAMBUESA SIN AZUCAR 1L,"3.890,00"
LIMPIEZA,7790520018632,LV508632,LIMPIA VIDRIOS MULTIUSO GATILLO MR MUSCULO 500CC,"4.590,00"
LIMPIEZA,7805025697494,LA907494,LIMPIADOR AROMATIZANTE POETT ALEGRA TU DIA 900ML,"1.990,00"
LIMPIEZA,7805025690945,LA9000945,LIMPIADOR AROMATIZANTE POETT ESPIRITY PLAY 900ML,"2.190,00"
LIMPIEZA,7805025688362,LA258362,LIMPIADOR AROMATIZANTE POETT FLORES 250ML,790
LIMPIEZA,7805025694219,LA484219,LIMPIADOR AROMATIZANTE POETT FLORES 485ML,"1.290,00"
LIMPIEZA,7793253025601,LA905601,LIMPIADOR AROMATIZANTE POETT FLORES 900ML,"1.990,00"
LIMPIEZA,7793253003548,LA903548,LIMPIADOR AROMATIZANTE POETT FLORES DE PRIMAVERA 900ML,"1.990,00"
LIMPIEZA,7805025698439,LA488439,LIMPIADOR AROMATIZANTE POETT FRESCO DESPERTAR 485ML,"1.290,00"
LIMPIEZA,7805025698422,LA908422,LIMPIADOR AROMATIZANTE POETT FRESCO DESPERTAR 900ML,"2.290,00"
LIMPIEZA,7805025697760,LA907760,LIMPIADOR AROMATIZANTE POETT FRESCURA CITRICA 900ML,"1.990,00"
LIMPIEZA,7792960000147,LA900147,LIMPIADOR AROMATIZANTE POETT FRESCURA DE LAVANDA 900ML,"1.990,00"
LIMPIEZA,7793253003500,LA903500,LIMPIADOR AROMATIZANTE POETT FRESCURA DE LAVANDA 900ML,"1.990,00"
LIMPIEZA,7805025688355,LA258355,LIMPIADOR AROMATIZANTE POETT LAVANDA 250ML,790
LIMPIEZA,7805025694202,LA484202,LIMPIADOR AROMATIZANTE POETT LAVANDA 485ML,"1.290,00"
LIMPIEZA,7793253003456,LA903456,LIMPIADOR AROMATIZANTE POETT LAVANDA 900ML,"1.990,00"
LIMPIEZA,7793253003609,LA903609,LIMPIADOR AROMATIZANTE POETT MUSICA 900ML,"1.990,00"
LIMPIEZA,7793253003470,LA903470,LIMPIADOR AROMATIZANTE POETT SUAVIDAD DE ALGODON 900ML,"1.990,00"
LIMPIEZA,7805025697531,LA907531,LIMPIADOR AROMATIZANTEPOETT MUSICA EN PRIMAVERA 900ML,"1.990,00"
LIMPIEZA,7791290789876,LC509876,LIMPIADOR CIF ANTIGRASA BIODEGRADABLE 500ML,"4.290,00"
LIMPIEZA,7791290789906,LC509906,LIMPIADOR CIF BAÑO BIODEGRADABLE 500ML,"4.290,00"
LIMPIEZA,7791290794238,LC374238,LIMPIADOR CIF BIOACTIVE 375GR,"2.290,00"
LIMPIEZA,7791290794252,LC374252,LIMPIADOR CIF BIOACTIVE LIMON 375GR,"2.490,00"
LIMPIEZA,7791290794221,LE754221,LIMPIADOR EN CREMA CIF 750ML,"2.590,00"
LIMPIEZA,7791290794245,LE504245,LIMPIADOR EN CREMA CIF BIOACTIVE LIMON 500ML,"3.790,00"
LIMPIEZA,7804660170515,LP500515,LIMPIADOR EN POLVO MULTIUSO KLIN FRESH 500G,"1.890,00"
LIMPIEZA,7806810016506,LL906506,LIMPIADOR LIQUIDO DESINFECTANTE VIRUTEX AROMA LAVANDA 900ML,"1.990,00"
LIMPIEZA,7806810016513,LL906513,LIMPIADOR LIQUIDO DESINFECTANTE VIRUTEX AROMA PRIMAVERA 900ML,"1.990,00"
LIMPIEZA,7806810016353,LL906353,LIMPIADOR LIQUIDO DESINFECTANTE VIRUTEX AROMA VITALIDAD 900ML,"1.990,00"
LIMPIEZA,7806810016537,LL906537,LIMPIADOR LIQUIDO DESINFECTANTE VIRUTEX CITRICO 900ML,"1.990,00"
LIMPIEZA,7501058716552,LH206552,LIMPIADOS HARPIC REMOVEDOR DE SARRO 200ML,"1.990,00"
LIMPIEZA,7805040005199,LM405199,LIMPIAVIDRIOS MULTIUSO IGIENIX RECARGA 400ML,"1.390,00"
LIMPIEZA,7805040005311,LM505311,LIMPIAVIDRIOS MULTIUSOS GATILLO IGENIX 500ML,"2.990,00"
Sin Tipo,7804682780136,LH10136,LINTERNA HYPER TOUGH LED 1U,"2.290,00"
DESPENSA,7801268002033,LA162033,LOMITOS ATUN EN ACEITE ANGELMO 160G,"1.790,00"
DESPENSA,7801268002040,LA162040,LOMITOS ATUN EN AGUA ANGELMO 160G,"1.790,00"
DESPENSA,7702367003900,LD163900,LOMITOS DE ATUN EN ACEITE VAN CAMPS 160G,"2.290,00"
DESPENSA,7702367003917,LD163917,LOMITOS DE ATUN EN AGUA VAN CAMPS 160G,"2.290,00"
QUESOS Y FIAMBRES,76728743689443,LK20,LOMO KASSLER LA FIAMBRERIA 200GR,"4.590,00"
CARNICERIA,2109350113083,LL1K4555,LOMO LISO 1K,"17.990,00"
CARNICERIA,2112010167937,LV1K4554,LOMO VETADO 1K,"18.990,00"
CONGELADOS,7809611707758,LD287758,LONGANICILLA DE CAMPO AL MERKEN LA CRIANZA 280G,"4.190,00"
QUESOS Y FIAMBRES,7801930021560,LC281508,LONGANICILLA DE CAMPO AL MERKEN RECETA DEL ABUELO 280G,"4.090,00"
CONGELADOS,7809611703620,LD283620,LONGANICILLA DE CAMPO LA CRIANZA 280G,"4.190,00"
CARNICERIA,7801916036397,LD286397,LONGANICILLA DE CAMPO LA PREFERIDA 280G,"3.590,00"
CONGELADOS,7809611716071,LD286071,LONGANICILLA DE CAMPO PATAGONICA LA CRIANZA 280G,"4.190,00"
QUESOS Y FIAMBRES,7801930021584,LC281584,LONGANICILLA DE CAMPO RECETA DEL ABUELO 280G,"4.090,00"
CARNICERIA,7801915000825,LL280825,LONGANICILLA LA CRIANZA TRADICIONAL 280GR,"4.190,00"
CARNICERIA,7809611720313,LL360313,LONGANICILLA LA CRIAZA DE CAMPO 360GR,"5.190,00"
CARNICERIA,7801916036380,LS286380,LONGANICILLA SUREÑA LA PREFERIDA 280G,"3.590,00"
CARNICERIA,7801930007380,LP257380,LONGANISA PF PARRILLERA 250GR,"3.390,00"
CARNICERIA,76927041013521,LD4,LONGANIZA DE CHILLAN DON COLONA PREMIUN 4U,"6.990,00"
CARNICERIA,7801916038544,LL508544,LONGANIZA LA PREFERIDA 500G,"6.090,00"
CARNICERIA,73784228808482,LOPA1KG,LONGANIZA PARRILLERA TRES TORRES 7990KG,1
CARNICERIA,1234541,LP1U4541,LONGANIZA PREMIUM DON RICARDITO 1U,"4.890,00"
CARNICERIA,7804642980194,LS500194,LONGANIZA SCHWENCKE 500GR,"8.690,00"
CARNICERIA,7804642980439,LS500439,LONGANIZA SCHWENCKE PREMIUN AHUMADA 500GR,"8.690,00"
BEBIDAS,7804643820543,LL470543,LOVE LEMON BLUE 475ML,"2.890,00"
FERRETERIA,079567520054,LM190054,LUBRICANTE MULTIUSOS WD 40 191ML,"8.890,00"
USAMARKET,725181389019,LB309019,LUCAS BOMVASO 30G,"1.490,00"
CANDYLAND,810008800980,LG700980,LUCAS GUMMIES SPICY MANGO 70GR,"2.990,00"
CANDYLAND,810008800997,LG700997,LUCAS GUMMIES SPICY WATERMELON 70GR,"2.990,00"
CANDYLAND,78518103501,LG323501,LUCAS GUSANO CHAMOY 32GR,"1.490,00"
CANDYLAND,725181009016,LG329016,LUCAS GUSANO TAMARINDO 32GR,"1.490,00"
CANDYLAND,7502226815053,LM245053,LUCAS MUECAS CEREZA 24G,"1.490,00"
USAMARKET,7502226815022,LM425022,LUCAS MUECAS CHAMOY 42GR,"1.490,00"
CANDYLAND,7502226814995,LM244995,LUCAS MUECAS MANGO  24G,"1.490,00"
USAMARKET,7502226815114,LM425114,LUCAS MUECAS PEPINO24GR,"1.490,00"
CANDYLAND,725181363019,LM253019,LUCAS MUECAS PICANTE CEREZA 25G,"1.490,00"
USAMARKET,725181203018,LM253018,LUCAS MUECAS PICANTE MANGO 25G,"1.490,00"
CANDYLAND,7502226812335,LM252335,LUCAS MUECAS PICANTE WATERMELON 25G,"1.490,00"
CANDYLAND,7502226815084,LM245084,LUCAS MUECAS SANDIA 24G,"1.490,00"
CANDYLAND,7502226819358,LM249358,LUCAS MUECAS SOUR ACIDITO 24G,"1.490,00"
USAMARKET,7506174513894,LM423894,LUCAS MUECAS TAMARINDO 42GR,"1.490,00"
CANDYLAND,725181021018,LUPO201018,LUCAS POLVOS MANGO 20G,"1.490,00"
CANDYLAND,706460751406,LS241406,LUCAS SKWINKLES 24G,"1.490,00"
CANDYLAND,725181249016,LS249016,LUCAS SKWINKLES 24GR,"1.990,00"
LIMPIEZA,7804930015232,LM255232,LUESTRA MUEBLES SMART CLEAN 250ML,"2.790,00"
LIMPIEZA,7805040313027,LM253027,LUSTRA MUEBLES VIRGINIA LAVANDA 250ML,"3.090,00"
LIMPIEZA,7805040313003,LM253003,LUSTRA MUEBLES VIRGINIA ORIGINAL 250ML,"2.990,00"
LIMPIEZA,7805040313034,LM253034,LUSTRA MUEBLES VIRGINIA VAINILLA 250ML,"3.090,00"
CANDYLAND,5900951308093,MB708093,M&M BROWNIE 70G,"2.690,00"
DULCES Y CHOCOLATES,040000508830,MC408830,M&M CARAMELO 40GR,"1.790,00"
CANDYLAND,40000580881,MC380881,"M&M CRUNCHY COOKIE 38,3G","2.990,00"
DULCES Y CHOCOLATE,40000002376,74673250131405,"M&M MINIS 30,6G 40000002376","1.890,00"
CANDYLAND,5900951308116,MS358116,M&M SALTED CARAMEL 35G,"2.290,00"
USAMARKET,5900951280399,MM360399,M&M SALTED CARAMEL BAG 36GR,"1.990,00"
CANDYLAND,5900951355011,MS705011,M&M SALTED CARAMEL CHOCOLATE TREAT BAG 70GR,"4.490,00"
DESPENSA,040000001447,MP461447,M&M'S PEANUT BUTTER 46.2G,"1.790,00"
DESPENSA,040000536819,MC476819,"M&M´S CHOCOLATE 47,9G","1.790,00"
DESPENSA,040000536789,MM496789,"M&M´S MANI 49,3G","1.790,00"
DESPENSA,021000010875,MACH580875,MAC AND CHEESE KRAFT 58G,"2.790,00"
DULCES Y CHOCOLATES,73781169079959,MACA1U,MACARONS 1U,"1.300,00"
CANDYLAND,021000028092,MACOQUKR208092,MACARRONES CON QUESO KRAFT 206G,"3.990,00"
PASTELERIA,7803473005854,MA105854,MAGDALENA AGUA DE PIEDRA CON DULCE DE LECHE 100GR,"1.490,00"
PASTELERIA,7804681630074,MV40074,MAGDALENAS LA SELECTA SABOR VAINILLA ZERO GLUTEN 4U,"4.990,00"
DESPENSA,726367913202,MM203202,MAICENA MAIZENA 200G,"2.390,00"
DESPENSA,7802640793563,MD103563,MAIZENA DROPA 100G,"2.490,00"
DESPENSA,7802640102037,MD252037,MAIZENA DROPA 250G,"4.190,00"
DESPENSA,7802640103034,MD503034,MAIZENA DROPA 500G,"6.890,00"
DESPENSA,7802640600748,ML1K0748,MAIZENA LA ORIGINAL 1K,"9.790,00"
CARNICERIA,7809611720542,MS450542,MALAYITA SUPER CERDO 450GR,"7.890,00"
BOTILLERIA,7802130001932,MD47312932,MALTA DEL SUR 473ML,"1.090,00"
DULCES Y CHOCOLATES,7802220140718,MC110718,MALVA CHOC AMBROSOLI 119G,"1.990,00"
BEBES,1234517,MH1U4517,MAMADERA HONEY BABY 1U,"2.990,00"
BOTILLERIA,7802175002178,MS1L2178,MANGO SOUR ANDINO 1L,"6.390,00"
BOTILLERIA,7802175458371,MS708371,MANGO SOUR ANDINO 700CC,"5.490,00"
BOTILLERIA,7802110000818,MS700818,MANGO SOUR CAPEL 700CC,"6.390,00"
BOTILLERIA,7804658470160,MS1L0160,MANGO SOUR SECRETO PERUANO 1L,"6.390,00"
BOTILLERIA,742832540476,MS700476,MANGO SOUR SECRETO PERUANO 700CC,"5.090,00"
SNACKS,7804644840083,MC100083,MANI CASCARA SEMBRASOL 100G,"1.990,00"
SNACKS,7804612221715,MC901715,MANI CASCARA SEMBRASOL 90G,"1.790,00"
SNACKS,7804612220374,MC100374,MANI CON MERKEN SEMBRASOL 100G,"1.390,00"
SNACK,7804612221661,MM901661,MANI CON MERKEN SEMBRASOL 90G,"1.290,00"
SNACKS,7802420127113,MC157113,MANI CON MIEL MARCO POLO 150G,"1.690,00"
SNACKS,7802420125430,MC185430,MANI CON PASAS MARCO POLO 180G,"1.490,00"
SNACKS,7802000006173,MC156173,MANI CON PASAS Y ALMENDRAS EVERCRISP 150G,"2.490,00"
SNACKS,7804612221654,MC101654,MANI CONFITADO SEMBRASOL 100G,"1.590,00"
SNACKS,7804644840021,MC120021,MANI CONFITADO SEMBRASOL 120G,"1.690,00"
SNACKS,7802000017742,ME157742,MANI EVERCRISP 150G,"1.590,00"
SNACKS,7802000010729,MJ100729,MANI JAPONES EVERCRISP 100G,"1.290,00"
SNACKS,7804619850147,MJ800147,MANI JAPONES KAZAI CLASICO 80GR,"1.890,00"
SNACK,7804619850192,MJ800192,MANI JAPONES KAZAI MERKEN 80GR,"1.890,00"
SNACK,7804619850154,MJ800154,MANI JAPONES KAZAI SALSA NEGRA 80GR,"1.790,00"
SNACKS,7802420125492,MJ105492,MANI JAPONES MARCO POLO 100G,"1.290,00"
SNACK,724869001830,MAJA201830,MANI JAPONES NISHIYAMA 200G,"3.090,00"
SNACKS,7804644840229,MJ100229,MANI JAPONES SEMBRASOL 100G,"2.490,00"
SNACKS,7804612222743,MJ802743,MANI JAPONES SEMBRASOL 80GR,"1.290,00"
SNACKS,7804612221692,MJ901692,MANI JAPONES SEMBRASOL 90G,"2.190,00"
SNACKS,096619605774,MAKI455774,MANI KIRKLAND 45G,"1.990,00"
SNACKS,7802420009518,MAMAPOSA159518,MANI MARCO POLO SALADO 150G,"1.490,00"
SNACKS,7802420009525,MAMAPOSISA159525,MANI MARCO POLO SIN SAL 150G,"1.490,00"
SNACKS,7802000013164,MS163164,MANI SALADAO EVERCRISP 160G,"1.590,00"
SNACK,7802000019548,MASA149548,MANI SALADO EVERCRYSP 140G,"1.550,00"
SNACKS,7802420125423,MS165423,MANI SALADO MARCO POLO 160G,"1.390,00"
SNACKS,7804612221586,MS401586,MANI SALADO SEMBRASOL 400G,"3.390,00"
SNACKS,7804612220770,MS430770,MANI SALADO SEMBRASOL 430G,"3.390,00"
SNACKS,7804612222538,MS132538,MANI SEMBRASOL CON SAL 130GR,"1.490,00"
SNACKS,7804612222545,MS132545,MANI SEMBRASOL SIN SAL 130GR,"1.490,00"
SNACKS,7804612221593,MS4001593,MANI SEMBRASOL SIN SAL 400GR,"3.390,00"
SNACKS,7802000019555,MASI149555,MANI SIN SAL EVERCRISP140G,"1.390,00"
SNACKS,7802420125416,MS165416,MANI SIN SAL MARCO POLO 160G,"1.390,00"
SNACKS,7804612220398,MS100398,MANI SIN SAL SEMBRASOL 100G,"1.590,00"
SNACKS,7804612220763,MS430763,MANI SIN SAL SEMBRASOL 430G,"3.890,00"
SNACKS,7804612221807,MT1501807,MANI TOSTADO SALADO 150G,"1.790,00"
SNACKS,7804612220404,MT120404,MANI TOSTADO SEMBRASOL 120G,"1.590,00"
SNACKS,7804612221814,MT1501814,MANI TOSTADO SIN SAL 150GR,"1.790,00"
DESPENSA,7802920777511,MC207511,MANJAR COLUN 200G,"1.690,00"
DESPENSA,7802920221328,MC401328,MANJAR COLUN 400G,"2.990,00"
DESPENSA,7802920221458,MC1K1458,MANJAR COLUN BOLSA 1K,"4.890,00"
LACTEOS,7802920010922,MC400922,MANJAR COLUN DOYPACK 400GR,"3.490,00"
DESPENSA,7802920010007,MC380007,MANJAR COLUN SIN AZÚCAR 380G,"4.690,00"
DESPENSA,7802920010298,MC380298,MANJAR COLUN SIN LACTOSA 380G,"2.990,00"
DESPENSA,7802920009599,MC209599,MANJAR COLUN TRADICIONAL 200GR,"1.690,00"
DESPENSA,7802920221366,MC501366,MANJAR COLUN TRADICIONAL 500GR,"3.790,00"
DESPENSA,7613287558947,MD408947,MANJAR DOYPACK NESTLE 400G,"3.190,00"
DESPENSA,8445290929525,MN329525,MANJAR NESTLE 320G,"1.490,00"
DESPENSA,7613038639161,MANE809161,MANJAR NESTLE 800G,"4.890,00"
DESPENSA,7802950004892,MN1K4892,MANJAR NESTLE BOLSA 1K,"5.890,00"
DESPENSA,7802950009408,MN209408,MANJAR NESTLE BOLSA 200G,"1.590,00"
DESPENSA,7802950009415,MN509415,MANJAR NESTLE BOLSA 500G,"3.390,00"
DESPENSA,8445291792388,MN3502388,MANJAR NESTLE SIN LACTOSA 350GR,"2.990,00"
DESPENSA,7613038464367,MN504367,MANJAR NESTLE SIN LACTOSA 500G,"3.790,00"
LACTEOS,7802920011523,MR401523,MANJAR RIO BUENO 400GR,"3.190,00"
DESPENSA,78040519,MS200519,MANJAR SOPROLE 200G,"1.690,00"
DESPENSA,7802900004392,MS2204392,MANJAR SOPROLE 220GR,"1.290,00"
DESPENSA,7802900414016,MS5004016,MANJAR SOPROLE 500GR,"3.490,00"
DESPENSA,7802900410018,MS400018,MANJAR SOPROLE POTE 400G,"2.890,00"
POSTRES,7802900214074,MB804074,MANJARATE BLACK 80G,890
POSTRES,7802900003579,ML803579,MANJARATE LUCUMATE 80G,790
POSTRES,7802900004101,MP804101,MANJARATE PEANUT BUTTER 80G,890
POSTRES,7802900401016,MS801016,MANJARATE SOPROLE 80G,990
POSTRES,7802900402105,MZ802105,MANJARATE ZERO LACTO 80G,890
DULCES Y CHOCOLATES,7803473004376,MM104376,MANKEKE MARINELA 100g,990
DULCES Y CHOCOLATES,7803473005960,MM3U5960,MANKEKE MARINELA 3U 90G,"1.190,00"
BOTILLERIA,7804300137311,MF137311,MANQUEHUITO FRUTOS ROJOS 1.3L,"3.890,00"
BOTILLERIA,7804300137304,MP137304,MANQUEHUITO PIÑA 1.3L,"3.890,00"
LACTEOS,74415389035779,MAAS10,MANTECA ASTRA 100G,"1.190,00"
LACTEOS,7802810006837,MA206837,MANTECA ASTRA 200G,"2.490,00"
DULCES Y CHOCOLATES,7790380270034,MANT250034,MANTECOL 253G,"3.490,00"
DULCES Y CHOCOLATES,7790380270010,MA410010,MANTECOL 41G,"1.290,00"
DULCES Y CHOCOLATE,7790380270119,MC110119,MANTECOL CAFE 111GR,"2.090,00"
DULCES Y CHOCOLATE,7790380270133,MC110133,MANTECOL CARAMELO 111GR,"2.090,00"
DULCES Y CHOCOLATES,7790380270027,MC110027,MANTECOL CLASICO 111G,"2.090,00"
DULCES Y CHOCOLATE,7790380270126,MC110126,MANTECOL COCO 111GR,"2.090,00"
DULCES Y CHOCOLATES,7622201812676,MAMA112676,MANTECOL MARMOLADO 111G,"1.890,00"
DULCES Y CHOCOLATES,7790380127017,MM1117017,MANTECOL MARMOLADO CACAO 111GR,"2.090,00"
MENAJE Y LIBRERIA,3100004444279,MA1U4279,MANTEL AZUL 18 SEPTIEMBRE 1U,"1.990,00"
MENAJE Y LIBRERIA,3100004444255,MB1U4255,MANTEL BLANCO 18 SEPTIEMBRE 1U,"1.990,00"
MENAJE Y LIBRERIA,3100004444262,MR1U4262,MANTEL ROJO 18 SEPTIEMBRE 1U,"1.990,00"
LACTEOS,7802910150508,MC120508,MANTEQUILLA CALO 125G,"2.190,00"
LACTEOS,7802910150607,MC250607,MANTEQUILLA CALO 250G,"3.590,00"
LACTEOS,7801907067768,MC127768,MANTEQUILLA CAMPO LOS NOGALES 125G,"2.290,00"
LACTEOS,7801907067812,MC257812,MANTEQUILLA CAMPO LOS NOGALES 250G,"4.990,00"
LACTEOS,7802920203409,MC253409,MANTEQUILLA COLUN S/SAL 250G,"3.590,00"
LACTEOS,7802920202105,MACO122105,MANTEQUILLA CON SAL COLUN 125G,"2.390,00"
LACTEOS,7802930000531,MC120531,MANTEQUILLA CON SAL QUILLAYES 125G,"2.090,00"
LACTEOS,7802900120016,MC120016,MANTEQUILLA CON SAL SOPROLE 125G,"2.290,00"
LACTEOS,7802900121013,MC251013,MANTEQUILLA CON SAL SOPROLE 250G,"3.890,00"
LACTEOS,7808757000006,MD250006,MANTEQUILLA DE CAMPO KUMEY 250G,"3.890,00"
DESPENSA,7804660620300,MD450300,MANTEQUILLA DE MANI CON CACO HIPS 450G,"7.790,00"
DESPENSA,7804660620294,MD450294,MANTEQUILLA DE MANI KETO HIPS 450G,"7.290,00"
LACTEOS,7804613392223,MK122223,MANTEQUILLA KUMEY 125G,"2.090,00"
LACTEOS,7802910008656,ML200,MANTEQUILLA LAS PARCELAS DE VALDIVIA 200GR,"3.690,00"
LACTEOS,7802900026622,MU206622,MANTEQUILLA UNTABLE SOPROLE 200G,"4.990,00"
LACTEOS,7802900111014,MS251014,MANTEQUILLAS SIN SAL SOPROLE 250G,"3.890,00"
LACTEOS,7802920203300,MC253300,MANTEQULLA COLUN 250G,"4.190,00"
HIGIENE Y CUIDADO PERSONAL,070330731806,MA1U1806,MAQUINA AFEITAR BIC SOLEIL 1U,"1.190,00"
HIGIENE Y CUIDADO PERSONAL,7702018874729,MD24729,MAQUINA DE AFEITAR GILLETE DESECHABLE PARA EL CUERPO 2U,"4.490,00"
HIGIENE Y CUIDADO PERSONAL,7500435178570,MD28570,MAQUINA DE AFEITAR GILLETE PARA CUERPO 2U,"7.490,00"
HIGIENE Y CUIDADO PERSONAL,7500435203975,MD23975,MAQUINA DE AFEITAR GILLETE VENIS 2U,"4.490,00"
HIGIENE Y CUIDADO PERSONAL,7500435120951,MD10951,MAQUINA DE AFEITAR GILLETE VENUS DESECHABLE 1U,"4.490,00"
HIGIENE Y CUIDADO PERSONAL,7702018001071,MAAF1U1071,MAQUINA DE AFEITAR GILLETTE MACH 3 1U,"8.890,00"
HIGIENE Y CUIDADO PERSONAL,7591066721020,MD1U1020,MAQUINA DE AFEITAR PIEL NORMAL SCHICK 1U,"1.490,00"
TABAQUERIA,3057069017019,ME1U7019,MAQUINA ENROLADORA ACRILICA OCB 1 1/4 1U,"5.590,00"
TABAQUERIA,716165153153,ENEL793153,MAQUINA ENROLADORA ELEMENTS 79MM,"5.590,00"
BOTILLERIA,7802100005694,MS475694,MARACUYA STONES 470CC,"1.890,00"
MENAJE Y LIBRERIA,3100854053508,MP1U0026,MARCADOR PERMANENTE FULTONS AZUL 1U,990
LACTEOS,7891515492816,MQ252816,MARGARINA QUALY CON SAL 250G,"1.690,00"
LACTEOS,7802900600006,MS120006,MARGARINA SOPROLE 125G,690
LACTEOS,7802900605001,MS255001,MARGARINA SOPROLE 250G,"1.890,00"
LACTEOS,7802810022387,MS502387,MARGARINA SUREÑA 500G,"3.790,00"
DESPENSA,859940002403,MC222403,MARLEY COFFEE ONE LOVE 227GR,"16.490,00"
PANADERIA,1234548,MB1U4548,MARRAQUETA BREDEN MASTER 1U,"2.400,00"
DULCES Y CHOCOLATE,7802200130142,MM120142,MARSH MALLOWS AMBROSOLI 120GR,"1.690,00"
CANDYLAND,052600112751,MAFL212751,MARSHMALLOW FLUFF 213g,"5.490,00"
DULCES Y CHOCOLATES,7802225281676,MAFR161676,MARSHMALLOW FRIES MOGUL 160G,"2.290,00"
DULCES Y CHOCOLATE,7802225281669,MM181669,MARSHMALLOW MOGUL MORF 180G TUBER,"1.790,00"
DULCES Y CHOCOLATES,7802200129115,MA239115,MARSHMALLOWS AMBROSOLI 230G,"2.690,00"
DULCES Y CHOCOLATE,7802200140721,MM190721,MARSHMALLOWS MALVA CHOC BAÑADO CHOCOLATE 196G,"3.090,00"
DULCES Y CHOCOLATES,7802225281652,MM181652,MARSHMALLOWS MOGUL MORF 180G,"1.790,00"
DULCES Y CHOCOLATE,054300091510,MR1591510,MARSHMALLOWS ROCKY MOUNTAIN MINI 150G,"3.890,00"
DULCES Y CHOCOLATES,7802225281645,MM181645,MARSHMELLOWS MORF 180G,"1.990,00"
DESPENSA,7802225280822,MM220822,MARSHMELLOWS MORF 220G,"2.290,00"
DULCES Y CHOCOLATES,7802225281126,MM221126,MARSHMELLOWS MORF VAINILLA 220G,"2.290,00"
BOTILLERIA,7802105000724,MAROVE750724,MARTINI ROSSO VERMUNTH 750CC,"8.390,00"
BOTILLERIA,7802105000717,MV750717,MARTINI VERMOUTH BLANCO 750CC,"8.390,00"
DESPENSA,041789001956,MI641956,MARUCHAN INSTANT LUNCH CAMARON 64G,"1.390,00"
DESPENSA,041789001987,MI641987,MARUCHAN INSTANT LUNCH CAMARON Y CHILE PIQUIN 64G,"1.690,00"
DESPENSA,041789001888,MI641888,MARUCHAN INSTANT LUNCH CARNE ASADA 64G,"1.390,00"
DESPENSA,041789001925,MI641925,MARUCHAN INSTANT LUNCH CARNE RES 64G,"1.390,00"
DESPENSA,041789001918,MI641918,MARUCHAN INSTANT LUNCH POLLO 64G,"1.390,00"
DESPENSA,041789001840,MI641840,MARUCHAN INSTANT LUNCH POLLO PICANTE 64G,"1.690,00"
DESPENSA,041789001833,MI641833,MARUCHAN INSTANT LUNCH QUESO 64G,"1.690,00"
DESPENSA,041789007927,YACA117927,MARUCHAN YAKISOBA CARNE TERIYAKI 113.4G,"3.490,00"
PANADERIA,7803403232114,MM752114,MASA METRO PIZZA IDEAL 750G,"3.890,00"
PANADERIA,7803468003766,MP753766,MASA PRE PISSA 1 METRO CASTAÑO 750G,"3.890,00"
Sin Tipo,7803403002502,MP272502,MASA PRE PIZZA A LA PIEDRA GOURMET IDEAL 270G,"3.390,00"
PANADERIA,7803468003087,MP253087,MASA PRE PIZZA CLASICA CASTAÑO 250G,"1.890,00"
DULCES Y CHOCOLATES,7802200129078,MM2509078,MASH MALLOWS AMBROSOLI MALVA 250GR,"2.690,00"
DULCES Y CHOCOLATES,052600312755,MAFLST210526,MASHMALLOW FLUFF STRAWBERRY 213G,"5.490,00"
DULCES Y CHOCOLATE,7802225280655,MM120655,MASHMALOW MORF TRADICIONAL 120GR,"1.490,00"
MASCOTAS,7801920001374,MC1K1374,MASTER CAT ADULTO SALMON 1K,"6.190,00"
DULCES Y CHOCOLATE,7802200124196,MA604196,MASTICRUNCH AMBERRIES 60G,"1.190,00"
DULCES Y CHOCOLATES,7802200124189,MF604189,MASTICRUNCH FRUGELÉ 60G,"1.190,00"
QUESOS Y FIAMBRES,7802901000850,MQ250850,MATTHEI QUESO MANTECOSO GRANULADO 250 G,"4.890,00"
DESPENSA,7802351624002,MC104002,MAYONESA CLASICA DON JUAN 100G,590
DESPENSA,7800159000936,MD200936,MAYONESA DELI KRAFT 200G,"2.290,00"
DESPENSA,7800159000929,MD350929,MAYONESA DELI KRAFT 350G,"3.190,00"
DESPENSA,7800159081072,MD651072,MAYONESA DELI KRAFT 650G,"4.690,00"
DESPENSA,7800159000905,MD700905,MAYONESA DELI KRAFT 700G,"4.190,00"
DESPENSA,7802640000012,MH230012,MAYONESA HELLMANN'S 233G,"1.790,00"
DESPENSA,7803200804378,MH184378,MAYONESA HELLMANN'S 186G,"1.590,00"
DESPENSA,7805000322946,MH202946,MAYONESA HELLMANN'S DELI 200G,"1.890,00"
DESPENSA,7805000322441,MAHE902441,MAYONESA HELLMANNS 900G,"5.290,00"
DESPENSA,7805000301484,MH931484,MAYONESA HELLMANNS SACHET 93G,"1.390,00"
DESPENSA,7805000321550,MH731550,MAYONESA HELLMANNS SUPREMA ARTESANAL 735GR,"7.490,00"
DESPENSA,7805000321581,MH3801581,MAYONESA HELLMANNS SUPREME RECETA ARTESANAL 380GR,"5.090,00"
DESPENSA,7805000324674,MH634674,MAYONESA HELLMANS DOYPACK 630GR,"3.990,00"
DESPENSA,7805000322465,MH762465,MAYONESA HELLMANS LIGHT BOLSA 760 G,"4.790,00"
DESPENSA,7805000322472,MH702472,MAYONESA HELLMANS REGULAR DOYPACK 700G,"4.590,00"
DESPENSA,7805000323516,MH303516,MAYONESA HELLMANS  300G,"1.990,00"
DESPENSA,021000026968,MK396968,MAYONESA KRAFT 394G,"6.190,00"
DESPENSA,7800159001094,MK901094,MAYONESA KRAFT 90G,"1.390,00"
DESPENSA,021000026326,MK786326,MAYONESA KRAFT 789G,"8.690,00"
DESPENSA,7800159000912,MAKRDE850912,MAYONESA KRAFT DELI 850G,"5.290,00"
DESPENSA,7800159001148,MK1701148,MAYONESA KRAFT MAYO DELI 170G,"1.990,00"
DESPENSA,021000084920,MK204920,MAYONESA KRAFT REAL MAYO 208G,"3.390,00"
DESPENSA,7804659651681,MN311681,MAYONESA NOT CO ORIGINAL 315GR,"5.190,00"
DESPENSA,7805000312329,MT672329,MAYONESA TRADICIONAL HELLMANN'S 670G,"4.590,00"
DESPENSA,7805000322564,MAHESU702564,MAYONHESA HELLMANNS SUPREME 700G,"5.390,00"
PASTELERIA,12345103,ML3U5103,MEDIAS LUNAS CON MANJAR DTRIGO 3U,"2.790,00"
HELADOS,7613035807464,MF1U7464,MEGA FRAMBUESA 1U,"2.300,00"
HELADOS,7613035808133,MS1U8133,MEGA SAHNE- NUSS 1U,"2.300,00"
PASTELERIA,77634738669246,MV1,MENDICINOS VARIEDADES 1U,"1.600,00"
PASTELERIA,7804667910428,MD4U0428,MENDOCINO DTRIGO 4U,"2.790,00"
PASTELERIA,77824930557104,MC17104,MENDOCINOS C1 1U,"1.600,00"
FARMACIA,78037830,ME127830,MENTHOLATUM 12G,"2.000,00"
DULCES Y CHOCOLATES,7802200133099,MEAM213099,MENTITAS AMBROSOLI ZERO 21G,490
DULCES Y CHOCOLATES,73390000141,MC1U0141,MENTOS CINNAMON 1U,"2.490,00"
DULCES Y CHOCOLATES,75004088,MF294088,MENTOS FANTA 29G,990
DULCES Y CHOCOLATES,75068318,MF298318,MENTOS FRUTAS 29G,990
DULCES Y CHOCOLATES,75068325,MF308325,MENTOS FRUTILLA 30GR,990
DULCES Y CHOCOLATES,75068271,MM298271,MENTOS MENTA 29G,990
DULCES Y CHOCOLATES,75072544,MEGODEMASIAZ2544,MENTOS PURE FRESH BERRY LIME 30G,"1.690,00"
DULCES Y CHOCOLATES,75072520,MEPUFRMI302520,MENTOS PURE FRESH MINT 30G,"1.690,00"
DULCES Y CHOCOLATES,073390026424,MR376424,"MENTOS RAINBOW 37,5G","2.490,00"
CANDYLAND,73390015121,MS565121,MENTOS SOUR GON GRAPE 56G,"5.990,00"
CANDYLAND,73390015114,MS565114,MENTOS SOUR GON STRAWBERRY 56G,"5.990,00"
DULCES Y CHOCOLATES,073390015121,MS285121,MENTOS SOUR GUM GRAPE 28U,"5.990,00"
DULCES Y CHOCOLATES,75068264,METU298264,MENTOS TUTTIFRTTI 29G,990
PASTELERIA,77824882485998,M15998,MERENGUITOS 1U,"1.500,00"
DESPENSA,7802420004834,MEEDMO154834,MERKEN EDRA MOLIDO 15G,390
DESPENSA,7804627650333,MECE160333,MERMELADA CEBOLLA BUKA 160G,"3.590,00"
DESPENSA,7803111002276,MC162276,MERMELADA CEBOLLA MORADA PERFECT CHOICE 160G,"3.990,00"
DESPENSA,7802200402027,MECOCRCE112027,MERMELADA COSTA CRACKELET CEBOLLA 110G,"1.690,00"
DESPENSA,7802200402010,MECOCRPI112010,MERMELADA COSTA CRACKELET PIMENTON 110G,"1.690,00"
DESPENSA,7804000001042,ME201042,MERMELADA EN LINEA DAMASCO 200G,"1.290,00"
DESPENSA,7804000001059,ME201059,MERMELADA EN LINEA DURAZNO 200G,"1.290,00"
DESPENSA,7804000001073,ME201073,MERMELADA EN LINEA FRUTILLA 200G,"1.290,00"
DESPENSA,7804000001066,ME201066,MERMELADA EN LINEA MORA 200G,"1.290,00"
DESPENSA,7804000001189,ME201189,MERMELADA EWN LINEA FRAMBUESA 200G,"1.290,00"
DESPENSA,7803111002283,MP162283,MERMELADA PIMIENTO PIQUILLO PERFECT CHOICE 160G,"3.490,00"
DESPENSA,7803111002498,MR162498,MERMELADA ROCOTO PERFECT CHOICE 160G,"6.090,00"
DESPENSA,5014271390420,MS280420,MERMELADA ST DALFOUR FRAMBUESA NATURAL 284G,"5.190,00"
DESPENSA,5014271320427,MS280427,MERMELADA ST DALFOUR MORA NATURAL 284G,"5.190,00"
DESPENSA,7802200400108,MV1750108,MERMELADA VIVO DAMASCO SIN AZUCAR 175GR,"1.890,00"
DESPENSA,2847800400092,MV200092,MERMELADA VIVO DE DURAZNO 200GR,"1.990,00"
DESPENSA,7802200400092,MV17,MERMELADA VIVO DURAZNO 175GR,"1.990,00"
DESPENSA,7802200400078,MV1750078,MERMELADA VIVO FRAMBUESA 175GR,"1.890,00"
DESPENSA,7802200400085,MV1750085,MERMELADA VIVO MORA SIN AZUCAR 175GR,"1.990,00"
DESPENSA,7802810007742,MW200G7742,MERMELADA WATTS 0 AZUCAR ARANDANO MIX 200G,"1.890,00"
DESPENSA,7802810031044,MW251044,MERMELADA WATTS ALCAYOTA 250G,"1.590,00"
DESPENSA,7802810031051,MW251051,MERMELADA WATTS CIRUELA 250G,"1.590,00"
DESPENSA,7802810031013,MW251013,MERMELADA WATTS DAMASCO 250G,"1.590,00"
DESPENSA,7802810031020,MW251020,MERMELADA WATTS DURAZNO 250G,"1.590,00"
DESPENSA,7802810031228,MW251228,MERMELADA WATTS DURAZNO LIGHT 250G,"1.590,00"
DESPENSA,7802810031082,MW251082,MERMELADA WATTS FRAMBUESA 250G,"1.590,00"
DESPENSA,7802810031280,MW251280,MERMELADA WATTS FRAMBUESA LIGHT 250G,"1.590,00"
DESPENSA,7802810031075,MW251075,MERMELADA WATTS FRUTILLA 250G,"1.590,00"
DESPENSA,7802810031273,MW251273,MERMELADA WATTS FRUTILLA LIGHT 250G,"1.590,00"
DESPENSA,7802810011817,MW2251817,MERMELADA WATTS MEMBRILLO 225GR,"1.790,00"
DESPENSA,7802810031037,MW251037,MERMELADA WATTS MORA 250G,"1.590,00"
DESPENSA,7802410102557,MG152557,MERQUEN GOURMET 15G,490
DESPENSA,678901,MB228901,MIEL BOCUS 220GR,"5.500,00"
DESPENSA,7803300300251,MD240251,MIEL DE PALMA COCALAN 240G,"3.990,00"
DESPENSA,7803300300640,MD330640,MIEL DE PALMA COCALAND 330G,"6.390,00"
DESPENSA,653829959273,MD459273,MIEL DE ULMO PREMIUM ISLA NATURA 450G,"7.790,00"
DESPENSA,7804605810056,MN500056,MIEL NATURAL SAN LORENZO 500G,"6.490,00"
DESPENSA,7802200180451,MP360451,MIEL PURA DE ABEJA AMBROSOLI 360G,"7.990,00"
DULCES Y CHOCOLATES,70970473562,MA143562,MIKE AND IKE MEGA MIX BOX 141G,"3.990,00"
DULCES Y CHOCOLATES,070970471261,MA141261,MIKE AND IKE MEGA TROPICAL TYPHE BOX 141G,"3.990,00"
CONGELADOS,7804659651179,MV111179,MILANESA VEGETAL NOT MILA 110G,"2.490,00"
DULCES Y CHOCOLATES,3045140118502,MG108502,MILKA GANZE HASELNUSSE 100G,"3.190,00"
DULCES Y CHOCOLATES,7622400005190,MH105190,MILKA HAPPY COW 100G,"2.290,00"
DULCES Y CHOCOLATE,7622210835550,MMMHB14U550,MILKA MILCHCREME MIT HASELNUSS BONBONS 14U,"3.390,00"
DESPENSA,7613030447979,MI157979,MILO INSTANTANEO 150G,"2.190,00"
DESPENSA,8445290541161,MI161161,MILO INSTANTANEO 160G,"1.990,00"
DESPENSA,7613030121046,MI301046,MILO INSTANTANEO 300G,"4.090,00"
LACTEOS,7613287195975,MI255975,MILO INSTANTANEO PROTEIN 250G,"5.890,00"
USAMARKET,018804701351,MJ501351,MINI JELLY BEANS ICEE BLUBERRY 50GR,"1.490,00"
FERRETERIA,6922073105632,ML1U5632,MINI LINTERNA HYPER TOUGH LED 1U,"2.290,00"
CANDYLAND,80809180,MINU252149,MINI NUTELLA 25g,"1.990,00"
DULCES Y CHOCOLATES,7802220141098,MR911098,MINI RICOLATE 7U 91G,"1.990,00"
DULCES Y CHOCOLATES,022000001115,MS521115,MINI STARBURST 52G,"1.490,00"
PANADERIA,7803468003094,MT483094,MINI TOAST INTEGRAL CASTAÑO 48U,"3.190,00"
PANADERIA,7803468002486,MT902486,MINI TOSTADAS CASTAÑO 90G,"3.090,00"
CANDYLAND,628371993358,MIBICHMI503358,MINT BIG SKY CHOCOLATE MINT 50G,"2.490,00"
DULCES Y CHOCOLATE,628371148017,MIBI508017,MINTS BIG SKY 50G CINNAMON,"2.290,00"
DULCES Y CHOCOLATE,628371148093,BIMI508093,MINTS BIG SKY 50G COTTON CANDY,"2.290,00"
DULCES Y CHOCOLATE,628371993341,MIBI503341,MINTS BIG SKY 50G KETTLE CORN,"2.290,00"
DULCES Y CHOCOLATE,628371148000,MIBI508000,MINTS BIG SKY 50G PEPPERMINT,"2.290,00"
DULCES Y CHOCOLATE,628371148024,MIBI508024,MINTS BIG SKY 50G WINTERGREEN,"2.290,00"
BOTILLERIA,7802175454885,MI314885,MISTRAL ICE 310ML,"2.290,00"
BOTILLERIA,7802175003090,MI353090,MISTRAL ICE 355ML,"1.990,00"
BOTILLERIA,7802175454076,MI274076,MISTRAL ICE BOTELLA 275CC,"1.990,00"
BOTILLERIA,7802175455806,MI275806,MISTRAL ICE DRY BOTELLA 275CC,"1.990,00"
BOTILLERIA,7802175000723,MI270723,MISTRAL ICE ENERGY BOTELLA 275CC,"1.990,00"
BOTILLERIA,7802175003328,MI2753328,MISTRAL ICE LOW LIMA LIMON 275CC,"1.990,00"
BOTILLERIA,7802175003021,MI253021,MISTRAL ICE PINE APPLE 257 ML,"1.990,00"
BOTILLERIA,7802175001645,MI2751645,MISTRAL ICE SUPER FRUIT 275ML,"1.990,00"
DESPENSA,7804652980368,MD4200368,MIX DE AJIES BY MARIA 420GR,"7.990,00"
DESPENSA,7804652980559,MD4300559,MIX DE PICKLES BY MARIA 430ML,"6.490,00"
CONGELADOS,7801300000850,MD150850,MIX DE PIMENTÓN FRUTOS DEL MAIPO 150G,990
SNACKS,7804612221333,MG301333,MIX GOURMET SEMBRASOL 300G,"4.690,00"
SNACKS,7804612221289,MN301289,MIX NUTS SEMBRASOL 300G,"4.690,00"
CARNICERIA,7801916039794,MIPA509794,MIX PARRILLERO LA PREFERIDA 500G,"6.290,00"
CARNICERIA,7801930021515,MP4001515,MIX PARRILLERO RECETA DEL ABUELO 400GR,"5.390,00"
CARNICERIA,7804642980699,MP5000699,MIX PARRILLERO SCHWENCKE 500G,"7.490,00"
CONGELADOS,7801220004563,MP154563,MIX PIMENTOS MINUTO VERDE 150G,"1.290,00"
DESPENSA,7801907027106,MP207106,MIX PRIMAVERA SAN JORGE 200G,"1.290,00"
SNACKS,7804612220978,MS300978,MIX SEMBRASOL 300G,"4.690,00"
LACTEOS,7802900638016,MS508016,MIX SOPROLE MANTEQUILLA Y MARGARINA 500GR,"4.890,00"
GALLETAS,7804646450426,MY250426,MIZOS YOGUR Y FRUTILLA 25G,690
GALLETAS,7804646450105,MY250105,MIZOS YOGUR Y LIMON 25G,690
BOTILLERIA,080480985462,MOBA755462,MOJITO BACARDÍ 750ML,"13.790,00"
BOTILLERIA,7804671160321,ML10321,MOJITO LA PIZKA 1L,"14.990,00"
DESPENSA,8445291239128,MI149128,MOKA INSTANTANEO NESCARFE 8U 144G,"5.490,00"
LACTEOS,7613036927857,MN330G7857,MOKACCINO NESCAFE 330G,"1.390,00"
PANADERIA,7803468003056,MM443056,MOLDE MIGA SANDWICH CASTAÑO 440G,"3.990,00"
TABAQUERIA,870861000682,MA1U0682,MOLEDOR ACRILICO PRINCECAS 1U,"2.690,00"
TABAQUERIA,8716722004043,MOBU1U4043,MOLEDOR BULLDOG PLASTICO 1U BLANCO,"2.890,00"
TABAQUERIA,8716722002797,MOBU1U2797,MOLEDOR BULLDOG PLASTICO 1U NEGRO,"2.890,00"
TABAQUERIA,8716722036044,MOBU116044,MOLEDOR BULLDOG PLASTICO 1U ROSADO,"2.890,00"
TABAQUERIA,44444444,MM4,MOLEDOR METAL GIZEH 4P,"7.999,00"
TABAQUERIA,72049907915963,MP1U963,MOLEDOR PLASTICO 1U,"2.600,00"
TABAQUERIA,8716722035740,MT15740,MOLEDOR THE BULLDOG 1U,"2.890,00"
CONGELADOS,7801916039855,ML129855,MOLIDA LA PREFERIDA 125G,"2.490,00"
CARNICERIA,7804605780199,MV250199,MOLIDA VACUNO 250G,"1.990,00"
SNACKS,7802000016363,ME236363,MOM'S EVERCRISP 230G,"1.890,00"
MENAJE Y LIBRERIA,7896380105335,MB105335,MONDADIENTE BIOELY 100U,690
BEBIDAS,7798422620137,MOENZESU470127,MONSTER ENERGY ZERO SUGAR 473CC,"2.490,00"
CONGELADOS,7804115002477,74675826729296,MONTINA PIZZA PEPPERONI 470G,"5.690,00"
QUESOS Y FIAMBRES,7801930001449,MJ101449,MORTADELA JAMONADA RECETA DEL ABUELO 100G,"1.290,00"
QUESOS Y FIAMBRES,7801916030494,MOJA150494,MORTADELA JAMONADA LA PREFERIDA 150G,"2.090,00"
QUESOS Y FIAMBRES,7801916033167,MJ203167,MORTADELA JAMONADA LA PREFERIDA 200G,"2.690,00"
QUESOS Y FIAMBRES,7801930009919,MJ159919,MORTADELA JAMONADA RECETA DEL ABUELO 150G,"1.990,00"
QUESOS Y FIAMBRES,7801907014090,MJ254090,MORTADELA JAMONADA SAN JORGE 250G,"1.990,00"
DESPENSA,3036810207589,MA217589,MOSTAZA A LA ANTIGUA MAILLE  210G,"5.590,00"
DESPENSA,7804652980566,MOBYMA420566,MOSTAZA BY MARIA 420G,"6.490,00"
DESPENSA,7802351311001,MD101001,MOSTAZA DON JUAN 100G,790
DESPENSA,7802351314606,MD244606,MOSTAZA DON JUAN 240G,"1.590,00"
DESPENSA,7800159001056,MZH1056,MOSTAZA HEINZ,"1.990,00"
DESPENSA,7802351001056,MH201056,MOSTAZA HEINZ 200G,"1.990,00"
DESPENSA,7800159001049,MH351049,MOSTAZA HEINZ 350G,"3.190,00"
DESPENSA,7800159002114,MH2262114,MOSTAZA HEINZ YELLOW MUSTARD 226GR,"4.590,00"
DESPENSA,7800159002121,MOHE397800,MOSTAZA HEINZ YELLOW MUSTARD 396G,"7.390,00"
DESPENSA,7802640792764,MH102764,MOSTAZA HELLMANNS 100G,890
DESPENSA,7805000322335,MOHE472335,MOSTAZA HELLMANNS 470G,"2.590,00"
DESPENSA,7802640600076,MJ100076,MOSTAZA JB 100GR,990
DESPENSA,7800159081355,MK901355,MOSTAZA KRAFT 90GR,"1.290,00"
DESPENSA,7800159081317,MOREFRMU221317,MOSTAZA REAL KRAFT MUSTARD 220G,"1.790,00"
DESPENSA,41500000428,MOSP340428,MOSTAZA SPICY BROWN FRENCHS 340G,"5.290,00"
DESPENSA,7802337920340,MT100340,MOSTAZA TRAVERSO 100G,790
DESPENSA,7802337930226,MT240226,MOSTAZA TRAVERSO 240G,"1.190,00"
POSTRES,7802200369207,MV259207,MOUSSE VIVO CHIRIMOYA ALEGRE 25GR,"1.490,00"
POSTRES,7802200369191,MV259191,MOUSSE VIVO DE FRAMBUESA 25GR,"1.490,00"
DESPENSA,7805000324179,MH284179,MOYONESA HELLMANS DOYPACK 280GR,"2.290,00"
BEBIDAS,7804646000256,MB0256,"MR. BIG 2,5L","4.890,00"
PASTELERIA,1234545,MA1U4545,MUFFIN ARANDANO BREDENMASTER 1U,"1.790,00"
PASTELERIA,1234559,MB1U4559,MUFFIN BANANA NUEZ 1U,"1.790,00"
PASTELERIA,1234529,MC1U4529,MUFFIN CHIP DE CHOCOLATE 1U,"1.790,00"
PASTELERIA,1234528,MD1U4528,MUFFIN DE CHOCOLATE 1U,"1.790,00"
PASTELERIA,1234558,MD1U4558,MUFFIN DE CHOCOLATE RELLENO DE AVELLANA 1U,"1.790,00"
PASTELERIA,1234560,MR1U4560,MUFFIN RED VELVET 1U,"1.790,00"
PASTELERIA,77824943512926,MC12926,MUFFINS C1 1U,"1.800,00"
PASTELERIA,0658325698206,MH28206,MUFFINS HORA DEL TÉ 2U,"2.990,00"
DULCES Y CHOCOLATES,658325698190,MUSU6U8190,MUFFINS SURTIDOS A LA HORA DEL TE 6U,"7.990,00"
JUEGOS,IOIG76932,NAES6932,NAIPE ESPAÑOL,"3.990,00"
JUEGOS,XPYJ17765,NE1U7765,NAIPE ESPAÑOL 1U,"2.990,00"
JUEGOS,QYWO50322,NI1U0322,NAIPE INGLES 1U,"2.990,00"
JUEGOS,NMHL00360,NAIN0360,NAIPES INGLES,"3.990,00"
GALLETAS,7804666810033,NC160033,"NAT CRACKERS CAJU, PASAS Y JENGIBRE 160G","5.290,00"
SNACKS,7804666810019,NC160019,NAT CRACKERS CRAMBERRY Y NUEZ 160G,"5.290,00"
SNACKS,8445291301450,NH301450,NATURE'S HEART FIBRA 30GR,890
DULCES Y CHOCOLATES,7613287643230,NH603230,NATURE´S HEARTS AVELLANAS 60G,"3.790,00"
DULCES Y CHOCOLATES,7613287643261,NH603261,NATURE´S HEARTS CASTAÑAS DE CAJU 60G,"3.890,00"
DULCES Y CHOCOLATES,7862107786521,NH706521,NATURE´S HEARTS ENERGIA 70G,"1.890,00"
SNACKS,7862107786514,NH706514,NATURE´S HEARTS ENERGIA 70G,"1.890,00"
DULCES Y CHOCOLATES,7862107786538,NH706538,NATURE´S HEARTS FIBRA 70G,"1.890,00"
DULCES Y CHOCOLATES,7862107786507,NH706507,NATURE´S HEARTS LOW CARB 70G,"1.890,00"
BEBIDAS,7802900481131,ND201131,NECTAR DE DURAZNO SOPROLE 200ML,390
BEBIDAS,7801620006211,NEFR1L6211,NECTAR DE FRUTA SELECCION WATTS 1L MANGO MARACUYA,"3.990,00"
BEBIDAS,7801620006198,NEFR1L6198,NECTAR DE FRUTA SELECCION WATTS 1L NARANJA VALENCIA,"3.990,00"
BEBIDAS,7801620009038,NEFR1L9038,NECTAR DE FRUTA SELECCION WATTS 1L PAPAYA,"3.990,00"
BEBIDAS,7801620006204,NEFR1L6204,NECTAR DE FRUTA SELECCION WATTS 1L PIÑA GUAYABA,"3.990,00"
BEBIDAS,7801620006181,NEFR356181,NECTAR DE FRUTAS SELECCIÓN WATTS 350ML MANGO MARACUYA,"1.690,00"
BEBIDAS,7801620006167,NEFR356167,NECTAR DE FRUTAS SELECCIÓN WATTS 350ML NARANJA VALENCIA,"1.690,00"
BEBIDAS,7802820500035,"ND1,0035","NECTAR DEL VALLE DURAZNO 1,5L","2.190,00"
JUGOS,7802820700435,ND150435,"NECTAR DEL VALLE MANZANA 1,5L","2.190,00"
BEBIDAS,7802820700053,"ND1,0053","NECTAR DEL VALLE NARANJA 1,5L","2.190,00"
BEBIDAS,7802820410204,ND400204,NECTAR DEL VALLE NARANJA 400ML,"2.190,00"
BEBIDAS,7802820700633,"ND1,0633","NECTAR DEL VALLE NARANJA LIGHT 1,5L","2.190,00"
BEBIDAS,7501055388578,NV348578,NÉCTAR DEL VALLE PERA LATA 340ML,"1.490,00"
BEBIDAS,7802820700251,"ND1,0251","NECTAR DEL VALLE PIÑA 1,5L","2.190,00"
BEBIDAS,7802820410228,ND400228,NECTAR DEL VALLE PIÑA 400ML,"1.190,00"
BEBIDAS,7802820645859,"ND1,5859","NECTAR DEL VALLE PIÑA LIGHT 1,5L","2.190,00"
BEBIDAS,7802820685459,ND5459,NECTAR DURAZANO SIN AZUCAR 200CC,490
BEBIDAS,7802820641554,NP1554,NECTAR PIÑA SIN AZUCAR 200CC,490
BEBIDAS,7802900480134,NS1L0134,NECTAR SOPROLE DURAZNO 1L,990
BEBIDAS,7802900480066,NS1L0066,NECTAR SOPROLE NARANJA 1L,990
BEBIDAS,7802900480035,NS1L0035,NECTAR SOPROLE PIÑA 1L,990
BEBIDAS,7801620011611,NW1611,"NECTAR WATT´S DURAZNO 1,5L","1.890,00"
BEBIDAS,7801620008796,NW8796,"NECTAR WATT´S LIGHT MANGO 1,5L","1.890,00"
BEBIDAS,7801620853396,NW3396,"NECTAR WATT´S LIGHT NARANJA 1,5L","1.890,00"
BEBIDAS,7801620001841,NW1841,"NECTAR WATT´S TUTTIFRUTILLA 1,5L","1.890,00"
USAMARKET,79200060688,NV220688,NERD VERY BERRY GUMMY CLUSTER 226GR,"7.990,00"
USAMARKET,79200049829,NB109829,NERDS BIG CHEWY 170GR,"4.990,00"
DULCES Y CHOCOLATES,079200774479,NB124479,NERDS BIG CHEWY BOX 120G,"3.990,00"
CANDYLAND,079200049034,NG859034,NERDS GGUMMY CLUSTERS RAINBOW 85G,"3.990,00"
CANDYLAND,079200616007,NG146007,NERDS GRAPE & STRAWBERRY BOX 142G,"3.990,00"
USAMARKET,079200066369,NG1426369,NERDS GUMMY CLUSTERS 142GR,"6.990,00"
DULCES Y CHOCOLATES,079200049058,NG859058,NERDS GUMMY CLUSTERS BOX 85G,"3.990,00"
CANDYLAND,079200048563,NG858563,NERDS GUMMY CLUSTERS RAINBOW 85G,"3.990,00"
CANDYLAND,079200060695,NG850695,NERDS GUMMY CLUSTERS VERY BERRY 85G,"3.990,00"
CANDYLAND,079200558338,NR148338,NERDS RAINBOW BOX 141G,"3.990,00"
CANDYLAND,041420045707,NR265707,NERDS ROPE BERRY BAIES 26G,"1.990,00"
CANDYLAND,041420045691,NR265691,NERDS ROPE RAINBOW 26G,"1.990,00"
USAMARKET,41420045721,NR265721,NERDS ROPE TROPICAL 26GR,"1.990,00"
DESPENSA,8801055709212,NF109212,NESCAFE FINA SELECCION NESCAFE 100G,"8.390,00"
DESPENSA,8801055709274,NF209274,NESCAFE FINA SELECCION NESCAFE 200G,"10.490,00"
BEBES,8445290732545,N702545,NIDO 3+ 700GR,"10.590,00"
BEBES,8445290118288,NB708288,NIDO BUEN DIA 700G,"7.390,00"
LACTEOS,8445290731432,NR701432,NIDO RECARGA +5 700G,"10.490,00"
CONGELADOS,7804659650943,NC950943,NOT CHICKEN BURGER 95G,"2.290,00"
CONGELADOS,7804659650813,NC300813,NOT CHICKEN NUGGETS 300G,"5.590,00"
CONGELADOS,7114659652015,NOCH242015,NOT CHORI 240G,"6.390,00"
CONGELADOS,7804659651629,NH251629,NOT HOTDOG SALCHICHA VEGETAL 250G,"4.990,00"
DESPENSA,7804659650059,NM350059,NOT MAYO GARLIC 350G,"3.690,00"
DESPENSA,7804659650912,NM350912,NOT MAYO LOW FAT 350G,"3.690,00"
DESPENSA,7804659650035,NM350035,NOT MAYO ORIGINAL 350G,"4.090,00"
LACTEOS,7804659651421,NOMI1L1421,NOT MILK CHOCOLATE 1L,"3.190,00"
LACTEOS,7804659650066,NM1L0066,NOT MILK LOW FAT 1L,"3.190,00"
LACTEOS,7804659650363,NM1L0363,NOT MILK ORIGINAL 1L,"3.190,00"
SNACKS,7804612220206,NS500206,NUECES SEMBRASOL 50G,"1.990,00"
DESPENSA,7804522000226,NM200226,NUEZ MARIPOSA 200G,"5.190,00"
DESPENSA,7802410181378,NM51378,NUEZ MOSCADA GOURMET MOLIDA 5GR,790
DESPENSA,7804522004033,NP204033,NUEZ PARTIDA 200G,"4.990,00"
CONGELADOS,7809611702951,ND402951,NUGGETS DE POLLO LA CRIANZA  400G,"4.590,00"
CONGELADOS,7809611720115,NUDE270115,NUGGETS DE POLLO SUPER POLLO 275G,"2.290,00"
CONGELADOS,7809611700667,ND400667,NUGGETS DE POLLO SUPER POLLO 400G,"3.390,00"
CONGELADOS,7804676780098,ND400098,NUGGETS DE VACUNO FUNDO DEL SUR 400GR,"6.190,00"
CONGELADOS,7809611711571,NL401571,NUGGETS LA CRIANZA DE VERDURA 400GR,"4.690,00"
CONGELADOS,7801965001445,NM300,NUGGETS MONTINA CROCANTE DE POLLO 300GR,"2.790,00"
SNACKS,7804612222019,NM272019,NUT MIX CON TOQUE DE AJI Y LIMON SEMBRASOL,"4.690,00"
SNACKS,7804612222002,NM272002,NUT MIX CON TOQUE DE MERKEN SEMBRASOL,"4.690,00"
SNACKS,7804612221395,NM801395,NUT MIX SEMBRASOL 80GR,"1.790,00"
DESPENSA,7898024395232,N145232,NUTELLA 140G,"4.190,00"
DULCES Y CHOCOLATE,80135463,NU205463,NUTELLA 200GR,"7.790,00"
DESPENSA,7898024394181,NU354181,NUTELLA 350G,"7.990,00"
DESPENSA,80177173,NU357173,NUTELLA 350G,"8.090,00"
DULCES Y CHOCOLATES,9800820016,NB220016,NUTELLA B-READY 22G,"1.390,00"
DULCES Y CHOCOLATES,7898024397915,NB237915,NUTELLA B-READY 23G,"1.790,00"
DULCES Y CHOCOLATES,7613030612339,OS292339,OBLEA SUPER8 29G,590
DULCES Y CHOCOLATES,7802215514531,OT194531,OBLEA TUYO 19G,390
DULCES Y CHOCOLATE,7899970400674,OM100674,OBLEAS MAIS HERSHEY'S 102G,"2.490,00"
TABAQUERIA,3057068015986,OS125986,OCB SLIM FILTRO 120U,"1.990,00"
Sin Tipo,1234,OF1234,OFERTAS,1
BEBIDAS,7801620852726,OC352726,ORANGE CRUSH LATA 350CC,"1.190,00"
BEBIDAS,7801620330217,OC10217,"ORANGE CRUSH NORMAL 1,5L","2.190,00"
BEBIDAS,7801620001599,OC3L1599,ORANGE CRUSH NORMAL 3L,"3.690,00"
DULCES Y CHOCOLATES,42069942,OC109942,ORBIT CHICLE SIN AZUCAR SABOR MENTA SUAVE 10U,"1.190,00"
DESPENSA,7802420004865,74698346300761,OREGANO EDRA 20G,590
DESPENSA,7802410102120,OE502120,OREGANO ENTERO DESHIDRATADO GOURMET 50G,"1.190,00"
DESPENSA,7802410195375,OG205375,OREGANO GOURMET 20G,790
DESPENSA,7622201693091,OO103091,OREO ORIGINAL 108G,"1.190,00"
GALLETAS,7590011251100,OO361100,OREO ORIGINAL 4U 36G,390
BEBES,7804603541723,P22U1723,PACK 2 TOALLITAS HUMEDAS EMUBABY 160 UNIDADES 2U,"3.890,00"
DESPENSA,7802575016812,P51U6812,PACK 5 ESPIRAL CAROZZI + SALSA 1U,"6.890,00"
DESPENSA,8445291758766,PC58766,PACK CAFE NESCAFE 5U,"3.190,00"
HIGIENE Y CUIDADO PERSONAL,7702010130250,PC2U250,PACK CEPILLO DENTAL COLGATE TWISTER 2U,"2.890,00"
BOTILLERIA,7802100005847,PC065847,PACK CERVERZA SOL MIX MANGO LATA 350CC (6 UNIDADES),"8.490,00"
BOTILLERIA,7809634100079,76221641861005,PACK CERVEZA AUSTRAL CALAFATE 330CC (4 UNIDADES),"8.190,00"
BOTILLERIA,7809634100192,CA330192,PACK CERVEZA AUSTRAL LAGER BOTELLA 330CC (4 UNIDADES),"8.590,00"
BOTILLERIA,7809634100062,CA330062,PACK CERVEZA AUSTRAL PATAGONIA PALE ALE BOTELLA 330CC (4 UNIDADES),"8.590,00"
BOTILLERIA,7809634100574,PC330574,PACK CERVEZA AUSTRAL RUIBARBO BOTELLA 330CC (4 UNIDADES),"9.390,00"
BOTILLERIA,7809634100628,74503460839989,PACK CERVEZA AUSTRAL TORRES DEL PAINE 330CC (4 UNIDADES),"8.590,00"
BOTILLERIA,7809634100314,CA330314,PACK CERVEZA AUSTRAL YAGAN BOTELLA 330CC (4 UNIDADES),"9.490,00"
BOTILLERIA,7802130000676,PC470676,PACK CERVEZA BECKER LATA 473CC (6 UNIDADES),"5.390,00"
BOTILLERIA,7891991014779,CB334779,PACK CERVEZA BUDWEISER BOTELLA 330CC (6 UNIDADES),"7.590,00"
BOTILLERIA,7802130002496,PACE472496,PACK CERVEZA BUDWEISER LATA 473CC (6 UNIDADES),"7.990,00"
BOTILLERIA,7802100003249,PC353249,PACK CERVEZA COORS BOTELLA 355CC (6 UNIDADES),"7.590,00"
BOTILLERIA,7802100003539,CC473539,PACK CERVEZA COORS LATA 470CC (6 UNIDADES),"8.490,00"
BOTILLERIA,7802130002274,PC332274,PACK CERVEZA CORONA BOTELLA 330CC (6 UNIDADES),"7.690,00"
BOTILLERIA,7891991305686,CC335686,PACK CERVEZA CORONA CERO BOTELLA 330CC (6 UNIDADES),"7.690,00"
BOTILLERIA,7802130003646,PACE47,PACK CERVEZA CORONA LATA 473CC (6 UNIDADES),"7.190,00"
BOTILLERIA,7802100001610,PC61610,PACK CERVEZA CRISTAL 350CC (6 UNIDADES),"6.690,00"
BOTILLERIA,7802100505354,PC475354,PACK CERVEZA CRISTAL LATA 470CC (6 UNIDADES),"7.190,00"
BOTILLERIA,7802100505378,PC475378,PACK CERVEZA ESCUDO LATA 470CC (6 UNIDADES),"5.390,00"
BOTILLERIA,8410793283832,PC333832,PACK CERVEZA ESTRELLA DAMM LATA 330CC (6 UNIDADES),"7.690,00"
BOTILLERIA,7802100001405,PC331405,PACK CERVEZA HEINEKEN BOTELLA 330CC (6 UNIDADES),"7.990,00"
BOTILLERIA,7802100003553,CH473553,PACK CERVEZA HEINEKEN LATA 470CC (6 UNIDADES),"8.190,00"
BOTILLERIA,7802100003294,CH333294,PACK CERVEZA HEINEKEN SIN ALCOHOL BOOTELLA 330CC (6 UNIDADES),"8.190,00"
BOTILLERIA,7804615340611,PC330611,PACK CERVEZA KROSS BERRIES 330CC (4 UNIDADES),"8.690,00"
BOTILLERIA,7804615340024,PACE330024,PACK CERVEZA KROSS GOLDEN 330CC (4 UNIDADES),"8.690,00"
BOTILLERIA,7804615340260,CK330260,PACK CERVEZA KROSS MAIBOCK 330CC (4 UNIDADES),"8.690,00"
BOTILLERIA,7804615340055,CK330055,PACK CERVEZA KROSS PILS 330CC (4 UNIDADES),"8.690,00"
BOTILLERIA,7804615340031,PACE330031,PACK CERVEZA KROSS STOUT 330CC (4 UNIDADES),"8.690,00"
BOTILLERIA,7802107000265,CK330265,PACK CERVEZA KUNSTMANN ARANDANO BOTELLA 330CC (4 UNIDADES),"10.790,00"
BOTILLERIA,7802107001378,PC331378,PACK CERVEZA KUNSTMANN BOCK BOTELLA 330CC (4 UNIDADES),"8.890,00"
BOTILLERIA,7802107001354,PC331354,PACK CERVEZA KUNSTMANN LAGER BOTELLA 330CC (4 UNIDADES),"10.790,00"
BOTILLERIA,7802107000210,CK330210,PACK CERVEZA KUNSTMANN MIEL BOTELLA 330CC (4 UNIDADES),"10.790,00"
BOTILLERIA,7802107000272,CK330272,PACK CERVEZA KUNSTMANN SIN ALCOHOL BOTELLA 330CC (4 UNIDADES),"8.490,00"
BOTILLERIA,7802107001408,PC3301408,PACK CERVEZA KUNSTMANN TOROBAYO 330CC (4 UNIDADES),"8.790,00"
BOTILLERIA,7802107000302,PC330302,PACK CERVEZA KUNSTMANN TOROBAYO 330CC (6 UNIDADES),"10.490,00"
BOTILLERIA,8411327011198,PC61198,PACK CERVEZA MAHOU BOTELLA 250ML (4 UNIDADES),"6.890,00"
BOTILLERIA,34100013141,PC473141,PACK CERVEZA MILLER 473CC (6 UNIDADES),"8.790,00"
BOTILLERIA,034100175054,PC355054,PACK CERVEZA MILLER BOTELLA 355CC (6 UNIDADES),"9.990,00"
BOTILLERIA,7802100003591,PC473591,PACK CERVEZA MORENITA LATA 470CC (6 UNIDADES),"6.590,00"
BOTILLERIA,7792798012947,76668638015993,PACK CERVEZA QUILMES 473CC (6 UNIDADES),"6.590,00"
BOTILLERIA,7802100505583,PC355583,PACK CERVEZA ROYAL GUARD BOTELLA 355CC (6 UNIDADES),"7.990,00"
BOTILLERIA,7802100004758,PC3554758,PACK CERVEZA ROYAL GUARD BOTELLA SIN ALCOHOL 355CC (6 UNIDADES),"7.990,00"
BOTILLERIA,7802100505187,PC355187,PACK CERVEZA ROYAL GUARD LATA 350CC (6 UNIDADES),"8.590,00"
BOTILLERIA,7802100002754,PC472754,PACK CERVEZA ROYAL GUARD LATA 470CC (6 UNIDADES),"8.590,00"
BOTILLERIA,7802100003126,PC353126,PACK CERVEZA ROYAL GUARD SMOOTH LAGER BOTELLA 355CC (6 UNIDADES),"8.290,00"
BOTILLERIA,7501049936945,PC336945,PACK CERVEZA SOL BOTELLA 330CC (6 UNIDADES),"8.390,00"
BOTILLERIA,7802100003522,CEPA473522,PACK CERVEZA SOL LATA 473CC (6 UNIDADES),"6.990,00"
BOTILLERIA,7802130001765,PACE471765,PACK CERVEZA STELLA ARTOIS LATA 473CC (6 UNIDADES),"8.490,00"
BOTILLERIA,7792798006052,PC336052,PACK CERVEZA STELLAARTOIS BOTELLA 330CC (6 UNIDADES),"7.090,00"
MENAJE Y LIBRERIA,7702147246565,PC6U6565,PACK COPA CRISTAL PARA CHAMPAGNA CRISTAL 6U,"8.390,00"
FERRETERIA,6922073105656,PC11U5656,PACK CORTADOR 3 HYPER TOUGH 1U,"2.290,00"
BOTILLERIA,7804320080611,PD0611,PACK DIABLO DARK RED + SPARK ROSE + COPA,"15.990,00"
HIGIENE Y CUIDADO PERSONAL,4005808806874,PJ856874,PACK JABON NIVEA AVENA 3U 85G,"3.490,00"
HIGIENE Y CUIDADO PERSONAL,4005808806577,PJ856577,PACK JABON NIVEA PROTEINA DE LECHE 3U 85G,"4.090,00"
POSTRES,8445290780447,PJ110447,PACK JALEA GOODNES FRAMBUESA 110G,"1.990,00"
MENAJE Y LIBRERIA,7808718508572,PL7M8572,PACK LAPIZ CORRECTOR 3 BOLIGRAFOS PAPER MATE 7ML,"3.790,00"
BOTILLERIA,7802100004697,PL474697,PACK LEMON STONE LATA 473CC (6 UNIDADES),"8.390,00"
BOTILLERIA,7802175000259,PM270259,PACK MISTRAL ICE BLEND BOTELLA 275CC (4 UNIDADES),"7.490,00"
BOTILLERIA,7802175001676,PM271676,PACK MISTRAL ICE BLEND BOTELLA 275CC (4 UNIDADES),"7.490,00"
BOTILLERIA,7802175000365,PM270365,PACK MISTRAL ICE DRY BOTELLA 275CC (4 UNIDADES),"7.490,00"
BOTILLERIA,7802175000884,74503347052491,PACK MISTRAL ICE ENERGY BOTELLA 275CC (4 UNIDADES),"7.490,00"
BOTILLERIA,7802175003038,74503214087986,PACK MISTRAL ICE PINEAPPLE BOTELLA 275CC (4 UNIDADES),"7.490,00"
JUEGOS,7790085002282,PP1U2282,PACK PALETA MALLA PELOTA PINGPONG SENSEI 1U,"16.490,00"
JUEGOS,8977677501234,PP1U1234,PACK PALETAS DE PINGPONG HAOSHENG (AZUL) 1U,"10.990,00"
MENAJE Y LIBRERIA,2153012,PS4U3012,PACK SERVICIOS DE MADERA 4U,"2.190,00"
LIMPIEZA,7800143282102,PK1U2102,PALA KENDY NEGRA 1U,"1.590,00"
LIMPIEZA,7806800008917,PM1U8917,PALA MANLAC CON MANGO 1U,"3.490,00"
MENAJE Y LIBRERIA,7891116014295,PP1U4295,PALA PARA TARTAS COSMOS DE ACERO INOXIDABLE TRAMONTINA 1U,"4.990,00"
LIMPIEZA,7806810117005,PP1U7005,PALA PLASTICA CON MANGO IMPEKE 1U,"3.890,00"
LIMPIEZA,7806810015158,PP1U5158,PALA PLASTICA CON MANGO VIRUTEX 1U,"4.990,00"
BEBIDAS,73730297241968,PAHE10,PALETA DE HELADO SAWER 100G,"3.990,00"
MENAJE Y LIBRERIA,7802420130472,PC100472,PALILLOS COCTEL MARCO POLO 100U,490
MENAJE Y LIBRERIA,2230301,PC100301,PALITO COCTEL BAMBU 100U,790
CANDYLAND,073141153980,PAPO403980,PALITOS POCKY 40G,"1.990,00"
PASTELERIA,77634749894716,P14716,PALMERITA 1U,"2.000,00"
DULCES Y CHOCOLATE,12345112,69842193417165,PALMERITAS 1U,"1.200,00"
DESPENSA,7802420510151,PE400151,PALMITO EN RODAJAS ESMERALDA 400G,"2.990,00"
DESPENSA,7802420510113,PE400113,PALMITO ENTERO ESMERALDA 400G,"3.890,00"
DESPENSA,7801305133645,PE403645,PALMITO ENTERO WASIL 400G,"4.990,00"
DESPENSA,7801305001883,PE401883,PALMITOS EN RODAJAS WASIL 400G,"3.790,00"
DULCES Y CHOCOLATES,076150230383,PA160383,"PALOMITAS ACT II CARAMELO 161,4G","3.490,00"
DULCES Y CHOCOLATES,076150601244,PA911244,PALOMITAS ACT II DULCE 91G,"1.790,00"
DULCES Y CHOCOLATES,076150202199,PA852199,PALOMITAS ACT II MANTEQUILLA 85G,"1.790,00"
DULCES Y CHOCOLATES,076150601336,PA911336,PALOMITAS ACT II MANTEQUILLA 91G,"1.790,00"
DULCES Y CHOCOLATES,76150601329,PA911329,PALOMITAS ACT II NATURAL 91G,"1.790,00"
PANADERIA,7804641180687,PA100687,PAN ALIMENTOS PROXIMOS DE HOT DOG 10U,"3.890,00"
PANADERIA,1234526,PA104526,PAN AMASADO 10U,"3.500,00"
PANADERIA,987654321,PA104321,PAN AMASADO GRANDE 9U,"4.000,00"
PANADERIA,7803468001274,PB8U1274,PAN BRIOCHE CASTAÑO 8U,"3.790,00"
PANADERIA,7803468002233,PC4002233,PAN CASTAÑO INTEGRAL MEDIANO 400GR,"2.190,00"
PANADERIA,7803468001427,PC8U1427,PAN COMPLETO CASTAÑO 8U,"2.790,00"
PANADERIA,7803480001429,PC600G1429,PAN CON SEMILLA DE CALABAZA Y NUECES - FUCHS 600G,"3.790,00"
PANADERIA,7803468001946,PC481946,PAN CROCATA TIPO ITALIANO CASTAÑO 480G,"2.090,00"
PANADERIA,742832854405,PD504405,PAN DE COMPLETO MARCELO 10U 500G,"3.090,00"
PANADERIA,7804667910725,PD100725,PAN DE COMPLETOS DTRIGO 10U,"2.790,00"
PANADERIA,7803403002632,PD522632,PAN DE COMPLETOS XL IDEAL 528G,"3.090,00"
PANADERIA,7803480001214,PD8U1214,PAN DE HAMBURGUESA CON SESAMO FUCHS 8U,"3.790,00"
PANADERIA,7803403002588,PD82588,PAN DE HAMBURGUESA IDEAL ARTESANO 8U,"4.590,00"
PANADERIA,742832854436,PDH104436,PAN DE HAMBURGUESA MARCELO 10U,"2.890,00"
PANADERIA,7804667910732,PD8U0732,PAN DE HAMBURGUESAS DTRIGO 8U,"2.990,00"
GALLETAS,73781053145289,PADE1U,PAN DE HUEVO 1U,"1.200,00"
PANADERIA,7803468002226,PD402226,PAN DE MOLDE BLANCO CASTAÑO 400G,"2.890,00"
PANADERIA,7803403003257,PD743257,PAN DE MOLDE BLANCO XL IDEAL 740G,"3.790,00"
PANADERIA,7803473002662,PM752662,PAN DE MOLDE BLANCO XL IDEAL 750G,"3.690,00"
PANADERIA,7803468005128,PAMO405128,PAN DE MOLDE BRIOCHE CASTAÑO 400G,"2.290,00"
PANADERIA,7803480001115,PD381115,PAN DE MOLDE CALABAZA NUEZ FUCHS 380G,"2.990,00"
PANADERIA,7803468003025,PD403025,PAN DE MOLDE CASTAÑO LINAZA CHIA 400G,"2.790,00"
PANADERIA,7803468005333,PD405333,PAN DE MOLDE CASTAÑO MULTIGRANO 400G,"2.790,00"
PANADERIA,7803480000309,PD650309,PAN DE MOLDE FUCHS MULTI GRANO LIGHT 650G,"3.690,00"
PANADERIA,7803403003318,PD353318,PAN DE MOLDE IDEAL BLANCO 350G,"2.490,00"
PANADERIA,7803403003325,PD353325,PAN DE MOLDE IDEAL INTEGRAL 350G,"2.490,00"
PANADERIA,7803480001092,PD381092,PAN DE MOLDE LINAZA CHÍA FUCHS 380G,"2.990,00"
PANADERIA,7803480001269,PD651269,PAN DE MOLDE LINAZA CHÍA FUCHS 650G,"3.790,00"
PANADERIA,7803480001078,PD381078,PAN DE MOLDE MULTIGRANO FUCHS 380G,"2.990,00"
PANADERIA,7803468005135,PADEPACA8U,PAN DE PAPA CASTAÑO 8U,"4.290,00"
PANADERIA,7803468001410,PD501410,PAN DE PASCUA CLÁSICO CASTAÑO 500G,"3.190,00"
PANADERIA,7803473242211,PD7002211,PAN DE PASCUA FRUTAS CONFITADAS IDEAL 700G,"5.990,00"
PANADERIA,7803468001397,PD701397,PAN DE PASCUA FRUTOS SECOS CASTAÑO 700G,"7.190,00"
PANADERIA,7803403295867,PD7005867,PAN DE PASCUA FRUTOS SECOS IDEAL 700G,"6.190,00"
PANADERIA,567856785678,PE15678,PAN ESPECIAL 1KG,1
PANADERIA,7803468002905,PH8U2905,PAN HAMBURGUESA CASTAÑO 8U,"3.390,00"
PANADERIA,7803473215253,PH8U5253,PAN HAMBURGUESA IDEAL 8U,"3.390,00"
PANADERIA,7803468004756,PH304756,PAN HOT DOG CASTAÑO 300G,"2.190,00"
PANADERIA,7803403003158,PH8U3158,PAN HOT DOG IDEAL 8U,"3.090,00"
PANADERIA,7803403003929,PI383929,PAN IDEAL MOLDE BLANCO 380GR,"2.290,00"
PANADERIA,7803468005005,PI651519,PAN INTEGRAL CASTAÑO 600G,"3.690,00"
PANADERIA,7803480020079,PI650079,PAN INTEGRAL FUCHS 650G,"3.790,00"
PANADERIA,7803480001412,PI600G1412,PAN INTEGRAL MULTIOGRANO - FUCHS 600G,"3.790,00"
PANADERIA,7803403003110,PI653110,PAN INTEGRAL PRETEIN10 IDEAL 650G,"3.990,00"
PANADERIA,7803495004934,PL64934,PAN LA SELECTA CHABATTA RUSTICA 6U,"4.990,00"
PANADERIA,7803495003906,PL83906,PAN LA SELECTA HALLULLA 8U,"3.990,00"
PANADERIA,7803495003890,PL83890,PAN LA SELECTA MARAQUETA 8U,"3.990,00"
PANADERIA,7803480001436,PL600G1436,PAN LINAZA CHIA - FUCHS 600G,"3.790,00"
PANADERIA,7891962056746,PM406746,PAN MASA MADRE BAUDUCCO 400G,"3.090,00"
PANADERIA,7891962056753,PM406753,PAN MASA MADRE BAUDUCCO INTEGRAL 400G,"3.090,00"
PANADERIA,7891962064048,PM194048,PAN MOLDE BLANCO BAUDUCCO 192G,"2.490,00"
PANADERIA,7803468003476,PM573476,PAN MOLDE BLANCO CASTAÑO 570G,"3.090,00"
PANADERIA,7803403003271,PM553271,PAN MOLDE BLANCO IDEAL 550G,"3.490,00"
PANADERIA,7803403003936,PM583936,PAN MOLDE BLANCO IDEAL 580G,"2.890,00"
PANADERIA,7803468003483,PAMO773483,PAN MOLDE BLANCO XL CASTAÑO 770G,"3.690,00"
PANADERIA,7803480001313,PM631313,PAN MOLDE CALABAZA NUEZ FUCHS 630G,"3.890,00"
PANADERIA,7803468005340,PM4005340,PAN MOLDE CASTAÑO CALABAZA PROTEINA 400GR,"2.990,00"
PANADERIA,7803468005326,PM4005326,PAN MOLDE CASTAÑO LINASA CHIA PREBIOTICO 400GR,"2.990,00"
PANADERIA,7803403003264,PA553264,PAN MOLDE IDEAL ARTESANO 550G,"3.890,00"
PANADERIA,7803403003042,PM603042,PAN MOLDE IDEAL ARTESANO INTEGRAL 600GR,"3.890,00"
PANADERIA,7803403004094,PM404094,PAN MOLDE IDEAL SIN ORILLA 400GR,"4.190,00"
PANADERIA,7804681630098,PM450098,PAN MOLDE LA SELECTA MULTISEMILLAS SIN GLUTEN 450GR,"5.990,00"
PANADERIA,7804681630104,PM450104,PAN MOLDE LA SELECTA SIN GLUTEN 450GR,"5.990,00"
PANADERIA,1234511,PN1K4511,PAN NORMAL 1K,1
PANADERIA,7803468001441,PP331441,PAN PARRILLERO 13 UNIDADES 330G,"2.090,00"
PANADERIA,7803403003059,PP523059,PAN PASCUA AGUA PIEDRA 520G,"5.490,00"
PANADERIA,7803468001380,PP701380,PAN PASCUA CASTAÑO FRUTAS CONFITADAS 700G,"5.490,00"
PANADERIA,7803468002516,PP302516,PAN PITA BLANCO CASTAÑO 300G,"2.290,00"
PANADERIA,7803473001993,PP8U1993,PAN PITA BLANCO LIGHT IDEAL 8U,"2.290,00"
PANADERIA,7803473000767,PP8U0767,PAN PITA IDEAL BLANCO 8U,"2.190,00"
PANADERIA,7803468002523,PP302523,PAN PITA INTEGRAL CASTAÑO 300G,"2.290,00"
PANADERIA,7803473000750,PP340750,PAN PITA INTEGRAL IDEAL 344G,"2.290,00"
PANADERIA,7803468002509,PR252509,PAN RALLADO CASTAÑO 250G,"1.890,00"
PANADERIA,7803403002212,PR252212,PAN RALLADO IDEAL 250G,"1.890,00"
PANADERIA,7803468003001,PT353001,PAN TAPADITOS CASTAÑO 350G,"3.390,00"
HIGIENE Y CUIDADO PERSONAL,7806500771517,PA8U1517,PAÑAL ADULTO COTIDIAN 8U,"10.590,00"
BEBES,7806500799481,PB189481,PAÑAL BABYSEC PREMIUM G 18U,"4.790,00"
BEBES,7806500799160,PB209160,PAÑAL BABYSEC PREMIUM M 20U,"5.290,00"
BEBES,7806500799498,PB149498,PAÑAL BABYSEC PREMIUM XG 14U,"4.790,00"
BEBES,7806500799504,PB149504,PAÑAL BABYSEC PREMIUM XXG 14U,"5.790,00"
BEBES,7806500752172,PBG2152,PAÑAL BABYSEC PREMIUN G,"8.690,00"
BEBES,7806500792284,PB342284,PAÑAL BABYSEC RN 34U,"8.990,00"
BEBES,7804603542102,PD382102,PAÑAL DESECHABLE G EMUBABY 38U,"10.790,00"
BEBES,7804603541983,PD241983,PAÑAL DESECHABLE P EMUBABY 24U,"5.590,00"
BEBES,7804603542119,PD342119,PAÑAL DESECHABLE XG EMUBABY 34U,"10.790,00"
BEBES,7500435122443,PAPACOSECG2,PAÑAL PAMPERS CONFORT SEC G20,"7.790,00"
BEBES,7500435150699,PAPACOSEM20699,PANAL PAMPERS CONFORT SEC M20,"6.990,00"
BEBES,7500435122467,PAPACOSEXG2467,PANAL PAMPERS CONFORT SEC XG16,"7.490,00"
BEBES,7500435122450,PAPECOSEXX2450,PANAL PAMPERS CONFORT SEC XXG16,"7.490,00"
BEBES,7806500799153,PP209153,PAÑAL PREMIUM P BABYSEC 20U,"5.590,00"
BEBES,7806500751861,PB701861,PAÑALES BABYSEC PREMIUM FLEXIPROTECT 70U,"20.690,00"
BEBES,7806500799405,PB689405,PAÑALES BABYSEC PREMIUM SUPERFLEX 68U,"23.690,00"
BEBES,7806500752318,PB2318,PAÑALES BABYSEC PREMIUN M 20U,"8.690,00"
BEBES,7806500752325,PB,PAÑALES BABYSEC PREMIUN P 2OU,"8.690,00"
BEBES,7806500752288,PB202288,PAÑALES BABYSEC PREMIUN XG 20U,"8.690,00"
BEBES,7806500752202,PB142202,PAÑALES BABYSEC PRIMIUN XXG 14U,"8.690,00"
BEBES,7806500799344,PB549344,PAÑALES BABYSEC SUPER PREMIUM SOFTPROTECT 54U,"24.290,00"
BEBES,7806500799375,PB549375,PAÑALES BABYSEC SUPER PREMIUM SOFTPROTECT 54U,"24.290,00"
BEBES,7806500752387,PB142387,PAÑALES BABYSEC TALLA XXXG PREMIUN 14U,"6.490,00"
HIGIENE Y CUIDADO PERSONAL,6957931458063,PC168063,PAÑALES CHIKOOL PREMIUM G 16U,"13.790,00"
HIGIENE Y CUIDADO PERSONAL,6957931458070,PC168070,PAÑALES CHIKOOL PREMIUM XG 16U,"13.790,00"
HIGIENE Y CUIDADO PERSONAL,7806500771524,PC8U1524,PAÑALES COTIDIAN G 8U,"10.090,00"
BEBES,7500435157537,PP107537,PAÑALES PISCINA SPLASHERS TALLA G-XG 10U,"8.590,00"
SNACKS,7802095185104,PAPA185104,PANCHITOS PANCHO VILLA 180G 180G,"2.490,00"
LIMPIEZA,7805005002928,PA82928,PAÑO ABSORBENTE FIBRO MULTIUSO 8U,"3.490,00"
LIMPIEZA,6902024072503,PA52503,PAÑO AILEDA ESPONJA ULTRA ABSORBENTE 5U,"1.890,00"
LIMPIEZA,6902024012912,PA32912,PAÑO AILEDA ULTRA ABSORBENTE 38X38CM 3U,"1.490,00"
LIMPIEZA,1234518,PA1U4518,PAÑO AMARILLO COCINA 1U,890
LIMPIEZA,7806810014144,PA4144,PAÑO AMARILLO MULTIUSO VIRUTEX,"4.090,00"
LIMPIEZA,7758676001267,PB31267,PAÑO BE WINNEX MICROFIBRA 3U,"4.190,00"
LIMPIEZA,7805025696084,PE4U6084,PAÑO ESPONJA CLOROX 4U,"3.290,00"
LIMPIEZA,4548984,PM1U8309,PAÑO MICROFIBRA 30X30 1U,"1.190,00"
LIMPIEZA,7808304316093,PM1U6093,PAÑO MICROFIBRA CELESTE 1U,890
LIMPIEZA,781159797118,PM3U7118,PAÑO MULTIUSO ESPONJA 3U,"1.290,00"
LIMPIEZA,7806810007108,PM1U7108,PAÑO MULTIUSO ULTRA ABSORVENTE 1U,"1.690,00"
LIMPIEZA,7806810007184,PM3U7184,PAÑO MULTIUSO VIRUTEX 3U,"3.990,00"
LIMPIEZA,7759998008910,PV38910,PAÑO VIRUTEX DE MICROFIBRA COLORES 3U,"2.290,00"
LIMPIEZA,7806810005029,PV35029,PAÑO VIRUTEX ESPONJA ABSORVENTE 3U,"4.490,00"
LIMPIEZA,7808304315966,PAES3U5966,PAÑOS ESPONJA TEDDY 3U,"2.790,00"
LIMPIEZA,7806810005098,PV6U5098,PAÑOS VIRUTEX ABSORVENTES 6U 6U,"6.090,00"
HIGIENE Y CUIDADO PERSONAL,7804945015630,PASOSPSI755630,PANTALLA SOLAR SPRAY SIMONDS 75ML,"3.490,00"
DULCES Y CHOCOLATES,7790580412449,PACH11,PAÑUELO CHUBI 110G,"5.590,00"
HIGIENE Y CUIDADO PERSONAL,7806500001102,PD901102,PAÑUELOS DESECHABLES DISNEY ELITE 3 CAJAS 90U,"4.290,00"
HIGIENE Y CUIDADO PERSONAL,7806500172116,PD102116,PAÑUELOS DESECHABLES ELITE 10U,290
HIGIENE Y CUIDADO PERSONAL,7806500165729,PF3P5729,PAÑUELOS FACIALES ELITE DISEÑOS 3P,"4.090,00"
BEBIDAS,7801620300180,PN0180,"PAP NORMAL 1,5L","2.190,00"
BEBIDAS,7801620300210,PN2L0210,PAP NORMAL 2L,"2.490,00"
BEBIDAS,7801620004910,PZ4910,"PAP ZERO 1,5L","2.190,00"
BEBIDAS,7801620006518,PZ2L6518,PAP ZERO 2L,"2.490,00"
USAMARKET,5053990175949,PF1655949,PAPA FRITA PRINGLE SMOKIN BBQ RIBS 165GR,"3.790,00"
USAMARKET,5053990158034,PF1658034,PAPA FRITA PRINGLES PRAWN COCKTAIL 165GR,"4.490,00"
SNACKS,7896004011653,PF101653,PAPA FRITA PRINGLES STRANGER THINGS 104GR,"2.990,00"
SNACK,5053990161966,PF161966,PAPA FRITA PRINGLES TEXAS BBQ SAUCE 165GR,"4.490,00"
SNACKS,7802000017629,PF3507629,PAPA FRITAS LAYS CORTE AMERICANO 350GR,"4.190,00"
SNACKS,659525122157,PAAR162157,PAPAS ARTESANALES FERCRIS 160G CEBOLLA Y CREMA,"2.200,00"
SNACKS,788115525563,PAAR165563,PAPAS ARTESANALES FERCRIS 160G CIBOULETTE,"2.200,00"
SNACKS,788115525518,PAAR165518,PAPAS ARTESANALES FERCRIS 160G JAMON SERRANO,"2.200,00"
SNACKS,788115525532,PAAR165532,PAPAS ARTESANALES FERCRIS 160G OREGANO,"2.200,00"
SNACKS,73723915035312,73723915035312,PAPAS ARTESANALES FERCRIS 160G QUESO CHEDDAR,"2.200,00"
SNACKS,659525122133,PAAR162133,PAPAS ARTESANALES FERCRIS 160G TOMATE ALBAHACA,"2.200,00"
SNACKS,788115525556,PAAR165556,PAPAS ARTESANALES FERCRIS 160G TRADICIONAL,"2.200,00"
SNACKS,788115525525,PA165525,PAPAS ARTESANALES FERCRIS MERKEN 160GR,"2.300,00"
SNACKS,6917554726338,PA106338,PAPAS ARTESANAS RUCAS 100G,"2.090,00"
SNACKS,7802000016424,PACO10,PAPAS CORTE AMERICANO LAYS 100G,"1.590,00"
CONGELADOS,7801300101014,PADU501014,PAPAS DUQUESAS FRUTOS DEL MAIPO 500G,"3.890,00"
CONGELADOS,7801907001458,PD1K1458,PAPAS DUQUESAS SAN JORGE 1K 1K,"3.790,00"
SNACKS,7802420008726,PF208726,PAPAS FRITAS BARBEQUE MARCO POLO 200G,"2.890,00"
CONGELADOS,5707025000866,PF10866,PAPAS FRITAS CONTRY FRIES CONGELADAS PREMIUN 1KG,"4.390,00"
SNACKS,6917554726352,PF106352,PAPAS FRITAS CREMA Y CEBOLLA RUCAS 100G,"2.090,00"
CONGELADOS,7801300000072,PAFR500072,PAPAS FRITAS FRUTOS DEL MAIPO 500G,"3.890,00"
SNACKS,6917554956049,PF106049,PAPAS FRITAS JAMON SERRANO RUCAS 100G,"2.090,00"
SNACKS,7802800533565,KS133565,PAPAS FRITAS KRYZPO SABOR QUESO 130G ORIGINAL,"2.890,00"
SNACKS,7802800533572,KRSA133572,PAPAS FRITAS KRYZPO SABOR QUESO 130G QUESO,"2.890,00"
SNACK,7802000019210,PAFR259210,PAPAS FRITAS LAYS 250G,"2.390,00"
SNACKS,7802000015991,PF225991,PAPAS FRITAS LAYS 220G,"2.390,00"
SNACKS,7802000016431,PF236431,PAPAS FRITAS LAYS AMERICANO 230G,"2.390,00"
SNACKS,7802000018640,PF158640,PAPAS FRITAS LAYS ARTESANALES CAPRESE 150GR,"3.190,00"
SNACKS,7802000018749,PF1508749,PAPAS FRITAS LAYS ARTESANAS CEBOLLA Y PIMIENTA 150GR,"3.190,00"
SNACK,7802000017421,PL157421,PAPAS FRITAS LAYS ARTESANAS CON SAL DE MAR 150G,"3.090,00"
SNACKS,7802000018442,PF1508442,PAPAS FRITAS LAYS ARTESANAS MERKEN 150GR,"3.190,00"
SNACK,7802000021824,PF151824,PAPAS FRITAS LAYS ARTESANAS MERKEN 150GR,"3.190,00"
SNACKS,7802000021817,PF151817,PAPAS FRITAS LAYS ARTESANAS SAL DE MAR 150GR,"3.290,00"
SNACK,7802000017384,PF157384,PAPAS FRITAS LAYS ARTESANAS SALSA VERDE 150G,"3.190,00"
SNACK,7802000021831,PF151831,PAPAS FRITAS LAYS ARTESANAS SALSA VERDE 150GR,"3.190,00"
SNACKS,7802000019104,PF209104,PAPAS FRITAS LAYS CORTE AMERICANO 200G,"2.190,00"
SNACKS,7802000020346,PF330346,PAPAS FRITAS LAYS CORTE AMERICANO 330G,"4.190,00"
SNACKS,7802000021701,PF301701,PAPAS FRITAS LAYS CORTE AMERICANO XL 300GR,"4.190,00"
SNACKS,7802000020568,PF3300568,PAPAS FRITAS LAYS CORTE LISO 330GR,"4.090,00"
SNACKS,7802000018312,PF188312,PAPAS FRITAS LAYS JAMON SERRANO 180G,"2.290,00"
SNACKS,7802000015427,PF205427,PAPAS FRITAS LAYS JAMON SERRANO 200G,"2.690,00"
SNACKS,7802000011108,PF231108,PAPAS FRITAS LAYS LISO 230G,"2.390,00"
SNACKS,7802000017636,PF357636,PAPAS FRITAS LAYS LISO 350G,"3.890,00"
SNACKS,7802000018329,PF188329,PAPAS FRITAS LAYS OREGANO 180G,"2.290,00"
SNACKS,7802000015410,PF205410,PAPAS FRITAS LAYS OREGANO 200G,"2.690,00"
SNACKS,7802000018800,PF1808800,PAPAS FRITAS LAYS QUESO CHEDDAR 180GR,"3.190,00"
SNACK,7802000022128,PF162128,PAPAS FRITAS LAYS SABOR ASADO MEXICANO 160GR,"2.690,00"
SNACKS,7802000021756,PF171756,PAPAS FRITAS LAYS SABOR KETCHUP 170GR,"3.090,00"
SNACK,7802000022111,PF162111,PAPAS FRITAS LAYS SABOR TACO MEXICANO 160GR,"2.690,00"
SNACKS,7802000020735,PF180735,PAPAS FRITAS LAYS SOUR CREAM & ONION 180G,"2.290,00"
SNACKS,7802000020889,PF180889,PAPAS FRITAS LAYS SWITCH 180GR,"2.190,00"
SNACKS,7802420151477,PF201477,PAPAS FRITAS MARCO POLO AMERICANO 200G,"2.290,00"
SNACKS,7802420151378,PF401378,PAPAS FRITAS MARCO POLO AMERICANO 400G,"4.490,00"
SNACKS,7802420010170,PAFRMAPOBA180170,PAPAS FRITAS MARCO POLO BARBEQUE 180G,"2.490,00"
SNACKS,7802420151057,PF201057,PAPAS FRITAS MARCO POLO CASERAS 200G,"2.090,00"
SNACKS,7802420007491,PF237491,PAPAS FRITAS MARCO POLO CASERAS 230G,"2.590,00"
SNACKS,7802420009181,PAFRPOCA359181,PAPAS FRITAS MARCO POLO CASERAS 350G,"3.790,00"
SNACKS,7802420007385,PF387385,PAPAS FRITAS MARCO POLO CASERAS 380G,"4.290,00"
SNACKS,7802420001840,PF201840,PAPAS FRITAS MARCO POLO CIBOULETTE 200G,"2.890,00"
SNACKS,7802420007507,PF237507,PAPAS FRITAS MARCO POLO CORTE AMERICANO 230G,"2.590,00"
SNACKS,7802420009198,PAFRMAPOCOAM359198,PAPAS FRITAS MARCO POLO CORTE AMERICANO 350G,"3.790,00"
SNACKS,7802420012266,PF202266,PAPAS FRITAS MARCO POLO ENTRA WAVY 200GR,"2.990,00"
SNACKS,7802420010194,PF1800194,PAPAS FRITAS MARCO POLO JAMON SERRANO 180GR,"2.690,00"
SNACKS,7802420001864,PF201864,PAPAS FRITAS MARCO POLO JAMON SERRANO 200G,"2.890,00"
SNACKS,7802420010187,PF1800187,PAPAS FRITAS MARCO POLO LIMON 180GR,"2.690,00"
SNACKS,7802420007408,PF527408,PAPAS FRITAS MARCO POLO LISO 520G,"4.490,00"
SNACK,7802420010996,PAFR180996,PAPAS FRITAS MARCO POLO Q/CREMA SOYA 180G,"2.890,00"
SNACKS,7802420010200,PAFRMAPOSACR&CI180200,PAPAS FRITAS MARCO POLO SABOR CREMA & CIBOULETTE 180g,"2.490,00"
SNACKS,7802000021749,PF181749,PAPAS FRITAS MOMS CORTE LISA 180GR,"2.090,00"
SNACKS,6917554726369,PF106369,PAPAS FRITAS ORIGINAL RUCAS 100G,"2.090,00"
USAMARKET,5053990127641,PF1657641,PAPAS FRITAS PRINGLES CHEESE&ONION 165GR,"4.490,00"
USAMARKET,5053990127740,PF1657740,PAPAS FRITAS PRINGLES SOUR CREAM&ONION 165GR,"3.790,00"
SNACKS,6917554726321,PF106321,PAPAS FRITAS QUESO RUCAS 100G,"2.090,00"
SNACKS,7802420010811,PAFRRUMAPOMOYMI180811,PAPAS FRITAS RUSTICAS MARCO POLO MOSTAZA Y MIEL 185G,"3.290,00"
SNACKS,7802420004469,PF184469,PAPAS FRITAS RUSTICAS SAL DEL HIMALAYA 185G,"3.290,00"
SNACKS,7802420011481,PAFR181481,PAPAS FRITAS SABOR KETCHUP KRAFT MP 180G,"2.490,00"
SNACK,7802420010989,PF180989,PAPAS FRITAS SABOR MOSTAZA KRAFT MP 180G,"2.490,00"
SNACKS,7804630011343,PF151343,PAPAS FRITAS TIKA MERKEN AHUMADO 150GR,"2.990,00"
CONGELADOS,7801300003820,PAGA503820,PAPAS GAJOS FRUTOS DEL MAIPO 500G,"3.990,00"
SNACKS,7802000013621,PL133621,PAPAS LAYS STAX CEBOLLA 134G,"2.990,00"
SNACKS,7802000013614,PL133614,PAPAS LAYS STAX CHEDDAR 134G,"2.990,00"
SNACKS,7802000013607,PL133607,PAPAS LAYS STAX ORIGINAL 134G,"2.990,00"
SNACKS,7802000019371,PALA369371,PAPAS LAYS STAX ORIGINAL 36G,"1.290,00"
SNACKS,7802420007392,PMP387392,PAPAS MARCO POLO CORTE AMERICANO 380G,"4.290,00"
CONGELADOS,7801907022880,PP1K2880,PAPAS PREFRITAS SAN JORGE 1KG 1K,"3.990,00"
SNACK,7802420005046,PR185046,PAPAS RUSTICAS MARCO POLO ACETO Y SAL DE MAR 185G,"3.290,00"
SNACKS,7802420008238,PR188238,PAPAS RUSTICAS MARCO POLO CEBOLLA CARAMELIZADA 185G,"3.290,00"
SNACKS,7802420002359,PR182359,PAPAS RUSTICAS MARCO POLO MERKEN 185G,"3.290,00"
SNACKS,7802420002380,PR182380,PAPAS RUSTICAS MARCO POLO QUESO Y OREGANO 185G,"3.290,00"
SNACKS,7802420002182,PR182182,PAPAS RUSTICAS MARCO POLO SAL DE MAR 185G,"3.290,00"
DESPENSA,7804507000043,PA1L0043,PAPAYAS AL JUGO 1L,"10.190,00"
DESPENSA,12345111,PA505111,PAPAYAS AL JUGO 500CC,"7.190,00"
DESPENSA,7801305004136,PE384136,PAPAYAS EN TROCITOS WASIL 380G,"3.790,00"
MENAJE Y LIBRERIA,6912345600019,PA5M0019,PAPEL ALUMINIO 5M,"2.290,00"
MENAJE Y LIBRERIA,7801875150233,PA1U0233,PAPEL ALUMINIO ALUFOIL 1U,"1.890,00"
Sin Tipo,7805005040104,PA750104,PAPEL ALUMINIO EUROFOIL 7.5 MTRS,"2.290,00"
MENAJE Y LIBRERIA,6978514556129,PA206129,PAPEL ALUSA 20M,"1.690,00"
HIGIENE Y CUIDADO,7806500508663,PH68663,PAPEL HIGIENICO CONFORT 20MTS 6U,"3.790,00"
HIGIENE Y CUIDADO,7806500505006,PH4R5006,PAPEL HIGIENICO CONFORT 30MTRS 4U,"3.990,00"
HIGIENE Y CUIDADO,7806500507390,PH87390,PAPEL HIGIENICO CONFORT 40MTRS 8U,"9.290,00"
HIGIENE Y CUIDADO,7806500000396,PH80396,PAPEL HIGIENICO CONFORT 50MTS 8U,"8.990,00"
LIMPIEZA,7806500507116,PH4R7116,PAPEL HIGIENICO CONFORT MEGA 50M 4R,"4.990,00"
LIMPIEZA,7806500505709,PH1R5709,PAPEL HIGIENICO CONFORT UNA HOJA 1R,690
LIMPIEZA,7806500509820,PH4R9820,PAPEL HIGIENICO ELITE MEGA 50M 4R,"5.490,00"
HIGIENE Y CUIDADO,7806500508335,PH68335,PAPEL HIGIENICO NOBLE 23MTS 6U,"3.190,00"
HIGIENE Y CUIDADO,7804670691048,PH41048,PAPEL HIGIENICO REGIO DOBLE HOJA 175MTR 4U,"2.490,00"
LIMPIEZA,7809604028099,PH4U8099,PAPEL HIGIENICO SCOTT 22MTS 4U,"2.190,00"
LIMPIEZA,7809604029782,PH6R9782,PAPEL HIGIENICO SCOTT DOBLE HOJA 6R,"2.590,00"
HIGIENE Y CUIDADO PERSONAL,7804653341809,PH61809,PAPEL HIGIENICO SWAN 22MTR 6U,"2.290,00"
LIMPIEZA,7804653341045,PH6U1045,PAPEL HIGIENICO SWAN 6U,"2.190,00"
LIMPIEZA,7804653341168,PH4U1168,PAPEL HIGIENICO SWAN DOBLE HOJA 22MT 4U,"1.390,00"
HIGIENE Y CUIDADO,7804653340215,PH40215,PAPEL HIGIENICO SWAN DOBLE HOJA 50MT 4U,"3.590,00"
TABAQUERIA,7798121253513,PB503513,PAPELILLO BROWN + 50 TIPS,"1.690,00"
TABAQUERIA,7798121255371,PF15371,PAPELILLO FUMACHU 1U,"1.190,00"
TABAQUERIA,42401483,PG501483,PAPELILLO GIZEH 1 1/4 50U,1
TABAQUERIA,84190352,PG5084190352,PAPELILLO GOLD SMK 50U,990
TABAQUERIA,8414775014384,PM334384,PAPELILLO MANTRA BUBBLE GUM 33U,"1.190,00"
TABAQUERIA,8414775012410,PM332410,PAPELILLO MANTRA CHERRY 33U,1
TABAQUERIA,8414775012397,PM332397,PAPELILLO MANTRA CHOCOLATE 33U 1,1
TABAQUERIA,8414775012366,PM332366,PAPELILLO MANTRA MINT 33U,1
TABACO,30052765,PO502765,PAPELILLO OCB 50U,"1.190,00"
TABAQUERIA,30087859,PO507859,PAPELILLO OCB CAÑAMO ORGANICO 50U,"1.190,00"
TABAQUERIA,30068926,PO508926,PAPELILLO OCB XPERT 50U,"1.190,00"
TABAQUERIA,84157010,PS497010,PAPELILLO SMOKING CUADRADO 49U,1
TABAQUERIA,7798121252097,PATI50207,PAPELILLOS + TIPS FUMANCHU 50U,"1.690,00"
DESPENSA,7802410110224,PG100224,PAPRIKA GOURMET 100GR,"2.290,00"
FARMACIA,7800007124326,PC1U4326,PARACETAMOL COMPRIMIDOS 1U,150
SNACKS,7802420810268,PM100268,PASAS MORENAS MARCO POLO 100G,"1.090,00"
DESPENSA,7804522004552,PR304552,PASAS RUBIAS 300G,"3.890,00"
SNACKS,7802420810275,PR100275,PASAS RUBIAS MARCO POLO 100G,"1.590,00"
SNACKS,7802420008429,PR808429,PASAS RUBIAS TERRA 80GR,"1.590,00"
DESPENSA,7802575001832,PC401832,PASTA CAROZZI MOSTACCIOLI 400GR,"1.390,00"
CANDYLAND,703885048111,PACHESBEFOZUPI228111,PASTA CHAMOY ESCARCHAR BEBIDAS FORRITOS ZUMBA PICA 227G,"7.990,00"
DESPENSA,7802575006035,PC406035,PASTA CORBATAS CAROZZI 400G,"1.490,00"
CONGELADOS,7801300000065,PC10065,PASTA DE CHOCLO 1KG,"4.990,00"
CONGELADOS,7801300003769,PD503769,PASTA DE CHOCLO CON ALBAHACA FRUTOS DEL MAIPO 500G,"2.990,00"
CONGELADOS,7801220000848,PD1K0848,PASTA DE CHOCLO MINUTO VERDE 1K,"4.290,00"
HIGIENE Y CUIDADO,7805000180874,PD900874,PASTA DE DIENTE PEPSODENT XTRA WHITENING 90GR,"2.990,00"
HIGIENE Y CUIDADO,7891024134702,PD904702,PASTA DE DIENTES COLGATE MAXIMA PROTECCION 90GR,"1.990,00"
DESPENSA,7509546659381,PD129381,PASTA DE DIENTES COLGATE TRILPLE ACCION EXTRA WHITE 120GR,"2.290,00"
HIGIENE Y CUIDADO,7702560042379,PD502379,PASTA DE DIENTES KIDS 50ML,"2.390,00"
HIGIENE Y CUIDADO,7891150100961,PD120961,PASTA DE DIENTES PEPSODENT CARBON ACTIVADO 128GR,"3.190,00"
HIGIENE Y CUIDADO,7805000311346,PD131346,PASTA DE DIENTES PEPSODENT PROTECCIÓN ANTI-CARIES 130GR,"2.490,00"
HIGIENE Y CUIDADO,7891150094802,PD904802,PASTA DE DIENTES PEPSODENT TRIPLE MENTA AMERICANA 90GR,"1.790,00"
HIGIENE Y CUIDADO PERSONAL,7891024005064,PD145064,PASTA DENTAL COLGATE LUMINOUS WHITE 140G,"6.190,00"
HIGIENE Y CUIDADO PERSONAL,7891150098206,PD758206,PASTA DENTAL PEPSODENT INTEGRAL 18 75GR,"3.490,00"
DESPENSA,7802500008028,PF408028,PASTA FARFALLE TALLIANI 400G,"1.590,00"
USAMARKET,703885048135,PF228137,PASTA FORRITOS ZUMBA PICA DE MANGO 227GR,"7.990,00"
DESPENSA,7803111003099,PH223099,PASTA HUMMUS TRADICIONAL PERFECT CHOICE 220G,"3.590,00"
DESPENSA,7804608223433,PI653433,PASTA INSTANTANEA COLISEO CAMARON 65G,990
DESPENSA,7804608223426,PI653426,PASTA INSTANTANEA COLISEO CARNE 65G,990
DESPENSA,7804608223419,PI653419,PASTA INSTANTANEA COLISEO POLLO 65G,990
DESPENSA,7802575012210,PP252210,PASTA PANTRUCAS CAROZZI 250G,"1.090,00"
DESPENSA,7802575015570,PP705570,PASTA PARA UNO BOLOGNESA CAROZZI 70G,"1.790,00"
DESPENSA,7802575015563,PP705563,PASTA PARA UNO CARACOQUESOS CAROZZI 70G,"1.790,00"
QUESOS Y FIAMBRES,7801916029702,PP129702,PASTA POLLO CIBOULETTE 125G,"1.390,00"
QUESOS Y FIAMBRES,7801916029726,PP129726,PASTA POLLO PIMENTON 125G,"1.390,00"
QUESOS Y FIAMBRES,7801916029733,PS129733,PASTA SALAME 125G,"1.390,00"
DESPENSA,7802500008073,PT408073,PASTA TALLIANI CARACOLES 400GR,"1.690,00"
PASTELERIA,7804667910435,PD4U0435,PASTEL DELICIA DTRIGO 4U,"2.790,00"
PASTELERIA,7804667910770,PM4U0770,PASTEL MAICENA DTRIGO 4U,"2.790,00"
PASTELERIA,7803473002143,PM282143,PASTEL MILHOJAS MANJAR AGUA PIEDRA 280G,"3.590,00"
DULCES Y CHOCOLATES,73781093269065,PACU6U,PASTELES DE CURACAVI 6U,"2.490,00"
PASTELERIA,78302802950933,PS10933,PASTELES SUELTOS 1U,1
LIMPIEZA,7805025696534,PC3U6534,PASTILLA CLOROX AZUL X3 3U,"5.790,00"
LIMPIEZA,7806810016803,PI3U6803,PASTILLA INODORO VIRUTEX LAVANDA 3U,"4.690,00"
DULCES Y CHOCOLATES,7895144605685,PAKI355685,PASTILLAS KISS MENTOS 35G FRUIT,"3.290,00"
DULCES Y CHOCOLATES,7895144605678,PAKI355678,PASTILLAS KISS MENTOS 35G MINT,"3.290,00"
LIMPIEZA,7790520026187,PP256187,PASTILLAS PATO PURIFIC CITRUS 25GR,"1.790,00"
QUESOS Y FIAMBRES,76728789497511,PD20,PASTRAMI DE VACUNO LA FIAMBRERIA 200GR,"6.490,00"
QUESOS Y FIAMBRES,7801930008219,PD128219,PATE DE CAMPO 125G,"1.190,00"
QUESOS Y FIAMBRES,7801907004404,PAJA124404,PATE DE JAMON SAN JORGE 125G,890
QUESOS Y FIAMBRES,7801915001105,PL121105,PATE LA CRIANZA DE JAMON 125GR,"2.090,00"
QUESOS Y FIAMBRES,7801915001099,PL1201099,PATE LA CRIANZA DE TERNERA 125GR,"2.090,00"
QUESOS Y FIAMBRES,7801930008509,PS128509,PATE SABOR JAMON 125G,"1.190,00"
QUESOS Y FIAMBRES,7801930008226,PS128226,PATE SABOR SALAME 125G,"1.190,00"
QUESOS Y FIAMBRES,7804642980606,PS120606,PATE SCHWENCKE DE TERNERA 125GR,"1.690,00"
QUESOS Y FIAMBRES,7801916000749,PT160749,PATE TE SALCHICHON LA PREFERIDA 160G,"1.590,00"
QUESOS Y FIAMBRES,7801916030807,72814728042708,PATE TEEWURST LA PREFERIDA 125G,"2.190,00"
QUESOS Y FIAMBRES,7801916000718,PT160718,PATE TERNERA LA PREFERIDA 160G,"1.490,00"
QUESOS Y FIAMBRES,7801930009315,PT129315,PATE TERNERA RECETA DEL ABUELO 125G,"1.390,00"
QUESOS Y FIAMBRES,7801907004305,PT124305,PATE TERNERA SAN JORGE 125G,890
CARNICERIA,7808749501146,PA7001146,PECHUGA ARIZTIA DESHUESADA 700GR,"8.890,00"
QUESOS Y FIAMBRES,7801916033006,PC250G3006,PECHUGA COCIDA PAVO LA PREFERIDA 250G,"5.190,00"
QUESOS Y FIAMBRES,7801916030234,PD120234,PECHUGA DE PAVO ACARAMELADA L.P 125G,"3.690,00"
QUESOS Y FIAMBRES,7801916030227,PD120227,PECHUGA DE PAVO AHUMADA CORTE PLUMA 125G,"3.690,00"
QUESOS Y FIAMBRES,7801930011868,PD121868,PECHUGA DE PAVO COCIDA RECETA DEL ABUELO 125GR,"3.790,00"
CARNICERIA,7809611722034,PD752034,PECHUGA DE POLLO AGROSUPER DESHUESADA 750GR,"8.990,00"
CONGELADOS,7809611707444,PD707444,PECHUGA DESHUESADA SUPER POLLO 700G,"7.790,00"
QUESOS Y FIAMBRES,7801916031545,PP121545,PECHUGA PAVO COCIDA 125G,"3.690,00"
MASCOTAS,7797453001533,PA3K1533,PEDIGREE ADULTOS 3K,"14.990,00"
MASCOTAS,7797453001519,PC3K1519,PEDIGREE CACHORRO 3K,"14.990,00"
MASCOTAS,7797453001571,PR3K1571,PEDIGREE RAZAS PEQUEÑAS ADULTOS 3K,"14.990,00"
MENAJE Y LIBRERIA,7891116036907,PU1U6907,PEGADOR UTILITY PARA MASSA TRAMONTINA 1U,"5.790,00"
MENAJE Y LIBRERIA,7807265980503,PE360503,PEGAMENTO EN BARRA PROARTE 36G,"1.690,00"
FERRETERIA,77317186,PL2M7186,PEGAMENTO LA GOTITA 2ML,"3.990,00"
HIGIENE Y CUIDADO PERSONAL,8588988769918,PEKE9918,PEINETA KEKE,"1.990,00"
MENAJE Y LIBRERIA,7806810243025,PH1U3025,PELADOR HORIZONTAL ILKO 1U,"6.190,00"
JUEGOS,7790085007287,PD6U7287,PELOTA DE PINGPONG SENSEI 6U,"3.990,00"
JUEGOS,6920388695435,PP1U5435,PELOTA DE PLAYA PLAY DAY 1U,"4.790,00"
JUEGOS,7790085026554,PD1U6554,PELOTA DRB STAR SIZE 3 1U,"10.990,00"
JUEGOS,DDFL53137,PD1U3137,PELOTAS DE PINGPONG DOUBLE CIRCLE 1U,390
JUEGOS,72489757737,PD3U7737,PELOTAS DE TENIS HEAD MASTER 3U,"7.390,00"
FERRETERIA,619659068165,PS1U8165,PENDRIVE SANDISK CRUZER BLADE 32GB USB 2.0 1U,"7.190,00"
SNACKS,7802351451400,PA361400,PEPINILLO AGRIDULCE DON JUAN 360G,"2.490,00"
CANDYLAND,038200000902,PEBIPADIVAHO250902,PEPINILLO BIG PAPA DILL VAN HOLTENS 255 g,"4.990,00"
SNACKS,7802351451202,PE361202,PEPINILLO EN VINAGRE DON JUAN 360G,"1.790,00"
SNACKS,4008100141568,PE671568,PEPINILLO ESTILO POLACO HENGSTENBERG 670ML,"8.790,00"
DESPENSA,7804652981044,PM431044,PEPINILLOS BY MARIA BREAD & BUTTER 430G,"5.590,00"
DESPENSA,7804652980047,PB4300047,PEPINILLOS BY MARIA PICANTES 430GR,"5.590,00"
DESPENSA,7802337910242,PT200242,PEPINILLOS TRAVERSO 200G,"2.190,00"
DESPENSA,7804652980009,PD430009,PEPINOS DULCES BY MARIA 430G,"5.590,00"
DESPENSA,7804652980092,PD430092,PEPINOS DULCES CORTE AMERICANO BY MARIA 430G,"5.590,00"
QUESOS Y FIAMBRES,7801916038971,PL108971,PEPPERONI LA PREFERIDA 100G,"2.490,00"
BEBIDAS,7801620014513,PN4513,"PEPSI NORMAL 1,5L","2.190,00"
BEBIDAS,7801620017552,PN3L7552,PEPSI NORMAL 3L,"3.390,00"
BEBIDAS,7801620852689,PN2689,PEPSI NORMAL LATA 350CC,"1.190,00"
BEBIDAS,7801620014681,PO2L4681,PEPSI ORIGINAL 2L,"2.490,00"
BEBIDAS,7801620006860,PEZE156860,PEPSI ZERO 1.5L,"2.190,00"
BEBIDAS,7801620006877,PZ2L6877,PEPSI ZERO 2L,"2.490,00"
BEBIDAS,7801620006846,PZ356846,PEPSI ZERO LATA 350CC,"1.190,00"
DESPENSA,7803111001712,PA141712,PESTO ALCACHOFA PERFECT CHOICE 140G,"3.990,00"
DESPENSA,8076809579346,PB199346,PESTO BARRILLA ALL GENOVESE 190GR,"6.890,00"
DESPENSA,7803111001729,PG141729,PESTO GENOVESE PERFECT CHOICE 140G,"3.890,00"
BOTILLERIA,7501008611043,PB201043,PETACA BACARDI AÑEJO 200ML,"3.690,00"
BOTILLERIA,7802175003373,PP203373,PETACA PISCO MISTRAL 200ML,"4.490,00"
BOTILLERIA,7461323129190,PR179190,PETACA RON BARCELO DORADO 175ML,"3.890,00"
BOTILLERIA,7802105000731,PV200731,PETACA VODKA ERISTOFF 190ML,"3.490,00"
BOTILLERIA,5010106113493,PW203493,PETACA WHISKY BALLANTINES 200ML,"4.990,00"
BOTILLERIA,5000267015200,PW205200,PETACA WHISKY JOHNNIE WALKER ROJO 200ML,"5.490,00"
BOTILLERIA,5000265001199,PW201199,PETACA WHISKY WHITE HORSE 200ML,"5.990,00"
HIGIENE Y CUIDADO,7896083002283,PD501183,PETALOS DE ALGODON SWISS BEAUTY 50U,"1.390,00"
HIGIENE Y CUIDADO PERSONAL,7805190000099,PD800099,PETALOS DE LIMPIEZA EQUATE 80U,"1.190,00"
HIGIENE Y CUIDADO PERSONAL,048341000808,PEMA800808,PETALOS DE MAQUILLAJE 80U,"1.690,00"
HIGIENE Y CUIDADO,6976982880036,PY800036,PETALOS YIRANRUNI 80U,"1.290,00"
BEBES,7613030264569,PN254569,PICADO NESTLE CARBONADA 250G,"3.190,00"
BEBES,7613036510264,PN250264,"PICADO NESTLE CARNE, ZANAHORIA Y ARROZ 250G","3.190,00"
BEBES,7613030264705,PN254705,PICADO NESTLE CAZUELA DE POLLO Y VERDURAS 250G,"3.190,00"
BEBES,7613030692669,PN252669,PICADO NESTLE CAZUELA DE VACUNO Y VERDURAS 250G,"3.190,00"
BEBES,7613030692577,PN252577,PICADO NESTLE CHARQUICAN 250G,"3.190,00"
BEBES,8445291770027,PN200027,"PICADO NESTLE NATURNES CARNES, FIDEOS Y VERDURAS 205GR","3.090,00"
BEBES,7613036510615,PN250615,PICADO NESTLE PASTEL DE CHOCLO 250G,"3.190,00"
BEBES,7613036510585,PN250585,PICADO NESTLE POLLO ARVEJADO 250G,"3.190,00"
DESPENSA,7802950003550,PN213550,PICADO NESTLE POLLO Y VERDURAS 215G,"2.990,00"
DESPENSA,8445292266062,PN216062,PICADO NESTLE POLLO Y VERDURAS 215GR,"2.790,00"
BEBES,8445290004291,PN254291,PICADO NESTLE TOMATICAN 250G,"3.190,00"
DESPENSA,7802950003543,PN213543,"PICADOS NATURNES CARNES, FIDEOS Y VERDURAS 215G","2.890,00"
USAMARKET,038200091252,PI11252,PICKLE IN-A POUCH GARLIC FLAVORED 1U,"3.990,00"
USAMARKET,038200000926,PI10926,PICKLE IN-A POUCH HOT MAMA 1U,"3.990,00"
USAMARKET,038200000940,PS10940,PICKLE SOUR SIS TAR&TANGY 1U,"3.990,00"
SNACKS,7802351461201,PD361201,PICKLES DON JUAN 360G,"1.890,00"
SNACKS,7802337910235,PT500235,PICKLES TRAVERSO 500G,"1.790,00"
ELECTRONICA,041333016634,PD1U1663,PILA DURACELL AA 1U,"1.790,00"
ELECTRONICA,41333016634,PD1U6634,PILA DURACELL AA 1U,"1.790,00"
ELECTRONICA,041333428482,PD1U8482,PILA DURACELL AAA 1U,"1.790,00"
ELECTRONICA,041333001074,PI2U1074,PILA DURACELL AAA 2U,"3.890,00"
Sin Tipo,041333014630,PDX24630,PILA DURACELL AAX2,"3.990,00"
ELECTRONICA,41333038889,PD1U8889,PILA DURACELL CR2016 1U,"4.990,00"
ELECTRONICA,41333038872,PD1U8872,PILA DURACELL CR2025 1U,"4.990,00"
ELECTRONICA,041333038865,PD1U8865,PILA DURACELL CR2032 1U,"4.990,00"
Sin Tipo,41333038865,PD20328865,PILA DURACELL LITIO 2032,"2.390,00"
FERRETERIA,039800013613,PIEN9V,PILA ENERGIZER MAX 9V1,"4.290,00"
ELECTRONICA,7501037601145,PE1U1145,PILA EVEREADY AA 1U,690
Sin Tipo,8999002696415,PEAA6415,PILA EVEREADY AA 2U,"1.790,00"
ELECTRONICA,7807350000710,PE1U0710,PILA EVEREADY AAA 1U,690
FERRETERIA,7501037601770,PE11770,PILA EVEREADY D12 1U,"1.590,00"
ELECTRONICA,041333431482,PD21482,PILAS DURACELL AAAX2,"3.790,00"
ELECTRONICA,041333000985,PD2U0985,PILAS DURACELL D2 2U,"7.490,00"
FERRETERIA,39800011398,PE21398,PILAS ENERGIZER ALCALINAS D2 2U,"8.090,00"
DESPENSA,7802410005414,PP165414,PIMENTON PAPRIKA GOURMET 160GR,"5.590,00"
DESPENSA,7802420004926,PB154926,PIMIENTA BLANCA EDRA MOLIDA 15GR,"1.590,00"
DESPENSA,7802420004933,PN154933,PIMIENTA NEGRA ENTERA 15GR,390
DESPENSA,7802410251378,PN151378,PIMIENTA NEGRA MOLIDA GOURMET 15G,690
DESPENSA,7803111003303,PJ363303,PIMIENTO & JALAPEÑO CARAMELIZADO PERFECT CHOICE 360G,"4.890,00"
DESPENSA,7803111003426,PP403426,PIMIENTO PIQUILLO DON GIUSEPPE 400GR,"4.290,00"
SNACKS,8429161020405,PD290405,PIMIENTOS DEL PIQUILLO 290G,"3.490,00"
DESPENSA,7708876000010,PP290010,PIMIENTOS PIQUILLO ASADOS LIVE PEPPERS 290G,"3.590,00"
DESPENSA,7802420005305,PE155305,PIMIENTYA EN POLVO EDRA 15GR,390
DESPENSA,7804652980344,PC430344,PIÑA CEBOLLA BY MARIA 430GR,"6.990,00"
BOTILLERIA,7802110000917,PC700917,PIÑA COLADA CAPEL 700CC,"6.190,00"
DESPENSA,7801305100050,PE560050,PIÑA EN RODAJAS WASIL 560G,"4.490,00"
DESPENSA,7801315151516,PE561516,PIÑA ESMERALDA EN RODAJA 567ML,"2.890,00"
DESPENSA,8858710000047,PS560047,PIÑA SAN REMO EN RODAJA 565GR,"2.290,00"
DESPENSA,8858710000054,PS560054,PIÑA SAN REMO EN TROZO 565GR,"2.290,00"
DESPENSA,7801305001517,PW5651517,PIÑA WASIL EN TROCITOS 565GR,"3.790,00"
MENAJE Y LIBRERIA,7807265058509,PP2U8509,PINCEL PELO CAMELLO PROARTE 1-3 2U,"2.090,00"
MENAJE Y LIBRERIA,7807265012549,PP2U2549,PINCEL PELO CAMELLO PROARTE 4-8 2U,"2.090,00"
MENAJE Y LIBRERIA,7807265012556,PP2U2556,PINCEL PELO CAMELLO PROARTE 6-8 2U,"2.090,00"
MENAJE Y LIBRERIA,7807265076695,PP2U6695,PINCEL PELO CERDA PROARTE 2U,"1.490,00"
PASTELERIA,7803473006202,PM806202,PINGUINITO MARINELA COOKIES AND CREAM 80GR,"1.390,00"
DULCES Y CHOCOLATES,7803473003461,PM123461,PINGUINO MARINELA 120G,990
PASTELERIA,7803403004308,PM24308,PINGUINO MARINELA PEACH IDOL 2U,790
DULCES Y CHOCOLATES,7803403003868,PM23868,PINGUINO MARINELA SABOR CHOCOLATE 2U,"1.090,00"
DULCES Y CHOCOLATES,7803473542182,PM802182,PINGUINOS MARINELA 80G,790
DULCES Y CHOCOLATES,7803403004315,PM24315,PINGUINOS MARINELA GALLETA ALFAJOR 2U,"1.090,00"
HIGIENE Y CUIDADO PERSONAL,7823107802819,PD1U2819,PINZA DE CEJAS 1U,"1.890,00"
MENAJE Y LIBRERIA,7891116105924,PP1U5924,PINZA PARA PASTAS TRAMONTINA 1U,"5.890,00"
MENAJE Y LIBRERIA,7806810006309,PP246309,PINZA PLASTICO ROPA VIRUTEX 24U,"2.890,00"
MENAJE Y LIBRERIA,7891116036891,PU1U6891,PINZA UNIVERSAL 18CM UTILITY TRAMONTINA 1U,"5.690,00"
MENAJE Y LIBRERIA,4713928048080,PD128080,PINZAS DE PLASTICO ROPA 12U,"1.790,00"
MENAJE Y LIBRERIA,6934578359175,PD209175,PINZAS DE PLASTICO ROPA 20U,"1.790,00"
LIMPIEZA,7806810006002,PIMAVI246002,PINZAS MADERA VIRUTEX 24U,"3.190,00"
MENAJE Y LIBRERIA,781159797071,PP207071,PINZAS PARA COLGAR ROPA DE BAMBU XINTONG 20U,"1.690,00"
TABAQUERIA,750123456789,PD1U6789,PIPA DE VIDRIO 1U,"3.500,00"
SNACKS,7804612221647,PM111647,PIPONAS MARAVILLAS SEMBRASOL 110G,"1.190,00"
SNACKS,7804612220633,PM120633,PIPONAS MARAVILLAS SEMBRASOL 120G,"1.690,00"
SNACKS,7804612221678,PM201678,PIPONAS MARAVILLAS SEMBRASOL 200G,"2.090,00"
SNACKS,7804644840151,PM230151,PIPONAS MARAVILLAS SEMBRASOL 230G,"2.290,00"
SNACKS,7804612220671,PM430671,PIPONAS MARAVILLAS SEMBRASOL 430G,"2.790,00"
DULCES Y CHOCOLATES,7466762939041,PI249041,PIRULIN 24G,690
BOTILLERIA,7802110002973,PA12973,"PISCO ALTO DEL CARMEN 1,5L","14.490,00"
BOTILLERIA,7802110001952,PA1L1952,PISCO ALTO DEL CARMEN 1L,"10.590,00"
BOTILLERIA,7802110501056,PA1056,PISCO ALTO DEL CARMEN 35º 750CC,"8.890,00"
BOTILLERIA,7802110002614,PIAL752614,PISCO ALTO DEL CARMEN BARRICAS DE SELECCION 750CC,"11.490,00"
BOTILLERIA,7802110002065,PA7502065,PISCO ALTO DEL CARMEN CUMBRE 750ML,"23.990,00"
BOTILLERIA,7802110000504,PA750504,PISCO ALTO DEL CARMEN ENVEJECIDO ETIQUETA NEGRA 750ML,"14.790,00"
BOTILLERIA,7802110003260,PIAL753260,PISCO ALTO DEL CARMEN ETIQUETA BLANCA 750CC,"14.490,00"
BOTILLERIA,7802110003482,PIAL753482,PISCO ALTO DEL CARMEN MANZANA 750CC,"14.590,00"
BOTILLERIA,7802110840186,PA0186,PISCO ALTO DEL CARMEN RESERVADO 750ML,"10.290,00"
BOTILLERIA,7802110001402,PA751402,PISCO ALTO DEL CARMEN RESERVADO TRANSPARENTE 750CC,"10.290,00"
BOTILLERIA,7802110003253,PA13253,PISCO ALTO DEL CARMEN ROBLE DEL SUR 1L,"10.690,00"
BOTILLERIA,7802175001751,PC701751,PISCO CAMPANARIO 35° 700CC,"6.390,00"
BOTILLERIA,7802110002287,PC1L2287,PISCO CAPEL 35° 1L,"7.790,00"
BOTILLERIA,7804320756806,PD706806,PISCO DIABLO AZUL RESERVADO TRANSPARENTE 700CC,"12.590,00"
BOTILLERIA,7804320751337,PD701337,PISCO DIABLO NEGRO RESERVADO 700CC,"11.390,00"
BOTILLERIA,7804320751320,PD701320,PISCO DIABLO ROJO ESPECIAL 700CC,"10.690,00"
BOTILLERIA,7802175457275,PE1L7275,PISCO ESPECIAL TRES ERRES 35° 1L,"9.790,00"
BOTILLERIA,7804685770028,PE750028,PISCO ETERNA CENTENARIO TRANSPARENTE 40° 750CC,"37.990,00"
BOTILLERIA,7804685770004,PE750004,PISCO ETERNO EDICION LIMITADA 43° 750CC,"69.990,00"
BOTILLERIA,7802175454267,PH644267,PISCO HORCON QUEMADO 35° 645ML,"13.390,00"
BOTILLERIA,7802175324188,PH644188,PISCO HORCON QUEMADO 40º 645CC,"16.490,00"
BOTILLERIA,7802175454366,PH644366,PISCO HORCON QUEMADO 46° 645ML,"17.490,00"
BOTILLERIA,7802110002690,PL752690,PISCO LA HACIENDA LA TORRE ENVEJECIDA 43° 750CC,"20.890,00"
BOTILLERIA,7804617140097,PM1L0097,PISCO MALPASO 1L,"10.790,00"
BOTILLERIA,7804617140011,PM750011,PISCO MALPASO 40° 750ML,"14.784,41"
BOTILLERIA,7804617140004,PM750004,PISCO MALPASO 750CC,"10.090,00"
BOTILLERIA,7804617140141,PM750141,PISCO MALPASO PEDRO JIMENEZ RESERVADO 40° 750ML,"14.025,59"
BOTILLERIA,7802175455912,PM1L5912,PISCO MISTRAL 1L,"9.990,00"
BOTILLERIA,7802175001065,PM751065,PISCO MISTRAL 35º 750CC,"9.590,00"
BOTILLERIA,7802175001072,PM751072,PISCO MISTRAL 40º 750CC,"10.890,00"
BOTILLERIA,7802175001089,PM751089,PISCO MISTRAL 46 AÑEJADO EN ROBLE 750ML,"11.490,00"
BOTILLERIA,7802175453253,PM753253,PISCO MISTRAL NOBEL 40º 750CC,"17.790,00"
BOTILLERIA,7802175002710,MN752710,PISCO MISTRAL NOBEL AÑEJADO EN ROBLE 40° 750CC,"16.890,00"
BOTILLERIA,7802175457329,MN757329,PISCO MISTRAL NOBEL AÑEJADO EN ROBLE 46° 750CC,"23.490,00"
BOTILLERIA,7802175002888,PM752888,PISCO MISTRAL NOBEL APPLE 750ML,"16.490,00"
BOTILLERIA,7802175003229,PIMINOCR40753229,PISCO MISTRAL NOBEL CRISTALINO 40° 750CC,"16.990,00"
BOTILLERIA,7802175002260,PM752260,PISCO MISTRAL NOBEL FIRE 30° 750CC,"17.690,00"
BOTILLERIA,7802175002895,PM752895,PISCO MISTRAL NOBEL HONEY 750CC,"11.490,00"
BOTILLERIA,7802175000273,PM700273,PISCO MISTRAL NOBEL RESERVA PRIVADA 40º 700CC,"34.490,00"
BOTILLERIA,7802175002185,PS1L2185,PISCO SOUR ANDINO 1L,"6.390,00"
BOTILLERIA,7802175001430,PS701430,PISCO SOUR ANDINO 700CC,"5.490,00"
BOTILLERIA,7802175001874,PS701874,PISCO SOUR CAMPANARIO 700CC,"5.390,00"
BOTILLERIA,7802110001143,PS701143,PISCO SOUR CAPEL 700CC,"6.390,00"
BOTILLERIA,7802175002413,HQ642413,PISCO SOUR HORCÓN QUEMADO 645CC,"8.090,00"
BOTILLERIA,7804671160345,PS10345,PISCO SOUR LA PIZKA CALAFATE Y BERRIES 1L,"14.990,00"
BOTILLERIA,7804671160093,PL10093,PISCO SOUR LA PIZKA LIMON SUTIL 1L,"14.990,00"
BOTILLERIA,7804671160079,PS10079,PISCO SOUR LA PIZkA MARACUYA 1L,"14.990,00"
BOTILLERIA,7804671160062,PS10062,PISCO SOUR LA PIZKA MENTA JENGIBRE 1L,"14.990,00"
BOTILLERIA,7804671160086,PS10086,PISCO SOUR LA PIZKA SIN AZUCAR 1L,"16.990,00"
BOTILLERIA,7804671160208,PS10208,PISCO SOUR LA PIZKA SOUR CHARDONNAY 1L,"14.990,00"
BOTILLERIA,7804674210009,PS10009,PISCO SOUR LA PRESUMIDA RECETA TRADICIONAL 1L,"6.790,00"
BOTILLERIA,7804658470603,PS1L0603,PISCO SOUR PIÑA SECRETO PERUANO 1L,"4.990,00"
BOTILLERIA,793969382552,PISO1L2552,PISCO SOUR SAWER 1L AJI VERDE,"13.990,00"
BOTILLERIA,793969382538,PISO1L2538,PISCO SOUR SAWER 1L ALBAHACA,"13.990,00"
BOTILLERIA,793969382613,PISO1L2613,PISCO SOUR SAWER 1L CALAFATE,"15.990,00"
BOTILLERIA,793969382521,PISO1L2521,PISCO SOUR SAWER 1L JENGIBRE,"13.990,00"
BOTILLERIA,793969382545,PISO1L2545,PISCO SOUR SAWER 1L MARACUYA,"13.990,00"
BOTILLERIA,793969382514,PISO1L2514,PISCO SOUR SAWER 1L TRADICIONAL,"13.990,00"
BOTILLERIA,7804658470085,PS1L0085,PISCO SOUR SECRETO PERUANO 1L,"6.390,00"
BOTILLERIA,7802175002840,PT752840,PISCO TRES ERRES 35º 750CC,"8.190,00"
BOTILLERIA,7802175002864,PT752864,PISCO TRES ERRES 40º 750CC,"10.090,00"
SNACKS,7802420124518,PS804518,PISTACHOS SALADOS MARCO POLO 80G,"2.990,00"
SNACKS,7804612220213,PS400213,PISTACHOS SEMBRASOL 40G,"1.590,00"
FERRETERIA,7807265073250,PP1U3250,PISTOLA PROARTE SILICONA 12MM 1U,"6.090,00"
CONGELADOS,7809611715531,PA705531,PIZZA AMERICAN TASTE LA CRIANZA 700G,"9.290,00"
CONGELADOS,7804115002460,PL472460,PIZZA LA MONTINA JAMON QUESO 470G,"5.690,00"
CONGELADOS,7809611715548,PP705548,PIZZA PEPPERONI LA CRIANZA 700G,"9.290,00"
CONGELADOS,7801930016771,PR566771,PIZZA RECETA DEL ABUELO 4 QUESOS 560G,"7.190,00"
CONGELADOS,7801930001548,PR521548,PIZZA RECETA DEL ABUELO DOBLE PEPPERONI 520GR,"7.790,00"
CONGELADOS,7801930017150,PR527150,PIZZA RECETA DEL ABUELO PEPPERONI 520G,"7.190,00"
CONGELADOS,7801930015651,PR595651,PIZZA RECETA DEL ABUELO POLLO BBQ 590G,"7.190,00"
CONGELADOS,7801930015538,PR625538,PIZZA RECETA DEL ABUELO SUPREME 620G,"7.190,00"
MENAJE Y LIBRERIA,7807265007132,PT127132,PLASTICINA TRIANGULAR PROARTE 12U,"2.590,00"
MASCOTAS,789185523145,PA1U3145,PLATO ACERO MASCOTAS 1U,"4.390,00"
MENAJE Y LIBRERIA,60989642,PD209642,PLATO DE CARTON 20U,"2.490,00"
MASCOTAS,7800155046518,PP456518,PLATO PARA MASCOTAS ANTIDESLIZANTE 450ML,"5.190,00"
MASCOTAS,701822700801,PP1U0801,PLATO PARA MASCOTAS GRANDE 1U,"6.490,00"
MASCOTAS,701822700788,PP1U0788,PLATO PARA MASCOTAS PEQUEÑO 1U,"5.190,00"
MENAJE Y LIBRERIA,4148015500019,PF10019,PLUMON FULTONS PERMANENTE NEGRO 1U,"1.190,00"
LIMPIEZA,7793253003944,PL903944,POETT LIMPIADOR LIQUIDO  900ML,"2.190,00"
DESPENSA,7803900000735,PM500735,POLENTA MARTINI 500GR,"1.590,00"
DESPENSA,7802410005193,PD305193,POLVO DE HORNER GOURMET 30GR,790
USAMARKET,725181185017,LM205017,POLVO LUCAS MUECAS CHAMOY 20GR,"1.490,00"
DESPENSA,7802950005110,PP205110,POLVO PARA HORNEAR IMPERIAL 20G,390
DESPENSA,7622300842444,PP302444,POLVO PARA HORNEAR ROYAL 30G,"1.190,00"
BEBES,7804945002906,PC302906,POMADA COCEDURAS SIMONDS 30G,"2.590,00"
DULCES Y CHOCOLATES,7804666511497,PC911497,POP CORN HOLY CARAMELO PARA MICROONDAS 91GR,"2.190,00"
DULCES Y CHOCOLATES,7804666510940,PC910940,POP CORN HOLY ICE CREAM PARA MICROONDAS 91GR,"2.190,00"
DULCES Y CHOCOLATES,7804666510667,PC910667,POP CORN HOLY MANTEQUILLA PARA MICROONDAS 91GR,"2.190,00"
CONGELADOS,7809611719379,PC309379,POP CORN POLLO SUPER POLLO 300G,"2.590,00"
USAMARKET,721874012295,PR952295,POP ROCK GREEN APPLE 9.5GR,"1.990,00"
USAMARKET,721874011083,PR951083,POP ROCKS BLUE RAZZ 9.5G,"1.990,00"
CANDYLAND,721874008762,POROCHOR958762,POP ROCKS CHERRY ORIGINAL 9.5G,"1.990,00"
CANDYLAND,721874012189,POROGR952189,POP ROCKS GRAPE 9.5G,"1.990,00"
DULCES Y CHOCOLATES,721874003941,PR953941,"POP ROCKS STRAWBERRY 9,5G","1.990,00"
SNACKS,7802420003806,PC250G3806,POPCORN CARAMELO MARCO POLO 250G,"2.090,00"
SNACKS,7802420003813,PM143813,POPCORN MARCO POLO 140G,"1.690,00"
SNACK,7802420012242,PM252242,POPCORN MARCO POLO SALTED CARAMEL 250GR,"3.190,00"
USAMARKET,814109021350,PS141350,POPCORN SNICKERS CANADY POP 149GR,"5.490,00"
USAMARKET,814109021381,PT141381,POPCORN TWIX CANDY POP 149GR,"5.490,00"
DULCES Y CHOCOLATES,7802215610011,PC2200011,POPS CORN AMBERRIES 220GR,"2.590,00"
DULCES Y CHOCOLATES,7802215610059,PC2200059,POPS CORN COSTA FRUGELE 220GR,"2.590,00"
DULCES Y CHOCOLATES,7802215610035,PC2200035,POPS CORN FRAC 220GR,"2.590,00"
DESPENSA,7803110108184,PB18184,POROTO BANQUETE HALLADO 1KG,"4.690,00"
DESPENSA,7803905145011,PB1K5011,POROTO BLANCO CAMPO LINDO 1K,"3.390,00"
DESPENSA,7801505003038,PB393038,POROTOS BALNCOS IANSA LISTOS 390GR,"1.690,00"
DESPENSA,7808743603617,PN1K3617,POROTOS NEGROS BONANZA 1K,"2.990,00"
DESPENSA,7801315000173,PN400173,POROTOS NEGROS ESMERALDA 400G,"1.590,00"
DESPENSA,7801505003045,PN233045,POROTOS NEGROS IANSA LISTOS 230GR,"2.090,00"
DESPENSA,7801305004099,PN384099,POROTOS NEGROS WASIL 380G,"1.790,00"
DESPENSA,7803110108160,PT1K8160,POROTOS TORTOLA BANQUETE 1K,"3.890,00"
CONGELADOS,7801300002939,POVE152939,POROTOS VERDES FRUTOS DEL MAIPO 150G,"1.090,00"
CONGELADOS,7801220221113,PV151113,POROTOS VERDES MINUTO VERDE 150G,890
DESPENSA,7801305004150,PW384150,POROTOS WASIL 380G,"1.790,00"
POSTRES,7802200382541,PA702541,POSTRE AMBROSOLI DUE CREME BRULEE 70GR,"1.690,00"
POSTRES,7802200382534,PA602534,POSTRE AMBROSOLI PANNA COTA 60GR,"1.690,00"
POSTRES,7802900221010,PA131010,POSTRE ARROZ CON LECHE 130G,890
POSTRES,78032170,PC102170,POSTRE COLUN CREMISIMO CHOCOLATE ALMENDRA 100GR,590
POSTRES,78028937,PC118937,POSTRE COLUN DE MANJAR 110GR,790
POSTRES,78028944,PC118944,POSTRE COLUN DEL SUR CHOCOLATE BLANCO 110GR,790
POSTRES,78028920,PC118920,POSTRE COLUN DEL SUR DE CHOCOLATE 110GR,790
LACTEOS,78031920,PC111920,POSTRE COLUN DEL SUR MOKA 110GR,790
POSTRES,78013339,PC103339,POSTRE COLUN FLAN MANJAR 100G,390
POSTRES,78020566,PC110566,POSTRE COMPOTA MANZANA 110G,590
POSTRES,78020535,PC110535,POSTRE COMPOTA PERA 110G,590
LACTEOS,8445291225275,POGO118445,POSTRE GOODNES PROTEIN CARAMELO 115G,"1.190,00"
POSTRES,8445291225305,PN115305,POSTRE NESTLE PROTEIN CHOCOLATE 115GR,"1.090,00"
POSTRES,7613287426635,PS106635,POSTRE SAHNE NUSS CHOCOLATE 100G,890
LACTEOS,7802900202019,PS1202019,POSTRE SOPRELE LECHE ASADA 120GR,890
POSTRES,7613037076820,PT706820,POSTRE TRENCITO NESTLE 70G,890
BEBIDAS,7802820678048,PF8048,"POWERADE FROZEN BLAST 1,1L","2.090,00"
BEBIDAS,7802820651157,PF601157,POWERADE FROZEN BLAST 600ML,"1.390,00"
BEBIDAS,7802820678017,PF8017,"POWERADE FROZEN BLAST ZERO 1,1L","2.090,00"
BEBIDAS,7802820678062,"PN1,8062","POWERADE NARANJA 1,1L","2.090,00"
BEBIDAS,7802820678055,PR118055,"POWERADE ROJO 1,1L","2.090,00"
BEBIDAS,7802820701012,PR601012,POWERADE ROJO 600ML,"1.390,00"
BEBIDAS,7802820678154,PR858154,POWERADE ROJO 850CC,"1.590,00"
BEBIDAS,7802820002751,PS112751,"POWERADE SOUR 1,1L","1.790,00"
BEBIDAS,7802820678024,PZ118024,"POWERADE ZERO LIMA LIMON 1,1L","2.090,00"
BEBIDAS,7802820678031,PZ118031,"POWERADE ZERO UVA 1,1L","2.090,00"
LIMPIEZA,7805025698101,PL408101,PRE LAVADO QUITAMANCHAS CLOROX 400CC,"3.390,00"
PANADERIA,7803403236341,PP506341,PRE PIZZA IDEAL 2 PIEZAS 500G,"2.890,00"
TABAQUERIA,5908249942882,PT402882,PREMIUM TABACO TENNESIE AMERICAN BLEND 40G,"9.590,00"
TABAQUERIA,5908249942929,PT402929,PREMIUM TABACO TENNESIE CHOCOLATE 40G,"9.590,00"
HIGIENE Y CUIDADO PERSONAL,7804918450017,PL1U0017,PRESERVATIVO LIFE NUDE LIFESTYLES 1U,"3.890,00"
HIGIENE Y CUIDADO PERSONAL,7730963251081,PP3U1081,PRESERVATIVO PRUDENCE CHOCOLATE 3U,"3.890,00"
HIGIENE Y CUIDADO PERSONAL,7730963251012,PP3U1012,PRESERVATIVO PRUDENCE CLASICO 3U,"3.890,00"
HIGIENE Y CUIDADO PERSONAL,7730963251043,PP3U1043,PRESERVATIVO PRUDENCE CORRUGADO 3U,"3.890,00"
HIGIENE Y CUIDADO PERSONAL,7804918450031,PL3U0031,PRESERVATIVOS LIFESTYLES STUDDED ROUGH RIDER 3U,"4.390,00"
HIGIENE Y CUIDADO PERSONAL,7804918450024,PL3U024,PRESERVATIVOS LIFESTYLES VIBRA RIBBED STIMULA 3U,"4.990,00"
QUESOS Y FIAMBRES,3228020481846,PP121846,PRESIDENT PETIT CAMEMBERT 125G,"6.390,00"
HIGIENE Y CUIDADO PERSONAL,7702018880409,PB1U0409,PRESTO BARBA GILLETE 3 1U,"1.590,00"
HIGIENE Y CUIDADO PERSONAL,7500435154420,PRGI24420,PRESTOBARBA GILLETTE 2,"1.190,00"
SNACK,8681042335316,PP855316,PRETZEL PIECES GARLIC BREAD 85G,"1.990,00"
SNACK,8681042335118,PM855118,PRETZELS MOSTAZA MIEL CRACKZEL 85 G,"1.990,00"
CONGELADOS,7801300012051,PF202051,PRIMAVERA FRUTOS DEL MAIPO 200G,"1.290,00"
DULCES Y CHOCOLATES,7803403101069,PA231069,PRINCIPITO AGUA DE PIEDRA 230GR,"3.490,00"
SNACKS,7896004009223,PR109223,PRINGLES 109G CREMA Y CEBOLLA,"2.990,00"
SNACKS,7896004009230,PPQU109230,PRINGLES 109G QUESO,"2.990,00"
Sin Tipo,78335062464823,PS14823,PRODUCTO SIN STOCK,1
Sin Tipo,PO6789,123456789,PRODUCTOS EN OFERTA,0
BOTILLERIA,1113,PA1CCL3H,PROMO ALT 1L + CCL 3L + HIELO,"13.990,00"
BOTILLERIA,1111,PA1CC3H,PROMO ALT 1L + CCN 3L + HIELO,"13.990,00"
BOTILLERIA,000000001,P1C3H,PROMO ALT 1L + CCZ 3L + HIELO,"13.990,00"
BOTILLERIA,1117,PA1S3H,PROMO ALT 1L + S 3L + HIELO,"13.990,00"
BOTILLERIA,1118,PA1SZ3H,PROMO ALT 1L + SZ 3L + HIELO,"13.990,00"
BOTILLERIA,73783791013967,PRPI1L,PROMO DE PISCO ALTO DEL CARMEN 1L,"13.990,00"
BOTILLERIA,73783806554869,PRPI1L2,PROMO DE PISCO MISTRAL 1L,"13.990,00"
Sin Tipo,73239862061224,PRMACH1234,PROMO MARLEY CHICO + BROWNIE VARIEDADES,"2.290,00"
Sin Tipo,73239849590404,PRMAGR1234,PROMO MARLEY GRANDE + BROWNIE VARIEDADES,"3.490,00"
Sin Tipo,73239857528303,PRMAME1234,PROMO MARLEY MEDIANO + BROWNIE VARIEDADES,"2.790,00"
BOTILLERIA,1116,PM1CCL3H,PROMO MISTRAL 1L + CCL 3L + HIELO,"13.990,00"
BOTILLERIA,1114,PM1CCN3H,PROMO MISTRAL 1L + CCN 3L + HIELO,"13.990,00"
BOTILLERIA,1115,PM1CCZ3H,PROMO MISTRAL 1L + CCZ 3L + HIELO,"13.990,00"
BOTILLERIA,1119,PM1S3H,PROMO MISTRAL 1L + S 3L + HIELO,"13.990,00"
BOTILLERIA,1110,PM1SZ3H,PROMO MISTRAL 1L + SZ 3L + HIELO,"13.990,00"
HIGIENE Y CUIDADO PERSONAL,7702026196257,PD806257,PROTECTOR DIARIO NOSOSTRAS 80U,"3.090,00"
HIGIENE Y CUIDADO,7804920006424,PR6G6424,PROTECTOR RAYFILTER EN BARRA FPS 30 6G,"4.390,00"
HIGIENE Y CUIDADO PERSONAL,7804945015838,PS205838,PROTECTOR SOLAR F-50 SIMOND´S 200G,"6.890,00"
HIGIENE Y CUIDADO,7804945065093,PS505093,PROTECTOR SOLAR FAMILAND CON ACEITE DE MONOI DE TAHITI SPF50 50ML,"2.490,00"
HIGIENE Y CUIDADO PERSONAL,7800004005185,PRSOLE50UV5185,PROTECTOR SOLAR LEBLON 50 UVA,"8.390,00"
HIGIENE Y CUIDADO PERSONAL,7800004005192,SOLE195192,PROTECTOR SOLAR LEBLON 50FPS 190G,"5.390,00"
HIGIENE Y CUIDADO PERSONAL,7800004005154,PS505154,PROTECTOR SOLAR LEBLON 50FPS 50G,"7.490,00"
FARMACIA,7800004003082,PS1903082,PROTECTOR SOLAR LEBLON BRONZER 30FPS 190G,"10.990,00"
HIGIENE Y CUIDADO,7800004005178,PS905178,PROTECTOR SOLAR LEBLON FACTOR 50 90ML,"2.890,00"
HIGIENE Y CUIDADO PERSONAL,7800004005352,PS505352,PROTECTOR SOLAR LEBLON KIDS 50FPS 50G,"7.490,00"
HIGIENE Y CUIDADO PERSONAL,7804945017818,PS507818,PROTECTOR SOLAR SIMOND´S 50ML,"2.090,00"
HIGIENE Y CUIDADO,7804625950015,PS120015,PROTECTOR SOLAR SUNWORK GEL FPS 50 120GR,"8.290,00"
HIGIENE Y CUIDADO PERSONAL,7793620003546,PD203546,PROTECTORES DIARIOS KOTEX 20U,"2.490,00"
FARMACIA,7806500962335,75345763496073,PROTECTORES DIARIOS LADYSOFT 20U PD202335,"1.890,00"
HIGIENE Y CUIDADO PERSONAL,7702026147051,PD167051,PROTECTORES DIARIOS NOSOTRAS 160U,"6.190,00"
HIGIENE Y CUIDADO PERSONAL,7702026180904,PD300904,PROTECTORES DIARIOS NOSOTROS LARGOS 30U,"2.390,00"
DESPENSA,7804609253323,PRBI553323,PROTEIN BITE BLACK &WHITE YOUR GOAL 55G,"2.490,00"
SALUD,7804609253583,PRBI3583,PROTEIN BITES 55G CARAMEL PEAUNUTS,"2.490,00"
SALUD,7804609252739,PRBI552739,PROTEIN BITES 55G CHOCOLATE CRUNCH,"2.490,00"
DESPENSA,7802410282426,PV302426,PROTEINA VEGETAL DE SOYA GOURMET 300G,"3.190,00"
QUESOS Y FIAMBRES,7802953000204,PP120204,PROVOLETA PAHUILMO 120G,"4.490,00"
CONGELADOS,7801300003851,PM403851,PULPA MARACUYA CONGELADA FRUTOS DEL MAIPO 400G,"5.190,00"
DESPENSA,7804658020549,PD900549,PURE DE FRUTA AMA ARA. Y MAN. 90G,"1.590,00"
DESPENSA,7804658020020,PD900020,PURE DE FRUTA AMA FRAM Y MAN 90G,"1.590,00"
DESPENSA,7804658020921,PD900921,PURE DE FRUTA AMA MAN Y PER 90G,"1.590,00"
DESPENSA,7804658021232,PD901232,"PURE DE FRUTA AMA MAN, PLAT Y M 90G","1.590,00"
DESPENSA,7804658021225,PD901225,PURE DE FRUTA AMA MANZANA 90G,"1.590,00"
DESPENSA,7804658020990,PD900990,PURE DE FRUTA AMA MANZANA ARANDANO BETARRAGA 90GR,"1.590,00"
DESPENSA,7804658020983,CA900983,PURE DE FRUTA AMA MANZANA PLATANO ZANAHORIA 90GR,"1.590,00"
DESPENSA,7804658020464,PD900464,PURE DE FRUTA AMA MANZANA PLATANO ZAPALLO 90G,"1.590,00"
DESPENSA,7803960000379,PUDE0379,PURE DE PAPA HOFFMANN 250G 250G,"2.690,00"
DESPENSA,7613039948552,PD318552,PURE DE PAPA MAGGI 312G,"3.390,00"
DESPENSA,7802950006865,PD126865,PURE DE PAPAS MAGGI 125G,"2.190,00"
DESPENSA,8445291263673,PUMA183673,PURE DE PAPAS MAGGI 187G,"2.490,00"
DESPENSA,7802950006827,PD256827,PURE DE PAPAS MAGGI 250G,"3.190,00"
DESPENSA,8445291263703,PM933703,PURE MAGGI DE PAPA 93GR,"2.090,00"
QUESOS Y FIAMBRES,7804613393060,QUKRGOLA203060,QUEO KRAFT GOUDA LAMINDA 200G,"1.990,00"
DESPENSA,7803525999704,QM259704,QUEQUE MARMOL NUTRABIEN 250G,"2.990,00"
DESPENSA,7803525400446,QM700446,QUEQUE MARMOLADO NUTRABIEN  70G,990
DESPENSA,7803525999674,QN259674,QUEQUE NARANJA NUTRABIEN 250G,"2.990,00"
DESPENSA,7803525001018,QZ251018,QUEQUE ZANAHORIA NUTRABIEN 250G,"2.990,00"
LACTEOS,7802920000718,QUCO160718,QUESILLO COLUN 160G,"1.690,00"
QUESOS Y FIAMBRES,7802920008073,QC328073,QUESILLO COLUN SIN LACTOSA 320GR,"3.590,00"
LACTEOS,7802920000749,QUFR320749,QUESILLO FRESCO COLUN 320G,"2.790,00"
QUESOS Y FIAMBRES,7802920008370,QF458370,QUESILLO FRESCO DE CAMPO COLUN 450G,"3.490,00"
LACTEOS,7802920002293,QF352293,QUESILLO FRESCO NATURAL COLUN 350G,"3.990,00"
QUESOS Y FIAMBRES,7802920001135,QULI321135,QUESILLO LIGHT COLUN 320G,"3.290,00"
QUESOS Y FIAMBRES,7802900165000,QS305000,QUESILLO SOPROLE 300G,"3.090,00"
LACTEOS,7802080000634,QUAH140634,QUESO AHUMADO EL ROBLE 140G,"4.590,00"
QUESOS Y FIAMBRES,7802932030314,QUAZLA1000314,QUESO AZUL LANALHUE 100G,"3.190,00"
QUESOS Y FIAMBRES,3023260031024,QA101024,QUESO AZUL LE BLUE 100G,"4.190,00"
QUESOS Y FIAMBRES,7802920009797,QUAZ109797,QUESO AZUL LOS ALPES 100G,"3.890,00"
QUESOS Y FIAMBRES,7802920009810,QUBR9810,QUESO BRIE LOS ALPES 125G,"4.290,00"
QUESOS Y FIAMBRES,7802900003210,QB123210,QUESO BRIE SOPROLE ENVASADO TROZO 125 G,"3.990,00"
QUESOS Y FIAMBRES,7802900003203,QUCA123203,QUESO CAMEMBERT LA TABLA SOPROLE 125G,"3.990,00"
QUESOS Y FIAMBRES,7802920009827,QUCA129827,QUESO CAMEMBERT LOS ALPES 125G,"4.290,00"
QUESOS Y FIAMBRES,7802920009469,QC409469,QUESO CHACRA RIO BUENO 400GR,"3.890,00"
QUESOS Y FIAMBRES,7802930003822,QC253822,QUESO CHANCHO LAMINADO QUILLAYES  250G,"3.890,00"
QUESOS Y FIAMBRES,7802930001439,QC501439,QUESO CHANCHO LAMINADO QUILLAYES  500G,"7.290,00"
QUESOS Y FIAMBRES,7804613391684,QC201684,QUESO CHANCO LA VAQUITA 200G,"3.990,00"
QUESOS Y FIAMBRES,7804613391691,QC401691,QUESO CHANCO LA VAQUITA 400G,"7.790,00"
QUESOS Y FIAMBRES,7802930001453,QC151453,QUESO CHANCO LAMINADO QUILLAYES 150G,"2.890,00"
QUESOS Y FIAMBRES,7804619570175,QC230175,QUESO CHANCO LAS PARCELAS DE VALDIVIA 233G,"4.490,00"
QUESOS Y FIAMBRES,7802930005215,QC105215,QUESO CHANCO QUILLAYES 100G,"1.690,00"
QUESOS Y FIAMBRES,7802920005829,QC1605829,QUESO CHEDDAR COLUM LAMINADO 160GR,"2.890,00"
QUESOS Y FIAMBRES,3228022220023,QC120023,QUESO CHEDDAR FUNDIDO PRESIDENT 120G,"2.490,00"
QUESOS Y FIAMBRES,780462863600,QUCHGRVA143600,QUESO CHEDDAR GREAT VALUE 144G,"2.590,00"
QUESOS Y FIAMBRES,7804628630600,QUCHGRVA140600,QUESO CHEDDAR GREAT VALUE 144G,"2.590,00"
QUESOS Y FIAMBRES,7804613393091,QC13G3091,QUESO CHEDDAR LAMINADO KRAFT 130G,"2.490,00"
QUESOS Y FIAMBRES,7804613393084,QC75G3084,QUESO CHEDDAR LAMINADO KRAFT 75G,990
QUESOS Y FIAMBRES,7802920005836,QC165836,QUESO CHEDDAR LOS ALERCES 160G,"2.090,00"
QUESOS Y FIAMBRES,7802920000732,QC320732,QUESO COLUN FRESCO 320GR,"3.490,00"
QUESOS Y FIAMBRES,7802920777498,QC507498,QUESO COLUN GAUDA 500GR,"8.390,00"
QUESOS Y FIAMBRES,7802920005713,QC505713,QUESO COLUN GAUDA LIGHT PROBIOTICO 500GR,"9.990,00"
QUESOS Y FIAMBRES,7802920009780,QC209780,QUESO COLUN REGGIANITO 200GR,"5.690,00"
QUESOS Y FIAMBRES,7802920009117,QUCORECL209117,QUESO COLUN REGGIANITO CLASITO 200G,"5.190,00"
DESPENSA,7802920423814,QC803814,QUESO COLUN REGGIANITO RALLADO 80GR,"2.790,00"
QUESOS Y FIAMBRES,7802920006529,QUCRCONA106529,QUESO CREMA COLUM NATURAL 100G,"2.490,00"
LACTEOS,7802920008899,QUCR208899,QUESO CREMA COLUN 200G CIBOULETTE,"1.190,00"
LACTEOS,7802920460208,QUCR20,QUESO CREMA COLUN 200G NATURAL,"1.190,00"
LACTEOS,7802920461106,QUCR201106,QUESO CREMA COLUN 200G SALAME Y MORRON,"1.190,00"
QUESOS Y FIAMBRES,7802920463100,QC103100,QUESO CREMA COLUN NATURAL 100GR,"1.090,00"
QUESOS Y FIAMBRES,7804613390328,QC100328,QUESO CREMA LA VAQUITA 100GR,"1.190,00"
QUESOS Y FIAMBRES,7804613390953,QC220953,QUESO CREMA LA VAQUITA 227GR,"3.890,00"
QUESOS Y FIAMBRES,7804613392636,QC1502636,QUESO CREMA PRESIDENT 150GR,"3.090,00"
QUESOS Y FIAMBRES,7804613393213,QC203213,QUESO CREMA PRESIDENT 200GR,"3.990,00"
QUESOS Y FIAMBRES,7802900001230,QC101230,QUESO CREMA SOPROLE NATURAL 100G,990
QUESOS Y FIAMBRES,7802920006505,QUCR106505,QUESO CREMA UNTABLE COLUN CEBOLLA SALTEADA 100G AJO ALBAHACA,"2.390,00"
QUESOS Y FIAMBRES,7802920006512,QUCR106512,QUESO CREMA UNTABLE COLUN CEBOLLA SALTEADA 100G CEBOLLA SALTEADA,"2.390,00"
QUESOS Y FIAMBRES,7802920006499,QUCR106499,QUESO CREMA UNTABLE COLUN CEBOLLA SALTEADA 100G TOMATE OREGANO,"2.390,00"
QUESOS Y FIAMBRES,7802960002185,QC152185,QUESO CREMA UNTABLE PHILADELPHIA 150G,"3.290,00"
QUESOS Y FIAMBRES,7622201429447,QC159447,QUESO CREMA UNTABLE SANTA ROSA SIN LACTOSA 150G,"3.790,00"
QUESOS Y FIAMBRES,73784236927902,QUCA11,QUESO DE CABRA CORDILLERA 15990KG,1
LACTEOS,73784240433558,QC1U3558,QUESO DE CABRA CORDILLERA 1U,1
QUESOS Y FIAMBRES,12345101,QD1K5101,QUESO DE CABRA LA MONTAÑA 1K,"18.000,00"
QUESOS Y FIAMBRES,7804650390268,QE200268,QUESO ESPECIADO AHUMADO RUNCA 200G,"5.590,00"
QUESOS Y FIAMBRES,7804650390183,QE200183,QUESO ESPECIADO ALBAHACA RUNCA 200G,"5.590,00"
QUESOS Y FIAMBRES,7802901000522,QE250522,QUESO ESPECIADO MERKEN MATTHEI 250G,"5.690,00"
QUESOS Y FIAMBRES,7804650390169,QE200169,QUESO ESPECIADO MERKEN RUNCA 200G,"5.590,00"
QUESOS Y FIAMBRES,7804650390176,QE200176,QUESO ESPECIADO OREGANO RUNCA 200G,"5.590,00"
QUESOS Y FIAMBRES,7804669990039,QF500039,QUESO FONDI MAZZARELLA GRANULADO 500GR,"7.790,00"
LACTEOS,7802920000701,QF1600701,QUESO FRESCO COLUM 160GR,"1.690,00"
LACTEOS,7802920008639,QUFR408639,QUESO FRESCO LIGHT COLUN 400G,"3.590,00"
LACTEOS,7804613392766,QF252766,QUESO FRESCO TRADICIONAL LA VAQUITA 250G,"2.290,00"
QUESOS Y FIAMBRES,3228022220030,QF120030,QUESO FUNDIDO PRESIDENT EMMENTAL 120GR,"2.490,00"
QUESOS Y FIAMBRES,8000430388367,QG2008367,QUESO GALBANI GRAN PADANO 200GR,"8.890,00"
QUESOS Y FIAMBRES,7804613390519,QG250519,QUESO GAUDA GRANULADO 250G,"4.390,00"
QUESOS Y FIAMBRES,7804613390434,QG250434,QUESO GAUDA LA VAQUITA 250G,"3.890,00"
QUESOS Y FIAMBRES,7804613391653,QG401653,QUESO GAUDA LA VAQUITA 400G,"6.190,00"
QUESOS Y FIAMBRES,7804613393046,QG30G3046,QUESO GAUDA LAMINADO LA VAQUITA 130G,"1.500,00"
QUESOS Y FIAMBRES,7801907067775,QG257775,QUESO GAUDA LAMINADO LOS NOGALES 250G,"3.990,00"
QUESOS Y FIAMBRES,7802930001323,QG151323,QUESO GAUDA LAMINADO QUILLAYES 150G,"2.890,00"
QUESOS Y FIAMBRES,7802930001347,QG501347,QUESO GAUDA LAMINADO QUILLAYES 500G,"6.290,00"
DESPENSA,7802900004064,QG151148,QUESO GAUDA SOPROLE 150G,"3.290,00"
QUESOS Y FIAMBRES,7802900003173,QG501179,QUESO GAUDA SOPROLE 500G,"7.190,00"
QUESOS Y FIAMBRES,7802900001179,QG504019,QUESO GAUDA SOPROLE 500G,"7.290,00"
QUESOS Y FIAMBRES,7802900004019,QUGA504019,QUESO GAUDA SOPROLE 500G,"7.290,00"
LACTEOS,7802920115658,QUGO155658,QUESO GOUDA COLUN 150G,"2.490,00"
LACTEOS,7802920801056,QUGO251056,QUESO GOUDA COLUN 250G,"3.290,00"
QUESOS Y FIAMBRES,7802900001162,QG251162,QUESO GOUDA SOPROLE 250G,"3.990,00"
QUESOS Y FIAMBRES,7804613392018,QG402018,QUESO GRAN RESERVA GAUDA PRESIDENT 400G,"4.990,00"
QUESOS Y FIAMBRES,7804613391318,QG251318,QUESO GRANULADO MOZZARELLA LA VAQUITA 250G,"4.990,00"
QUESOS Y FIAMBRES,7804613393077,QK753077,QUESO KRAFT GOUDA LAMINADO 75GR,"1.990,00"
QUESOS Y FIAMBRES,7804613393589,QK173589,QUESO KRAFT SINGLES 170GR,"2.290,00"
QUESOS Y FIAMBRES,123451003,KM1K1003,QUESO KUMEY MANTECOSO RUEDA 1K,"14.890,00"
QUESOS Y FIAMBRES,7804613393510,QL403510,QUESO LA VAQUITA MANTECOSO 400GR,"6.190,00"
QUESOS Y FIAMBRES,7804613390137,QL500137,QUESO LA VAQUITA MANTECOSO 500GR,"7.490,00"
QUESOS Y FIAMBRES,7804613393503,QL133503,QUESO LA VAQUITA MANTECOSO LAMINADO 130GR,"2.590,00"
QUESOS Y FIAMBRES,7802932000027,QL250027,QUESO LANAHUE GRUYERE 250GR,"7.790,00"
QUESOS Y FIAMBRES,7802932000133,QL1U0133,QUESO LANALHUE PARMESANO 1U,"6.490,00"
QUESOS Y FIAMBRES,7804619570151,QL430151,QUESO LAS PARCELAS DE VALDIVIA CHANCO LAMINADO 434GR,"7.990,00"
QUESOS Y FIAMBRES,7802901000553,QM250553,QUESO MANTECOSO CIBOULETTE MATTHEI 250G,"5.690,00"
QUESOS Y FIAMBRES,7802920005843,QUMA165843,QUESO MANTECOSO FUNDO LOS ALERCES 160G,"2.590,00"
QUESOS Y FIAMBRES,7804613392025,QM422025,QUESO MANTECOSO GRAN RESERVA PRESIDENT 420G,"4.990,00"
QUESOS Y FIAMBRES,7804613392087,QM352087,QUESO MANTECOSO GRAN RESERVA TROZO PRESIDENT 350G,"6.990,00"
QUESOS Y FIAMBRES,7804613393008,QUMAGRLAVA253008,QUESO MANTECOSO GRANULADO LA VAQUITA 250G,"4.390,00"
QUESOS Y FIAMBRES,7804650390077,QM500077,QUESO MANTECOSO GRANULADO RUNCA 500G,"7.090,00"
QUESOS Y FIAMBRES,7804613390540,QM250540,QUESO MANTECOSO LA VAQUITA 250G,"4.290,00"
QUESOS Y FIAMBRES,73784240433557,QUMA1U,QUESO MANTECOSO LAS PARCELAS DE VALDIVIA 1U,"4.800,00"
QUESOS Y FIAMBRES,7801907067829,QM257829,QUESO MANTECOSO LOS NOGALES 250G,"3.590,00"
QUESOS Y FIAMBRES,7802901000607,QM250607,QUESO MANTECOSO MATTHEI 250G,"5.290,00"
QUESOS Y FIAMBRES,7802901000546,QM250546,QUESO MANTECOSO OREGANO MATTHEI 250G,"5.690,00"
LACTEOS,7802900001186,QM151186,QUESO MANTECOSO QUILQUE 150G,"2.890,00"
QUESOS Y FIAMBRES,7802900001339,QM251339,QUESO MANTECOSO QUILQUE 250G,"4.290,00"
QUESOS Y FIAMBRES,7802900001193,QM501193,QUESO MANTECOSO QUILQUE 500G,"7.300,00"
QUESOS Y FIAMBRES,7802900001209,QM411209,QUESO MANTECOSO QUILQUE ESPECIAL SANDWICH 416G,"7.290,00"
QUESOS Y FIAMBRES,7802900001841,QQ3501841,QUESO MANTECOSO QUILQUE TROZO 350GR,"5.890,00"
QUESOS Y FIAMBRES,7804650390053,QM350053,QUESO MANTECOSO RANCO 350G,"5.590,00"
LACTEOS,7802920006345,QUMA156345,QUESO MANTECOSO RIO BUENO 250GR 150G,"3.090,00"
LACTEOS,7802920006352,QUMA256352,QUESO MANTECOSO RIO BUENO 250GR 250G,"5.090,00"
QUESOS Y FIAMBRES,7802920006741,QM506741,QUESO MANTECOSO RIO BUENO 500G,"7.890,00"
QUESOS Y FIAMBRES,7804650390008,QM250008,QUESO MANTECOSO RUNCA 250G,"3.790,00"
QUESOS Y FIAMBRES,7802901000584,QM2500584,QUESO MATTHEI MANTECOSO ENTERO 250GR,"5.290,00"
DESPENSA,7802920116013,QP406013,QUESO PARMESANO COLUN 40G,"1.190,00"
QUESOS Y FIAMBRES,7804613393312,QP203312,QUESO PARMESANO KRAFT 200G,"5.290,00"
DESPENSA,21000615421,QP855421,QUESO PARMESANO KRAFT RALLADO 85G,"2.090,00"
QUESOS Y FIAMBRES,7804613392162,QP202162,QUESO PARMESANO PRESIDENT 200G,"7.290,00"
DESPENSA,7802930000333,QP400333,QUESO PARMESANO QUILLAYES 40G,"1.190,00"
DESPENSA,7804613390298,QP400298,QUESO PARMESANO RALLADO LA VAQUITA 40G,"1.390,00"
QUESOS Y FIAMBRES,7802900001278,QP401278,QUESO PARMESANO SOPROLE 40G,"1.290,00"
QUESOS Y FIAMBRES,7802953000884,QP300884,QUESO PARRILLERO PAHUILMO 300G,"5.190,00"
QUESOS Y FIAMBRES,7622201797560,QP187560,QUESO PHILADELPHIA ORIGINAL 180G,"4.690,00"
QUESOS Y FIAMBRES,7804613392070,QP202070,QUESO PRESIDENT EMMENTAL TROZO 200GR,"5.990,00"
QUESOS Y FIAMBRES,3228020191349,QP1251349,QUESO PRESIDENT PETIT BRIE 125GR,"5.790,00"
QUESOS Y FIAMBRES,7804669990060,QP130060,QUESO PROVOLETA PARRILLERA FONDI 135G,"3.190,00"
QUESOS Y FIAMBRES,7802920423609,QR403609,QUESO RALLADO REGGIANITO COLUN 40G,"1.290,00"
LACTEOS,7802920004129,QURA154129,QUESO RANCO COLUN 150G,"2.690,00"
LACTEOS,7802920004105,QURA504105,QUESO RANCO COLUN 500G,"7.290,00"
QUESOS Y FIAMBRES,7802920004112,QR254112,QUESO RANCO  250G,"4.890,00"
QUESOS Y FIAMBRES,7802901000904,QR150904,QUESO RODENBERG MATTHEI 150G,"3.790,00"
QUESOS Y FIAMBRES,7804650390565,QR110565,QUESO RUNCA MANTECOSO UNTABLE 115GR,"2.690,00"
QUESOS Y FIAMBRES,7804650390664,QR500664,QUESO RUNCA VALDIVIA MANTECOSO 500GR,"8.990,00"
LACTEOS,7804650390411,QURUMALA220411,QUESO RUNKA MANTECOSO LAMINADO 220G,"3.390,00"
QUESOS Y FIAMBRES,3023260001362,QS1001362,QUESO SOCIETE ROQUEFOR 100GR,"8.390,00"
QUESOS Y FIAMBRES,7802900003227,QS103227,QUESO SOPROLE AZUL 100G,"3.490,00"
DESPENSA,7802900001360,QS801360,QUESO SOPROLE PARMESANO RALLADO 80GR,"2.690,00"
DESPENSA,7800120749031,QC259031,QUINOA CAROZZI 250G,"3.290,00"
HIGIENE Y CUIDADO PERSONAL,7804916421040,QE111040,QUITA ESMALTE ARENS 110ML,"1.690,00"
LIMPIEZA,7805025693342,QB963342,QUITAMANCHAS BLANCOS CLOROX 960G,"2.290,00"
LIMPIEZA,7702137007145,QC907145,QUITAMANCHAS CLOROX R/C 90G,"1.590,00"
LIMPIEZA,7805025693731,QC373731,QUITAMANCHAS COLORES CLOROX 370G,"1.090,00"
LIMPIEZA,7805025693892,QC473892,QUITAMANCHAS COLORES VIVOS CLOROX 470CC,"2.090,00"
LIMPIEZA,7804920008626,QF18626,QUITAMANCHAS FUZOL ROPA BLANCA 1L,"3.890,00"
LIMPIEZA,7702626204642,QV304642,QUITAMANCHAS VANISH BLANCO EN POLVO 30GR,"1.290,00"
LIMPIEZA,7702626218670,QUVA128670,QUITAMANCHAS VANISH POLVO ROSA 120G,"2.090,00"
LIMPIEZA,7702626204208,QV304208,QUITAMANCHAS VANISH ROPA COLOR EN POLVO 30GR,"1.290,00"
LIMPIEZA,7805000322014,QB752014,QUIX BIO ACTIVOS 750ML,"3.590,00"
DULCES Y CHOCOLATES,80052487,RAFF302487,RAFFAELLO 30G,"2.690,00"
DULCES Y CHOCOLATES,8000500232057,RACO902057,RAFFAELLO CONFETTERIA 90G,"6.190,00"
DULCES Y CHOCOLATE,8000500359556,RK189556,RAFFAELLO KOKOS & MANDELCREME 18G,"5.490,00"
LIMPIEZA,7790520025654,RA1U5654,RAID APARATO ELÉCTRICO LÍQUIDO 1U,"8.390,00"
FERRETERIA,7790520995360,RE245360,RAID EN TABLETAS 24U,"7.290,00"
Sin Tipo,7790520031471,RM191471,RAID MATA ARAÑAS ACCION RAPIDA 192GR,"3.890,00"
CANDYLAND,630855113107,RAGUPI853107,RAINDROPS GUMMY PIZZA 85G,"6.990,00"
MENAJE Y LIBRERIA,7806810221009,RE1U1009,RALLADOR ESTAÑADO ILKO 1U,"5.890,00"
BOTILLERIA,8006550340230,RR700230,RAMAZOTTI ROSATO 700ML,"14.690,00"
DESPENSA,041789002977,RC852977,RAMEN CAMARON MARUCHAN 85G,890
DESPENSA,041789002922,RC852922,RAMEN CARNE DE RES MARUCHAN 85G,890
DESPENSA,041789002915,RP852915,RAMEN POLLO MARUCHAN 85G,890
DESPENSA,041789002991,RP852991,RAMEN POLLO PICANTE MARUCHAN 85G,790
SNACKS,7802000017346,RD177346,RAMITAS DE QUESO 170G,"1.790,00"
SNACKS,7802000017100,RD237100,RAMITAS DE QUESO 230G,"2.590,00"
SNACKS,7802000017292,73630089810952,RAMITAS EVERCRIPS XL,"3.190,00"
SNACKS,7802420127687,RM257687,RAMITAS MARCO POLO ORIGINAL 250G,"2.290,00"
SNACKS,7802420009242,RM259242,RAMITAS MARCO POLO QUESO 230G,"2.290,00"
SNACK,7802420009259,RAMAPOSA239259,RAMITAS MARCO POLO SALADA 230G,"2.490,00"
SNACKS,7802000017339,RO177339,RAMITAS ORIGINAL 170G,"1.790,00"
SNACKS,7802000017117,RO237117,RAMITAS ORIGINAL 230G,"2.590,00"
SNACKS,7802000014116,RO254116,RAMITAS ORIGINAL 250G,"2.890,00"
PANADERIA,7803403000331,RI8U0331,RAPIDITAS IDEAL 8U TALLA M 8U,"1.690,00"
HIGIENE Y CUIDADO PERSONAL,7502214739620,RS1U9620,RASURADORA SCHICK QUATRO 1U,990
HIGIENE Y CUIDADO PERSONAL,7702018072439,RV1U2439,RASURADORA VENUS SUAVE 1U,"2.590,00"
Sin Tipo,7809631601777,RK501777,RATICIDA KLERAT PELLET 5OGR,"4.390,00"
Sin Tipo,7805300049314,RR509314,RATICIDA RATAMAX PELLET 500GR,"12.590,00"
DULCES Y CHOCOLATES,7803473003232,RM603232,RAYITA MARINELA 60G,890
DULCES Y CHOCOLATE,7803473004277,RM24277,RAYITA MARINELA TWINKIES 2U,990
DESPENSA,7800159081225,RK251225,REAL KETCHUP KRAFT 250G,"1.990,00"
DESPENSA,7800159081188,RK851188,REAL KETCHUP KRAFT DOYPACK 850G,"3.590,00"
LIMPIEZA,7791290789883,RC459883,RECARGA CIF ANTRIGRASA 450ML,"1.590,00"
LIMPIEZA,7791290789913,RC459913,RECARGA CIF BAÑO 450ML,"1.290,00"
LIMPIEZA,7791290792449,RC452449,RECARGA CIF LIMPIAVIDRIOS 450ML,"1.590,00"
LIMPIEZA,7791290795624,RCEX5624,RECARGA CIF LIMPIAVIDRIOS 450ML EXPERT,"1.990,00"
Sin Tipo,77103004780022,RC,RECARGA CIGARRO,500
Sin Tipo,000001,RD00001,RECARGA DE CIGARRO,500
LIMPIEZA,7805010003590,RL423590,RECARGA LIMPIA VIDRIOS GLASSEX 420ML,"2.790,00"
TABAQUERIA,6978818930014,RN500014,RECARGA NEXPOD 5000PUFF,"9.990,00"
TABAQUERIA,6976412954528,RN504528,RECARGA NEXPOD HAWAIIAN SHORE ICE 5000PUFF,"9.990,00"
TABAQUERIA,6978818930038,RN500038,RECARGA NEXPOD MANGO YOGURT ICE 5000PUFF,"9.990,00"
TABAQUERIA,6976412954214,RN504214,RECARGA NEXPOD STRAWBERRY ICE 5000PUFF,"9.990,00"
TABAQUERIA,6976975634332,RN504332,RECARGA NEXPOD TROPICAL ICE 5000PUFF,"9.990,00"
FERRETERIA,7790520009746,RR329746,"RECARGA RAID LIQUIDO ENCHUFE 32,9ML","7.390,00"
FERRETERIA,7790520994356,RR324356,"RECARGA RAID LIQUIDO ENCHUFE 32,9ML","7.390,00"
TABAQUERIA,5059362599696,RV2U9696,RECARGA VAPER FUYL BLUEBERRY ICE 2U,"9.990,00"
TABAQUERIA,5059362599719,RV2U9719,RECARGA VAPER FUYL GRAPE STAR 2U,"9.990,00"
TABAQUERIA,5059362599771,RV2U9771,RECARGA VAPER FUYL WATERMELON ICE 2U,"9.990,00"
TABAQUERIA,6971131745785,WOFO505785,RECARGA WOTOFO 5000PUFFS FOREST BERRIES,"9.990,00"
TABAQUERIA,6976975634325,REWO504325,RECARGA WOTOFO 5000PUFFS MONSTER ICE,"9.990,00"
TABAQUERIA,6976975639627,WOPI509627,RECARGA WOTOFO 5000PUFFS PIÑA COLADA,"9.990,00"
BEBIDAS,90457142,REBU257142,RED BULL FLOR DE SAUCO 250ML,"2.290,00"
BEBIDAS,90474507,REBUZEAZ25,RED BULL ZERO AZUCAR 250ML,"2.290,00"
BEBIDAS,9002490100070,R20070,REDBULL 250ML 250ML,"2.290,00"
BEBIDAS,9002490221010,R31010,REDBULL 355ML 355ML,"2.890,00"
BEBIDAS,9002490238841,R48841,REDBULL 473ML 473ML,"3.590,00"
DULCES Y CHOCOLATE,034000432271,REMI292271,REESES MINIATURE CUPS 297G,"8.290,00"
CANDYLAND,034000002481,74698384175316,REESES PIECES 43G,"1.590,00"
Sin Tipo,034000702329,RE422329,REESE´S 42G,"1.590,00"
DULCES Y CHOCOLATES,034000000050,RN474050,REESE´S NUTRAGEUS 47G,"1.790,00"
DULCES Y CHOCOLATES,03402809,RW392809,REESE´S WHITE 39G,"1.590,00"
DESPENSA,7790580108489,RB298489,RELLENO BON O BON  290G,"3.790,00"
FARMACIA,7800038046192,RD1656192,REPELENTE DE INSECTOS REPELEX 165ML,"6.990,00"
FERRETERIA,7790520025401,RE145401,REPELENTE EN AEROSOL OFF 142G,"10.490,00"
LIMPIEZA,7790520996206,RD3U6206,REPUESTO DESODORANTE AMBIENTAL MIX GLADE 3U,"7.990,00"
HIGIENE Y CUIDADO PERSONAL,047400179240,REMA2U7924,REPUESTO MAQUINA DE AFEITAR GILLETTE 2U,"9.590,00"
HIGIENE Y CUIDADO PERSONAL,079400301161,RC481161,REXONA CLINICAL EXTRA DRY 48G,"8.290,00"
HIGIENE Y CUIDADO PERSONAL,079400052926,RECLMU3X2926,REXONA CLINICAL MUJER 3X,"8.390,00"
DESPENSA,7804630010797,RP220797,RICE POP CHOCOLATE AVELLANA  22G,790
USAMARKET,659190000019,RS200019,RICOLETA SABOR TAMARINDO 20GR,890
DESPENSA,7750243073165,RD403165,RIGATONI DON VITTORIO 400G,990
CONGELADOS,7804660610097,RC260097,RIKU CHORIZO VEGANO 260G,"3.290,00"
CONGELADOS,7804660610059,RS250059,RIKU SALCHICHA VEGANA TRADICIONAL 250G,"3.790,00"
CANDYLAND,048014010783,RIROMACH400783,RIP ROLLS MANGO CHILI 40G,"2.990,00"
DULCES Y CHOCOLATES,00906346,RR406346,RIP ROLLS BLUE RASPERRY 40G,"2.990,00"
DULCES Y CHOCOLATES,00906948,RR406948,RIP ROLLS CEREZA 40G,"2.990,00"
DULCES Y CHOCOLATES,048014010974,RR400974,RIP ROLLS GRAPE 40G,"2.990,00"
DULCES Y CHOCOLATES,00906443,RR406443,RIP ROLLS MANZANA VERDE 40G,"2.990,00"
CANDYLAND,00906841,RIRO406841,RIP ROLLS RAINBOW REACTION 40G,"2.990,00"
DULCES Y CHOCOLATES,00906249,RR406249,RIP ROLLS STRAWBERRY 40G,"2.990,00"
CANDYLAND,00906744,RIRO406744,RIP ROLLS WATERMELON 40G,"2.990,00"
CANDYLAND,48014004157,RS114157,RIPS STRAWBERRY 113G,"3.990,00"
QUESOS Y FIAMBRES,76728775691032,RB20,ROAST BEEF LA FIAMBRERIA 200GR,"5.990,00"
DULCES Y CHOCOLATES,7802225427586,RC157586,ROCKLETS CHOCOLATE 150G,"2.490,00"
DULCES Y CHOCOLATES,7802225428279,RC308279,ROCKLETS CHOCOLATE 30G,890
DULCES Y CHOCOLATES,7802225427210,RC357210,ROCKLETS CHOCOLATE 35G,790
DULCES Y CHOCOLATES,7802225427579,RM157579,ROCKLETS MANI 150G,"2.490,00"
DULCES Y CHOCOLATES,7802225428354,RM308354,ROCKLETS MANI 30G,890
DULCES Y CHOCOLATES,7802225427197,RM357197,ROCKLETS MANI 35G,790
MENAJE Y LIBRERIA,3100003964556,RB1U4556,ROLLO BANDERAS PLASTICAS 18 SEPTIEMBRE 1U,"1.990,00"
PASTELERIA,77824889293553,RD13553,ROLLO DE CANELA 1U,"2.400,00"
DULCES Y CHOCOLATES,7803403004490,RM324490,ROLLO MARINELA 32GR,790
LIMPIEZA,7806810002004,RD6U2004,ROLLOS DE ACERO VIRUTEX 6U,"1.890,00"
DULCES Y CHOCOLATES,7802215121241,RB141241,ROLLS BLANCO 140G,"3.090,00"
DULCES Y CHOCOLATES,7802215121319,RC131319,ROLLS CRISPY 130G,"3.090,00"
DULCES Y CHOCOLATES,7802215101816,RC151816,ROLLS CRISPY BERRIES 150G,"3.090,00"
DULCES Y CHOCOLATES,7802215121258,RC151258,ROLLS CROCANTE 150G,"3.090,00"
DULCES Y CHOCOLATES,7802215101700,RC101700,ROLLS CROCANTE COSTA 100 GR 100G,"1.290,00"
DULCES Y CHOCOLATES,7802215101991,RN1001991,ROLLS NUTS 100GR,"1.990,00"
DULCES Y CHOCOLATES,7802215108174,RN158174,ROLLS NUTS 150G,"3.090,00"
DESPENSA,7802410206156,RD116156,ROMERO DESHIDRATADO FRASCO GOURMET 11G,"1.990,00"
BOTILLERIA,7610113025123,RA755123,RON AÑEJO 38° BACARDÍ 700CC,"12.590,00"
BOTILLERIA,7501008603024,RB983024,RON BACARDI CARTA BLANCA 980CC,"13.290,00"
BOTILLERIA,7610113024362,RB7004362,RON BACARDI CARTA BLANCA SUPERIOR 700ML,"13.790,00"
BOTILLERIA,7461323129503,RB1L9503,RON BARCELO AÑEJO 1L,"10.990,00"
BOTILLERIA,7461323129596,ROBABLAÑ37759596,RON BARCELO BLANCO AÑEJADO 37° 750CC,"9.990,00"
BOTILLERIA,7461323129091,RB759091,RON BARCELO DORADO AÑEJADO 37° 750CC,"12.990,00"
BOTILLERIA,7802150003008,RB1L3008,RON BLANCO AÑEJADO MITJANS 1L,"7.490,00"
BOTILLERIA,7501008603017,RC753017,RON CARTA BLANCA 40° BACARDÍ 750CC,"10.990,00"
BOTILLERIA,7610113025024,RC755024,RON CARTA ORO 40° BACARDÍ 700CC,"10.490,00"
BOTILLERIA,7461323129275,RODOBAEÑ37759275,RON DOMINICANO BARCELO AÑEJO 37° 750CC,"12.990,00"
BOTILLERIA,7461323129381,RODOBAGRAÑ709381,RON DOMINICANO BARCELÓ GRAN AÑEJO 700ML,"15.890,00"
BOTILLERIA,7802150001721,RD1L1721,RON DORADO AÑEJADO MITJANS 1L,"7.490,00"
BOTILLERIA,8501110080439,RH700439,RON HAVANA CLUB AÑEJO 7 AÑOS 700ML,"26.790,00"
BOTILLERIA,8501110080927,ROHACLAÑES700927,RON HAVANA CLUB AÑEJO ESPECIAL 700CC,"10.790,00"
BOTILLERIA,8501110080637,ROHACLAÑRE40750637,RON HAVANA CLUB AÑEJO RESERVA 40° 750CC,"13.990,00"
BOTILLERIA,8501110086196,RH7006196,RON HAVANA CLUB ESPECIAL 700ML,"11.490,00"
CASA Y JARDIN,7804612130499,RM1U0499,RONSON MULTIPROPOSITO AUTO REGULABLE 1U,"3.790,00"
BOTILLERIA,74352532346701,ROGU35,ROYAL GUARD GOLDEN LAGER 355CC,"1.590,00"
DESPENSA,7702054088401,RP108401,ROYAL POLVO PARA HORNEAR 100G,"1.290,00"
JUEGOS,6666314591119,RUSH1U,RULETA DE SHOTS 1U,"12.990,00"
QUESOS Y FIAMBRES,7804650390541,RQ110541,RUNCA QUESO MANTECOSO UNTABLE ALBAHACA 115G,"2.690,00"
QUESOS Y FIAMBRES,7804650390534,RQ110534,RUNCA QUESO MANTECOSO UNTABLE MERKEN 115G,"2.690,00"
QUESOS Y FIAMBRES,7804650390558,RQ110558,RUNCA QUESO MANTECOSO UNTABLE TRADICIONAL 115G,"2.690,00"
QUESOS Y FIAMBRES,7804650390527,RV900527,RUNCA VALDIVIA QUESO MANTECOSO 900G,"13.990,00"
DESPENSA,8445291790063,SM110063,SABORIZANTE MILO MIXES 112GR,"3.290,00"
Sin Tipo,400050735202,SC13502,SACA CORCHOS 1U,"2.490,00"
Sin Tipo,1042011210596,SAIU0596,SACACORCHO 1U,"2.990,00"
MENAJE Y LIBRERIA,1508500200191,SD1U0191,SACACORCHOS DOS TIEMPOS BLANCO 1U,"1.990,00"
MENAJE Y LIBRERIA,400006214324,SH1U4324,SACACORCHOS HAUS 1U,"6.190,00"
MENAJE Y LIBRERIA,400006072924,SH1U2924,SACACORCHOS HAUS 1U,"2.490,00"
MENAJE Y LIBRERIA,4146718403002,73536581355398,SACAPUNTA COLORES FULTONS 1U,250
MENAJE Y LIBRERIA,7807265007217,SC1U7217,SACAPUNTA CON DEPOSITO PROARTE 1U,"2.090,00"
MENAJE Y LIBRERIA,7806505024632,SG14632,SACAPUNTAS + GOMAS TORRES 1U,"1.890,00"
MASCOTAS,7896029046562,SW856562,SACHET WHISKAS POUCH ADULYO SABOR ATUN 85G,990
MASCOTAS,7896029046609,SW856609,SACHET WHISKAS POUCH ADULYO SABOR CARNE 85G,990
DESPENSA,7803600000158,SB120158,SAL BIOSAL 125G,"1.690,00"
DESPENSA,7803600002053,SD902053,SAL DE MAR LOBOS 900G,"1.790,00"
DESPENSA,7803600000868,SD800868,SAL DE MAR LOBOS ENTREFINA 800G,"2.290,00"
DESPENSA,7803600031275,SD1K1275,SAL DE MESA LOBOS 1K,690
DESPENSA,7803600002503,SL252503,SAL LOBOS 250G,"1.090,00"
DESPENSA,7803600981525,SALO501525,SAL LOBOS 500G,"1.890,00"
DESPENSA,7803600002459,SL1252459,SAL LOBOS DE MAR 125GR,"1.090,00"
DESPENSA,78098152,SL128152,SAL LOBOS FINA 125G,790
DESPENSA,7803600981532,SP751532,SAL PARRILLERA LOBOS 750G,"2.190,00"
DESPENSA,7804639340345,SR180345,SAL ROSADA AUKAS 180G,"7.990,00"
DESPENSA,7804655342552,SAWI302552,SAL WINKLER SPECIA 300G ROMERO,"1.890,00"
QUESOS Y FIAMBRES,7801930001272,SA101272,SALAME AHUMADO RECETA DEL ABUELO 100 G,"2.790,00"
QUESOS Y FIAMBRES,7801930008622,SA108622,SALAME ARTESANAL RECETA DEL ABUELO 100G,"2.790,00"
QUESOS Y FIAMBRES,7801930017976,SI107976,SALAME ITALIANO PF 100G,"2.490,00"
QUESOS Y FIAMBRES,7801907001724,SI101724,SALAME ITALIANO SAN JORGE 100G,"2.390,00"
QUESOS Y FIAMBRES,7801907006163,SI806163,SALAME ITALIANO SAN JORGE 80G,"1.690,00"
QUESOS Y FIAMBRES,7801916030340,SL100340,SALAME LA PREFERIDA 100G,"2.590,00"
QUESOS Y FIAMBRES,7801916031132,SL651132,SALAME LA PREFERIDA 65GR,"1.690,00"
QUESOS Y FIAMBRES,7801930017952,SP107952,SALAME PF ITALIANO 100GR,"2.490,00"
QUESOS Y FIAMBRES,7801907001731,SS101731,SALAME SAN JORGE AHUMADO 100GR,"2.490,00"
QUESOS Y FIAMBRES,7801907006170,SS806170,SALAME SAN JORGE AHUMADO 80GR,"1.490,00"
QUESOS Y FIAMBRES,7801907028646,SS708646,SALAME SAN JORGE BRONTO LA PREFERIDA 70GR,"1.490,00"
QUESOS Y FIAMBRES,7801916035246,SA255246,SALCHICHA ANGUS LA PREFERIDA 250G,"3.190,00"
CARNICERIA,7804642980576,SA2500576,SALCHICHA ARTESANAL SCHWENCKE 250GR,"2.590,00"
QUESOS Y FIAMBRES,7801907008648,SB958648,SALCHICHA BRONTO EXTRA GRANDE SAN JORGE 950G,"5.190,00"
CARNICERIA,7809611720733,SD250733,SALCHICHA DE PAVO SOPRAVAL 250G,"1.790,00"
CARNICERIA,7801965000646,74698291325369,SALCHICHA DE POLLO MONTINA 500G,"2.890,00"
QUESOS Y FIAMBRES,7801907010061,SD80G0061,SALCHICHA DE POLLO Y CERDO SAN JORGE 380G,"2.490,00"
CARNICERIA,7801965001742,SM2501742,SALCHICHA MONTINA CAMPESTRE 250GR,"2.390,00"
CARNICERIA,7801965005603,SM1505603,SALCHICHA MONTINA POLLO 250GR,"1.890,00"
CARNICERIA,7801965000967,SM250967,SALCHICHA MONTINA TRADICIONAL 250G,"1.690,00"
QUESOS Y FIAMBRES,7801907010399,SAPO250399,SALCHICHA POLLO SAN JORGE 250G,"1.490,00"
CARNICERIA,7801930007120,SR257120,SALCHICHA RECETA DEL ABUELO 250G,"2.990,00"
CARNICERIA,7801930010359,SARE500359,SALCHICHA RECETA DEL ABUELO 500G,"5.590,00"
CARNICERIA,7801916035734,SS505734,SALCHICHA SUREÑA LA PREFERIDA 500G,"5.090,00"
QUESOS Y FIAMBRES,7801930000657,SS250657,SALCHICHA SUREÑA RECETA DEL ABUELO 250G,"3.490,00"
QUESOS Y FIAMBRES,7801930013831,SS503831,SALCHICHA SUREÑA RECETA DEL ABUELO 500G,"5.690,00"
CARNICERIA,7801907001557,SS1K1557,SALCHICHA SUREÑA SAN JORGE 1K,"6.190,00"
CARNICERIA,7801907008402,ST258402,SALCHICHA TRADICIONAL SAN JORGE 250G,"1.790,00"
QUESOS Y FIAMBRES,7801900084595,ST254595,SALCHICHA TRADICIONAL WINTER 250G,"1.290,00"
QUESOS Y FIAMBRES,76728728564378,SL5,SALCHICHAS LA FIAMBRERIA 5U,"5.890,00"
QUESOS Y FIAMBRES,7801907001533,SASAJOSU251533,SALCHICHAS SAN JORGE SUREÑAS 250G,"1.390,00"
CARNICERIA,7801916005171,SS255171,SALCHICHAS SUREÑAS LA PREFERIDA 250G,"3.190,00"
QUESOS Y FIAMBRES,7801916035369,SS505369,SALCHICHAS SUREÑAS LA PREFERIDA 500G,"7.190,00"
QUESOS Y FIAMBRES,7809611702623,SS252623,SALCHICHAS SUREÑAS SUPER CERDO 250G,"2.290,00"
QUESOS Y FIAMBRES,7801915000009,SS250009,SALCHICHAS SUREÑAS SUPER CERDO 250G,"1.690,00"
QUESOS Y FIAMBRES,7801930019239,SC159239,SALCHICHON CERVECERO RECETA DEL ABUELO 150G,"2.590,00"
QUESOS Y FIAMBRES,7801916030531,SACE150531,SALCHICHON CERVEZA LA PREFERIDA 150G,"2.090,00"
QUESOS Y FIAMBRES,7801916035581,SC205581,SALCHICHON CERVEZA LA PREFERIDA 200G,"3.090,00"
QUESOS Y FIAMBRES,7801900085165,SC255165,SALCHICHON CERVEZA WINTER 250G,"1.890,00"
GALLETAS,7750727006665,SH216665,SALMAS HORNEADAS X12 216G,"4.390,00"
DESPENSA,7801323000318,SE500318,SALMON EL GOLFO 500G,"10.290,00"
DESPENSA,7802410004509,SA254509,SALSA ACEVICHADA GOURMET 250G,"2.890,00"
DESPENSA,7802410004479,SA254479,SALSA AJI CHIPOTLE GOURMET 250G,"2.890,00"
DESPENSA,7802410004462,SA254462,SALSA AJO TOSTADO GOURMET 250G,"2.890,00"
DESPENSA,7802410350118,SA410118,SALSA ALFREDO GOURMET 41G,990
DESPENSA,7802410001423,SA251423,SALSA ALIÑO PARA ENSALADA CESAR GOURMET 250G,"2.990,00"
DESPENSA,7802337910297,SA200297,SALSA AMERICANA TRAVERSO 200G,"1.290,00"
DESPENSA,7802410400462,SB280462,SALSA BARBECUE GOURMET 280G,"3.190,00"
DESPENSA,7802410003861,SB283861,SALSA BARBECUE MERQUEN GOURMET 280G,"3.290,00"
DESPENSA,7802575342676,SB102676,SALSA BARBEQUE CAROZZI 100GR,"1.090,00"
DESPENSA,7804652980320,SB4500320,SALSA BBQ BY MARIA 450GR,"6.290,00"
DESPENSA,7802351002367,BBDO102367,SALSA BBQ DON JUAN 100G,790
DESPENSA,7802410000921,SB360921,SALSA BLANCA GOURMET 36G,990
DESPENSA,7613031571444,SB361444,SALSA BLANCA MAGGI 36G,990
DESPENSA,7802410004431,SB254431,SALSA BURGUER GOURMET 250G,"2.890,00"
USAMARKET,7502263310061,SC2500061,SALSA CHAMOY MIGUELITO 250GR,"3.890,00"
DESPENSA,7613031571529,SC451529,SALSA CHAMPIÑONES MAGGI 45G,890
DESPENSA,070200790261,SACH470261,SALSA CHICK FIL A 473ML,"10.990,00"
DESPENSA,070200790063,SACHPO0063,SALSA CHICK-FIL-A POLYNESIAN,"10.990,00"
DESPENSA,070200790056,SACHSA473ML0056,SALSA CHICK-FIL-A SAUCE 473ML,"10.990,00"
DESPENSA,070200870383,SACHFIASWSRSA47ML0383,SALSA CHICK-FIL-A SWEET&SPICY SRIRACHA SAUCE 473ML,"10.990,00"
DESPENSA,7802575347190,SC117190,SALSA CRACKER DIP AJI CHIPOTLE 110GR,"1.690,00"
DESPENSA,7802420003486,SD103486,SALSA DE AJO DON JUAN 100G,790
DESPENSA,7802351000868,SD190868,SALSA DE AJO DON JUAN 190G,"1.890,00"
DESPENSA,7802410225300,SD165300,SALSA DE AJO GOURMET 165CC,"1.790,00"
DESPENSA,7802410506393,SD306393,SALSA DE CARAMELO GOURMET 300G,"2.390,00"
DESPENSA,7802410000082,SD300082,SALSA DE CHOCOLATE AVELLANA GOURMET 300G,"2.390,00"
DESPENSA,7802410506249,SD286249,SALSA DE CHOCOLATE GOURMET 280G,"2.390,00"
CANDYLAND,03483600,SADECHHOFUHE3603,SALSA DE CHOCOLATE HOT FUDGE HERSHEYS 362G,"8.990,00"
DESPENSA,7802410506294,SD286294,SALSA DE FRAMBUESA GOURMET 280G,"2.390,00"
USAMARKET,7501003105431,SD2405431,SALSA DE GUACAMOLE 240GR,"4.090,00"
DESPENSA,7802410506447,SD306447,SALSA DE MANJAR GOURMET 300G,"2.390,00"
DESPENSA,7802420003509,SD103509,SALSA DE QUESO DON JUAN 100G,790
DESPENSA,7896054906749,SD156644,SALSA DE SAYA MITSUWA 150ML,"1.290,00"
DESPENSA,7802420007903,SADESOED157903,SALSA DE SOYA EDRA 155ML,"3.190,00"
DESPENSA,7802420007910,SD507910,SALSA DE SOYA EDRA 500ML,"2.590,00"
DESPENSA,7802410416302,SD166302,SALSA DE SOYA GOURMET 165CC,"2.990,00"
DESPENSA,7802410400271,SD500271,SALSA DE SOYA GOURMET 500CC,"3.590,00"
DESPENSA,7802337001476,SASO321476,SALSA DE SOYA TRAVERSO 320ML,"2.890,00"
DESPENSA,7896054909962,SD329962,SALSA DE SOYA TRAVERSO 320ML,"2.490,00"
DESPENSA,7804608221637,SD201637,SALSA DE TOMATE AL NATURAL COLISEO 200G,490
DESPENSA,77008172737290,77008172737290,SALSA DE TOMATE CAROZZI AL OLIVO,0
DESPENSA,7802575341150,SD201150,SALSA DE TOMATE CAROZZI ARRABIATA 200GR,"1.290,00"
DESPENSA,7802575341143,SD201143,SALSA DE TOMATE CAROZZI PESTO 200G AL PESTO,"1.190,00"
DESPENSA,7802575353047,SD2003047,SALSA DE TOMATE CAROZZI POMAROLA 200GR,"1.090,00"
DESPENSA,7804608221644,SD201644,SALSA DE TOMATE COLISEO 200G,590
DESPENSA,7800159081393,SD201393,SALSA DE TOMATE HEINZ ITALIANA 200G,"1.190,00"
DESPENSA,7800159081409,SD201407,SALSA DE TOMATE HEINZ NATURAL 200G,"1.190,00"
DESPENSA,7801800101019,SD201019,SALSA DE TOMATE LIDER 200GR,690
DESPENSA,7802500038025,SD208025,SALSA DE TOMATE LUCCHETTI A LA BOLOGNESA 200G,"1.190,00"
DESPENSA,7802500037073,SD207073,SALSA DE TOMATE LUCCHETTI AL NATURAL 200GR,990
DESPENSA,7802500038018,SD208018,SALSA DE TOMATE LUCCHETTI AL OLIVO 200G,"1.190,00"
DESPENSA,7802500038049,SD208049,SALSA DE TOMATE LUCCHETTI AL PESTO 200G,"1.190,00"
DESPENSA,7802500037059,SD207059,SALSA DE TOMATE LUCCHETTI ITALIANA 200G,890
DESPENSA,7802575365026,SD205026,SALSA DE TOMATE SAN REMO 200G,590
DESPENSA,7802575341136,SD201136,SALSA DE TOMATE TOSCANA CAROZZI 200G,"1.190,00"
DESPENSA,780465298074,SD5008074,SALSA DULCE DE AJI BY MARIA 500ML,"7.890,00"
CANDYLAND,633148101027,SAENPOTA251027,SALSA EN POLVO TAJIN 255G,"7.990,00"
DESPENSA,633148100624,SATA140624,SALSA EN POLVO TAJIN CLASICO 142G,"5.990,00"
DESPENSA,7802410400219,SG160219,SALSA GOURMET DE SOYA LIGHT 165CC,"3.090,00"
DESPENSA,7802410639305,SI169305,SALSA INGLESA GOURMET 165G,"3.890,00"
DESPENSA,78895720051,SL240051,SALSA LEE KUM KEE AGRIDULCE 240GR,"5.490,00"
DESPENSA,78895120509,SL250509,SALSA LEE KUM KEE TARIYAKI 250GR,"5.490,00"
DESPENSA,7613034424624,SM244624,SALSA MAGGI TUCO ALBAHACA 245GR,"2.290,00"
DESPENSA,8445291312685,SM202685,SALSA MAGGI TUCO CARNE 200GR,"1.690,00"
USAMARKET,738545020626,SM370626,SALSA MEGA CHAMOY ORIGINAL 370GR,"4.490,00"
DESPENSA,7802095236059,SM206059,SALSA MEXICANA TABAQUERA PANCHO VILLA 200G,"1.490,00"
CANDYLAND,097339000061,SAMUPIETNEVA370973,SALSA MUY PICANTE ETIQUETA NEGRA VALENTINA 370ML,"4.290,00"
DESPENSA,7803111001682,SP281682,SALSA PARA BRUSCHETTA ALCACHOFA PERFECT CHOICE 280G,"5.390,00"
DESPENSA,7802410452003,SP202003,SALSA PARA UNTAR AJO Y OREGANO GOURMET 200G,"2.490,00"
DESPENSA,7802410003687,SP203687,SALSA PARA UNTAR PREMIUM GOURMET ALCACHOFA Y ESPINACA 200G,"2.490,00"
DESPENSA,7802410003670,SP203670,SALSA PARA UNTAR PREMIUM GOURMET CEBOLLA Y AJO 200G,"2.490,00"
DESPENSA,7802410452041,SP202041,SALSA PARA UNTAR QUESO CHEDDAR Y JALAPEÑO 200G,"2.490,00"
DESPENSA,7802410452034,SP202034,SALSA PARA UNTAR YOGURT Y CIBOULETTE GOURMET 200G,"2.490,00"
DESPENSA,7802410400356,SS160356,SALSA SABOR AHUMADO GOURMET 165G,"3.890,00"
DESPENSA,7802410004172,SS164172,SALSA SABOR CARNE GOURMET 165G,"2.790,00"
DESPENSA,6061104788373,SS298373,SALSA SIRACHA AJI ESPINERO 290GR,"1.390,00"
DESPENSA,11210607033,ST607033,SALSA TABASCO CHIPOTLE 60ML,"5.690,00"
DESPENSA,11210617001,ST607001,SALSA TABASCO ESCORPION 60ML,"6.290,00"
DESPENSA,11210009530,ST609530,SALSA TABASCO GREEN PEPPER SAUCE 60ML,"5.090,00"
DESPENSA,11210006508,ST606508,SALSA TABASCO HABANERO 60ML,"5.590,00"
DESPENSA,011210000018,ST600018,SALSA TABASCO ORIGINAL 60ML,"6.090,00"
DESPENSA,11210000155,ST150155,SALSA TABASCO PEPPER SAUCE 150ML,"9.090,00"
USAMARKET,633148100112,ST470112,SALSA TAJIN CLASICA 475ML,"7.990,00"
USAMARKET,75020118,ST100118,SALSA TAJIN EN POLVO 10GR,"1.490,00"
USAMARKET,633148599305,ST129305,SALSA TAJIN RIMMER 120GR,"9.990,00"
DESPENSA,7802351000615,ST210615,SALSA TARTARA DON JUAN 210G,"1.890,00"
DESPENSA,7802351633301,ST253301,SALSA TARTARA DON JUAN 250G,"1.890,00"
DESPENSA,7802410004820,ST204820,SALSA TARTARA PARA UNTAR 200G,"2.190,00"
DESPENSA,7802410004196,SATE164196,SALSA TERIYAKI GOURMET 165ML,"4.690,00"
DESPENSA,041390000058,ST290058,SALSA TERIYAKI THE ORIGINAL KIKKOMAN 296ML,"6.590,00"
DESPENSA,097339000214,SAVAPI350214,SALSA VALENTINA PICANTE 350ML,"4.290,00"
PANADERIA,7801930025834,SF175834,SANDWICH PF AVE PIMENTON 175GR,"3.890,00"
PANADERIA,7801930025858,SP155858,SANDWICH PF JAMON QUESO 175GR,"3.890,00"
BOTILLERIA,7804300149291,SE759291,SANGRIA EPICA SAN PEDRO 750ML,"6.390,00"
BOTILLERIA,7804643820130,SL750130,SANGRIA LOLA 750ML,"7.290,00"
BOTILLERIA,7804300156657,SM156657,SANGRIA MANQUEHUITO 1.5L,"4.590,00"
BOTILLERIA,7804300157067,SM757067,SANGRIA MANQUEHUITO 750CC,"3.190,00"
DESPENSA,7802410001591,SG481591,SAZONADOR GOURMET DE ARROZ 48GR,"1.090,00"
DESPENSA,7802095000193,SP300193,SAZONADOR PANCHOVILLA CARNE Y POLLO 30G,"1.990,00"
DESPENSA,7802095000261,SP300261,SAZONADOR PANCHOVILLA GUACAMOLE 30G,"1.990,00"
BEBIDAS,7801610333167,SC313167,SCHEWEPPES AGUA TONICA 310ML,"1.390,00"
MENAJE Y LIBRERIA,400008388771,SM1U8771,SECAPLATOS MAINSTAYS 1U,"10.490,00"
POSTRES,8445291218802,SC138802,SEMOLA CARAMELO NESTLE 130G,790
DESPENSA,7802575007438,SC257438,SEMOLA CAROZZI 250G,"1.190,00"
POSTRES,7802900022143,SC142143,SEMOLA CON LECHE CARAMELO SOPROLE 140G,790
POSTRES,7802900220082,PS140082,SEMOLA CON LECHE FRAMBUESA SOPROLE 140G,790
POSTRES,7802900220044,SD140044,SEMOLA DAMASCO SOPROLE 140G,790
POSTRES,8445291219236,SF139236,SEMOLA FRAMBUESA NESTLE 130G,790
DESPENSA,7802500004013,SELU254013,SEMOLA LUCCHETTI 250G,990
LIMPIEZA,7806500221357,SE221357,SERVILLETA ELITE 220U 220U,"2.590,00"
DESPENSA,7806500225522,SE505522,SERVILLETA ELITE 33X33 CM 50U,"1.190,00"
LIMPIEZA,7806500221128,SE501128,SERVILLETA ELITE UNA HOJA 50U,"1.190,00"
LIMPIEZA,7806500241294,SA401294,SERVILLETAS ABOLENGO 40U,490
LIMPIEZA,7806500241416,SN501416,SERVILLETAS NOVA 50U,490
LIMPIEZA,7806500241430,SN151430,SERVILLETAS NOVA CLASICA 150U,"1.690,00"
DESPENSA,7804655342408,SS122408,SESAMO SPECIA NEGRO 125GR,"3.190,00"
DESPENSA,7802420005008,ST305008,SESAMO TOSTADO EDRA 30GR,590
DESPENSA,7802410101840,ST101840,SESAMO TOSTADO GOURMET 100G,790
DESPENSA,7802410101833,ST301833,SESAMO TOSTADO GOURMET 30G,790
MENAJE Y LIBRERIA,26102667200,S31U7200,SET 3 VASOS WHISKY BAJO LUMINARC 1U,"6.990,00"
MENAJE Y LIBRERIA,7891155033615,S61U3615,SET 6 VASOS ALTOS BRISA 1U,"7.690,00"
MENAJE Y LIBRERIA,7891155054139,S61U4139,SET 6 VASOS ALTOS OCA 1U,"5.690,00"
CASA Y JARDIN,400007329188,SC3U9188,SET CERAMICA MAINSTAYS 3U,"8.390,00"
HIGIENE Y CUIDADO PERSONAL,1041838102572,SC1U2572,SET CORTAUÑAS + DOS LIMAS 1U,"1.790,00"
MENAJE Y LIBRERIA,7891112057135,SC3U7135,SET CUCHARAS DE TE TRAMONTINA  3U,"2.090,00"
MENAJE Y LIBRERIA,7891112056763,SC3U6763,SET CUCHARAS SOPERAS TRAMONTINA  3U,"3.190,00"
MENAJE Y LIBRERIA,7891112056480,SC3U6480,SET CUCHILLOS TRAMONTINA  3U,"3.190,00"
FERRETERIA,7804628247525,SD107525,SET DE CLAVOS HT 100P,"2.190,00"
FARMACIA,8883075100682,SEDELIDEUÑ2U0682,SET DE LIMA DE UÑAS 2U,"2.090,00"
HIGIENE Y CUIDADO PERSONAL,1041838102596,SD1U2596,SET DE LIMAS DE UÑAS 1U,"1.590,00"
JUEGOS,6923004200426,SEPO1U,SET DE POKER 1U,"2.790,00"
MENAJE Y LIBRERIA,400008152433,SD4U2433,SET DE VASOS 4U,"3.090,00"
MENAJE Y LIBRERIA,7807210071195,SE31195,SET ESCOLAR ESCOLAR PEGAMENTON Y COLAFRIA 3U,"5.990,00"
MENAJE Y LIBRERIA,7807265008122,SL1U8122,SET LAPICES DE COLORES + LAPIZ GRAFITO PROARTE 1U,"2.190,00"
MENAJE Y LIBRERIA,7806505047310,SL47310,SET LAPICES GRAFITOS TORRES HB N°2 4U,"1.690,00"
FERRETERIA,6922073105663,SL1U5663,SET LLAVES ALEN HYPER TOUGH 1U,"2.290,00"
BEBES,8850217500037,SM1U0037,SET MANICURE BEBE 1U,"2.790,00"
MENAJE Y LIBRERIA,7891112066403,SS3U6403,SET SERVICIOS TRAMONTINA 3U,"3.490,00"
MENAJE Y LIBRERIA,7891112056664,ST3U6664,SET TENEDORES TRAMONTINA  3U,"3.190,00"
BEBIDAS,8935330207275,SHAK337275,SHAKE PROTEIN AKAPRO 17G 330CC COOKIES &CREAM,"2.790,00"
HIGIENE Y CUIDADO,7804945062399,SF752399,SHAMPO FAMILAND BAMBU CANNABIS BIO 750ML,"2.990,00"
HIGIENE Y CUIDADO PERSONAL,7804945062412,SA752412,SHAMPOO ACEITE DE COCO ARGAN FAMILAND 750ML,"2.690,00"
HIGIENE Y CUIDADO PERSONAL,650240052316,SA902316,SHAMPOO ACLARADO TIO NACHO 90ML,"1.290,00"
HIGIENE Y CUIDADO,7804920006196,SB406196,SHAMPOO BABBYLEE RIZOS Y RIZAS 400ML,"3.190,00"
HIGIENE Y CUIDADO,7804920006875,SB406875,SHAMPOO BABYLEE AROMAS INFITOS 400ML,"3.290,00"
HIGIENE Y CUIDADO,7804920005762,SB405762,SHAMPOO BABYLEE BRILLITOS MAGICOS 400ML,"3.290,00"
BEBES,7804920007117,SB257117,SHAMPOO BABYLEE INFINITO 250G,"1.890,00"
HIGIENE Y CUIDADO PERSONAL,7804920003416,SB753416,SHAMPOO BALLERINA ACEITE DE COCO 750 ML,"2.390,00"
HIGIENE Y CUIDADO,7804920007452,SB907452,SHAMPOO BALLERINA CARBON DOYPACK 900ML,"2.490,00"
HIGIENE Y CUIDADO,7804920003188,SB753188,SHAMPOO BALLERINA GRANADA CON ACIDO HIALURONICO 750ML,"2.690,00"
HIGIENE Y CUIDADO PERSONAL,7804920005144,SB755144,SHAMPOO BALLERINA HIERBAS SILVESTRES 750 ML,"2.390,00"
HIGIENE Y CUIDADO PERSONAL,7804920008152,SB508152,SHAMPOO BALLERINA HIPOALERGENICO 50 ML,290
FARMACIA,7804920019349,SB759349,SHAMPOO BALLERINA HIPOALERGENICO 750ML,"1.890,00"
HIGIENE Y CUIDADO PERSONAL,7804920008145,SB508145,SHAMPOO BALLERINA MANZANILLA 50 ML,290
HIGIENE Y CUIDADO PERSONAL,7804920008169,SB508169,SHAMPOO BALLERINA ONDAS Y RIZOS 50 ML,290
HIGIENE Y CUIDADO PERSONAL,7804920003225,SB753225,SHAMPOO BALLERINA PALTA & ALMENDRA 750 ML,"2.390,00"
HIGIENE Y CUIDADO,7804920002686,AB752686,SHAMPOO BALLERINA PALTA 750ML,"2.690,00"
HIGIENE Y CUIDADO PERSONAL,7804920007186,SB417186,SHAMPOO BRILLO LUMINOSO BALLERINA 410ML,"1.790,00"
HIGIENE Y CUIDADO PERSONAL,7804920008541,SD418541,SHAMPOO DETOX CARBON ACTIVADO Y MANTA BALLERINA 410 ML,"1.690,00"
HIGIENE Y CUIDADO PERSONAL,7891150055223,DOBR405223,SHAMPOO DOVE 400ML BRILLO,"5.590,00"
HIGIENE Y CUIDADO PERSONAL,7891150050488,DOHI400488,SHAMPOO DOVE 400ML HIDRATACION,"5.590,00"
HIGIENE Y CUIDADO PERSONAL,7891150017368,DONU407368,SHAMPOO DOVE 400ML NUTRICION,"5.590,00"
HIGIENE Y CUIDADO PERSONAL,7791293005010,DORE405010,SHAMPOO DOVE 400ML RECONSTRUCCION,"5.590,00"
HIGIENE Y CUIDADO PERSONAL,7791293038773,DORE408773,SHAMPOO DOVE 400ML REGENERACION,"5.590,00"
HIGIENE Y CUIDADO,7891150084124,SH4004124,SHAMPOO DOVE HIDRALISO HIALURONICO 400ML,"5.790,00"
HIGIENE Y CUIDADO,7891150102927,SD252927,SHAMPOO DOVE HIDRATACION+HIALURON 250ML,"3.290,00"
HIGIENE Y CUIDADO,7891150103436,SD193436,SHAMPOO DOVE UVREPAIR&GLOW FERULICO 190,"3.190,00"
HIGIENE Y CUIDADO PERSONAL,7804945062665,SF752665,SHAMPOO FAMILAND ARANDANO 750ML,"2.590,00"
HIGIENE Y CUIDADO,7804945062689,SF752689,SHAMPOO FAMILAND CHERRY GINGKO 750ML,"2.990,00"
HIGIENE Y CUIDADO PERSONAL,7804945034167,SF504167,SHAMPOO FAMILAND COCO ARGAN 500ML,"1.790,00"
HIGIENE Y CUIDADO PERSONAL,7804945062658,SF752658,SHAMPOO FAMILAND GRANADA 750ML,"2.590,00"
HIGIENE Y CUIDADO PERSONAL,7804945034075,SF504075,SHAMPOO FAMILAND GRANADA UVA 500ML,"1.790,00"
HIGIENE Y CUIDADO PERSONAL,7804945034198,SF504198,SHAMPOO FAMILAND JALEA REAL 500ML,"1.790,00"
HIGIENE Y CUIDADO PERSONAL,7804945062559,SF752559,SHAMPOO FAMILAND MANZANA PAPAYA 750ML,"2.590,00"
HIGIENE Y CUIDADO PERSONAL,7804945034150,SF504150,SHAMPOO FAMILAND MANZANILLA 500ML,"1.790,00"
HIGIENE Y CUIDADO PERSONAL,7804945062504,SF752504,SHAMPOO FAMILAND MANZANILLA 750ML,"2.590,00"
HIGIENE Y CUIDADO PERSONAL,7804945034181,SF504181,SHAMPOO FAMILAND MORINGA 500ML,"1.790,00"
HIGIENE Y CUIDADO PERSONAL,7804945062320,SF752320,SHAMPOO FAMILAND MORINGA 750ML,"2.590,00"
HIGIENE Y CUIDADO PERSONAL,7804945062528,SF752528,SHAMPOO FAMILAND PROPOLEO JALEA REAL 750ML,"2.590,00"
HIGIENE Y CUIDADO PERSONAL,650240052347,SF902347,SHAMPOO FORT TIO NACHO 90ML,"1.290,00"
HIGIENE Y CUIDADO PERSONAL,7500435020244,SP400244,SHAMPOO FUERZA & RECONSTRUCCION PANTENE 400ML,"6.490,00"
HIGIENE Y CUIDADO PERSONAL,7804920007759,SF757759,SHAMPOO FUERZA NATURAL BIOTINA BALLERINA 750 ML,"2.390,00"
HIGIENE Y CUIDADO PERSONAL,7500435020008,SH370008,SHAMPOO HEAD AND SHOULDERS LIMPIEZA REPARADORA 375ML,"6.190,00"
HIGIENE Y CUIDADO PERSONAL,7500435138017,SH188017,SHAMPOO HEAD&SHOULDERS CARBON ACT. 180ML,"2.090,00"
HIGIENE Y CUIDADO PERSONAL,7500435159241,SH189241,SHAMPOO HEAD&SHOULDERS CRECE FUERTE 180ML,"2.090,00"
HIGIENE Y CUIDADO PERSONAL,7590002008898,SH108898,SHAMPOO HEAD&SHOULDERS LIMP 10ML,490
HIGIENE Y CUIDADO PERSONAL,7500435201704,SH251704,SHAMPOO HEAD&SHOULDERS LIMP 250ML,"2.590,00"
HIGIENE Y CUIDADO PERSONAL,7500435202671,SH182671,SHAMPOO HEAD&SHOULDERS LIMPIEZA Y REV. 180ML,"2.090,00"
HIGIENE Y CUIDADO,7500435253000,SH243000,SHAMPOO HERBAL ESSENCE ROSA MOSQUETA 240ML,"4.490,00"
HIGIENE Y CUIDADO,7500435253017,SH243017,SHAMPOO HERBAL ESSENCES COCO Y JAZMIN 240ML,"4.490,00"
HIGIENE Y CUIDADO PERSONAL,381519180743,HEES400743,SHAMPOO HERBAL ESSENCES MANZANILLA 400ML,"7.190,00"
HIGIENE Y CUIDADO PERSONAL,190679000088,SH400088,SHAMPOO HERBAL ESSENCES REPAIR ARGAN OIL OF MOROCCO 400ML,"10.390,00"
HIGIENE Y CUIDADO PERSONAL,7500435145510,SHHE867500,SHAMPOO HERBAL ESSENCES SMOOTH ROSE HIPS 865ML,"11.190,00"
HIGIENE Y CUIDADO PERSONAL,7804920008565,SH418565,SHAMPOO HIDRATACION INTENSA GRANADA BALLERINA 410 ML,"1.690,00"
BEBES,7804945072350,SK272350,SHAMPOO KIDS BABYLAND BOOM FRUTAL 270ML,"1.790,00"
BEBES,7804945072343,SK272343,SHAMPOO KIDS BABYLAND RIZOS 270ML,"1.790,00"
HIGIENE Y CUIDADO PERSONAL,7804920006905,SL756905,SHAMPOO LARGO INCREIBLE BALLERINA 750ML,"2.390,00"
BEBES,7804945072312,SM272312,SHAMPOO MANZANILLA BABYLAND 270ML,"1.790,00"
HIGIENE Y CUIDADO PERSONAL,7500435128612,SM408612,SHAMPOO MICELAR PANTENE 400ML,"6.090,00"
HIGIENE Y CUIDADO PERSONAL,7804945072107,SN412107,SHAMPOO NEUTRO CABELLOS DELICADOS BABYLAND 410ML,"2.890,00"
HIGIENE Y CUIDADO PERSONAL,7804920007155,SO757155,SHAMPOO ONDAS Y RIZOS CONTROLADOS BALLERINA 750ML,"2.290,00"
HIGIENE Y CUIDADO PERSONAL,7804920007698,SO417698,SHAMPOO ONDAS Y RIZOS MANGO Y ARGAN FRASCO BALLERINA 410 ML,"1.690,00"
HIGIENE Y CUIDADO PERSONAL,7500435155830,SP205830,SHAMPOO PANTENE BAMBU 200ML,"2.090,00"
HIGIENE Y CUIDADO PERSONAL,7500435155847,SHPA405847,SHAMPOO PANTENE BAMBU 400ML,"6.190,00"
HIGIENE Y CUIDADO,7500435248037,SP308037,SHAMPOO PANTENE BIOTINAMIDA B3 300ML,"4.490,00"
HIGIENE Y CUIDADO PERSONAL,7501007457796,PABR407796,SHAMPOO PANTENE BRILLO EXTREMO 400ML,"6.190,00"
HIGIENE Y CUIDADO,7501001168971,SP4008971,SHAMPOO PANTENE CUIDADO CLASICO 400ML,"6.190,00"
HIGIENE Y CUIDADO,7500435209649,SHPAEQRAPU3096949,SHAMPOO PANTENE EQUILIBRIO RAIZ & PUNTAS 300ML,"6.490,00"
HIGIENE Y CUIDADO PERSONAL,7506309840024,SP4000024,SHAMPOO PANTENE HIDRATACION EXTREMA 400ML,"6.190,00"
HIGIENE Y CUIDADO,7500435241113,SP301113,SHAMPOO PANTENE KERATINA 300ML,"4.490,00"
HIGIENE Y CUIDADO PERSONAL,7500435128599,SP208599,SHAMPOO PANTENE MICELAR 200ML,"2.090,00"
HIGIENE Y CUIDADO,7500435191425,SP301425,SHAMPOO PANTENE PRO-V COLÁGENO 300ML,"6.490,00"
HIGIENE Y CUIDADO,7501001303464,SP403464,SHAMPOO PANTENE PRO-V CONTROL CAIDA 400ML,"6.390,00"
HIGIENE Y CUIDADO PERSONAL,7501006721119,SP201119,SHAMPOO PANTENE REST 200ML,"2.090,00"
HIGIENE Y CUIDADO PERSONAL,7506309803661,SP103661,SHAMPOO PANTENE RESTAURACION 10ML,490
HIGIENE Y CUIDADO PERSONAL,7501006721133,SP401133,SHAMPOO PANTENE RESTAURACION 400ML,"4.590,00"
HIGIENE Y CUIDADO PERSONAL,7501001164645,SHPA404645,SHAMPOO PANTENE RIZOS 400ML,"6.190,00"
HIGIENE Y CUIDADO PERSONAL,7791293042206,SR202206,SHAMPOO RECONSTRUCCION COMPLETA DOVE 200ML,"1.990,00"
HIGIENE Y CUIDADO PERSONAL,7791293045429,SR205429,SHAMPOO REG EXT DOVE 200ML,"2.090,00"
HIGIENE Y CUIDADO PERSONAL,7804920008701,SR758701,SHAMPOO REPARA E HIDRATA BALLERINA 750ML,"2.490,00"
HIGIENE Y CUIDADO PERSONAL,7804920003201,SS753201,SHAMPOO SIN SAL GRANADA BALLERINA 750ML,"2.390,00"
HIGIENE Y CUIDADO PERSONAL,7804920008206,SV758206,SHAMPOO VOLUMEN Y NUTRICION BALLERINA 750ML,"2.490,00"
HIGIENE Y CUIDADO PERSONAL,7791293042213,SD202213,SHAPOO DOVE OLEO NUTRICION 200ML,"2.090,00"
HIGIENE Y CUIDADO PERSONAL,7791293042190,SD202190,SHAPOO DOVE REGENERACION EXTREMA 200ML,"2.090,00"
BOTILLERIA,7862128020161,SB300161,SHOT BIDU VODKA APPLETINI 30ML,"1.490,00"
BOTILLERIA,7862128020147,SB300147,SHOT BIDU VODKA CRAZY CHERRY 30ML,"1.490,00"
BOTILLERIA,7862128020154,SB300154,SHOT BIDU VODKA KAMIKAZE 30ML,"1.490,00"
BOTILLERIA,7862128020178,SB300178,SHOT BIDU VODKA MANGORITA 30ML,"1.490,00"
BOTILLERIA,7862128020130,SB300130,SHOT BIDU VODKA MATUTE GRAPE 30ML,"1.490,00"
BOTILLERIA,7790154000652,SD720652,SIDRA DEL VALLE ETIQUETA BLANCA 720ML,"7.590,00"
BOTILLERIA,7792834000624,SR710624,SIDRA RAMA CAIDA 710CC,"7.590,00"
FERRETERIA,400008043915,SE203915,SILICONA EN SPRAY AUTODRIVE 200CC,"4.990,00"
FERRETERIA,400008043892,SE203892,SILICONA EN SPRAY LAVANDA AUTODRIVE 200CC,"4.990,00"
FERRETERIA,400008043908,SE203908,SILICONA EN SPRAY VAINILLA AUTODRIVE 200CC,"4.990,00"
DESPENSA,7804652980139,SC330139,SIRACHA CLASICA BY MARIA 330G,"6.990,00"
DULCES Y CHOCOLATES,022000285942,SG165942,SKITTLES GUMMIES ORIGINAL 164G,"4.990,00"
CANDYLAND,022000289735,SKGU169735,SKITTLES GUMMIES SOUR 164.4G,"4.990,00"
CANDYLAND,22000285966,SG165966,"SKITTLES GUMMIES WILD BERRIE 164,4G","4.990,00"
DULCES Y CHOCOLATES,022000018465,SO628465,SKITTLES ORIGINAL 62G,"1.390,00"
DULCES Y CHOCOLATES,040000002666,SS512666,SKITTLES SOUR 51G,"1.390,00"
DULCES Y CHOCOLATES,042897655284,SS645284,SMARTIES SQUEEZE CANDY 64G,"3.990,00"
SNACKS,7802420007484,SM297484,SNACK MIX MARCO POLO 290G,"3.590,00"
SNACK,7804612221029,SS1501029,SNACK SEMBRASOL ENERGY MIX 150GR,"2.290,00"
SNACKS,7801916000275,SL180275,SNACKIN LA PREFERIDA SALAME SPICY 18GR,890
SNACKS,7801916039848,SP509848,SNACKIN PEPPERONI LA PREFERIDA 50G,"1.690,00"
SNACKS,7801916038797,SNSA188797,SNACKIN SALAME LA PREFERIDA 18G,790
SNACKS,7801916039763,SS509763,SNACKIN SALAME LA PREFERIDA 50G,"1.690,00"
DULCES Y CHOCOLATES,7502271912059,SA432059,"SNICKERS ALMENDRA 43,4G","1.790,00"
DULCES Y CHOCOLATE,7502271917061,SE417061,SNICKERS EXPRESSO 41.5GR,"1.790,00"
DULCES Y CHOCOLATES,7506174502645,SNSN212645,SNICKERS SNACK 21.5G,790
DESPENSA,7613035311565,SC241565,SOBRE CAFE 3 EN 1 24G,790
DESPENSA,7613033458101,SC148101,SOBRE CAFE CAPPUCCINO 14G,790
DESPENSA,7613033458507,SC148507,SOBRE CAFE MOKA 14G,790
DESPENSA,7613033458538,SC148538,SOBRE CAFE VAINILLA LATTE 14G,790
DESPENSA,7802410061373,SC151373,SOBRE CANELA MOLIDA GOURMET 15G,690
DESPENSA,1234584,SI224584,SOBRE INDIVIDUAL STARBUCKS CARAMEL LATTE 22G,"1.390,00"
DESPENSA,1234586,SI224586,SOBRE INDIVIDUAL STARBUCKS MOCHA 22G,"1.390,00"
DESPENSA,1234585,SI224585,SOBRE INDIVIDUAL STARBUCKS VAINILLA LATE 22G,"1.390,00"
DESPENSA,7613034868237,SL288237,SOBRE LECHE MILO 2 PORCIONES 28G,890
CONGELADOS,7801300000409,SM150409,SOFRITO MINUTO VERDE 150G,"1.190,00"
LIMPIEZA,7805000319441,SC909441,SOFT CLASSIC 900ML,"2.390,00"
USAMARKET,059491000358,SF850358,SOPA FIDEO INSTANTANEO MR.NOODLES 85GR,"1.290,00"
DESPENSA,7802410002277,SP242277,SOPA GOURMET CARACOLITOS 74GR,790
DESPENSA,7802410002253,SG622253,SOPA GOURMET COSTILLA FIDEOS 62GR,790
DESPENSA,7802950006636,SM766636,SOPA MAGGI CARACOLITOS 76G,"1.090,00"
DESPENSA,7613030612247,SM602247,SOPA MAGGI COSTILLA FIDEOS 60G,590
DESPENSA,7802950006612,SM706612,SOPA MAGGI POLLO FIDEOS 70G,690
DESPENSA,7802950008814,SM688814,SOPA MAGGI POLLO SEMOLA 68G,590
DESPENSA,7802950006629,SM706629,SOPA MAGGI POLLO Y ARROZ 70G,690
CANDYLAND,031146053414,SORATONO103413,SOPA RAMEN TOKOTSU NONGSHIM 101G,"5.490,00"
LIMPIEZA,8022102897106,S17106,SOPAPO 1U,"5.990,00"
LIMPIEZA,12345888,SPB1U5888,SOPAPO PARA BAÑO 1U SOPAPO,"3.290,00"
LIMPIEZA,7806810013055,SP1U3055,SOPAPO PARA BAÑO VIRUTEX 1U,"7.390,00"
LACTEOS,7802900003890,SOYOMO123890,SOPROLE YOGHITO MORA 120G,390
CANDYLAND,070462098358,SP998358,SOUR PATCH KIDS 99G,"3.990,00"
CANDYLAND,070462007916,SOPA107916,SOUR PATCH KIDS BLUE RASPBERRY 102G,"2.990,00"
DULCES Y CHOCOLATES,070462001051,SP991051,SOUR PATCH KIDS EXTREME BOX 99G,"3.990,00"
USAMARKET,70462009019,ST109019,SOUR PATCH KIDS GRAPE 102GR,"3.990,00"
CANDYLAND,70462010510,SP870510,SOUR PATCH KIDS HEARTS 87G,"3.990,00"
DULCES Y CHOCOLATES,70462009217,SP109217,SOUR PATCH KIDS PEACH 102G,"2.990,00"
USAMARKET,70462011326,SP871326,SOUR PATCH KIDS RED WHITE & BLUE BOX 87G,"3.990,00"
CANDYLAND,070462006599,SOPA106599,SOUR PATCH KIDS SOFT 102G,"2.990,00"
CANDYLAND,070462008876,SOPA108876,SOUR PATCH KIDS STRAWBERRY 102G,"2.990,00"
DULCES Y CHOCOLATES,070462002027,SP992027,SOUR PATCH KIDS TROPICAL BOX 99G,"3.990,00"
DULCES Y CHOCOLATES,70462006605,SP106605,SOUR PATCH KIDS WATERMELON 102G,"2.990,00"
CANDYLAND,70462006629,SP106629,SOUR PATCH TROPICAL BAG 102GR,"2.990,00"
CANDYLAND,41364880587,SP910587,SOUR PUNCH ARCTIC STRAWS 91G,"3.990,00"
DULCES Y CHOCOLATES,041364087924,SP577924,SOUR PUNCH RAINBOW STRAWS 57G,"1.990,00"
CANDYLAND,41364880600,SP910600,SOUR PUNCH SANTA STRAWS 91G,"3.990,00"
DESPENSA,7802500000053,SL4000053,SPACHETTI LUCCHETTI 5 400GR,"1.290,00"
DESPENSA,7802575004437,SC444437,SPAGHETTI CAROZZI 5 440G,"1.590,00"
DESPENSA,7750243073110,SD403110,SPAGHETTI DON VITTORIO 400G,"1.190,00"
DESPENSA,7802500007021,ST407021,SPAGHETTI TALLIANI 5 400G,"1.490,00"
DESPENSA,7798031153705,SC403705,SPAGUETTI COLISEO 400G,890
HIGIENE Y CUIDADO PERSONAL,7501035907508,SS607508,SPEED STICK DESODORANTE EN BARRA FRESH 60G,"4.990,00"
HIGIENE Y CUIDADO PERSONAL,7501035907591,SS507591,SPEED STICK DESODORANTE EN BARRA HYPOALLERGENIC 50G,"4.990,00"
HIGIENE Y CUIDADO PERSONAL,7509546052755,SS502755,SPEED STICK DESODORANTE EN BARRA X5 50G,"4.990,00"
JUEGOS,TAGJ58007,SI1U8007,SPOT IT DOBBLE HALLOWEEN 1U,"10.390,00"
JUEGOS,ZXBW18566,SI1U8566,SPOT IT DOBBLE HARRY POTTER 1U,"10.390,00"
JUEGOS,AVZV57444,SI1U7444,SPOT IT DOBBLE LOL SURPRISE 1U,"10.390,00"
BEBIDAS,7801610005262,SN5262,"SPRITE NORMAL 1,5L","2.490,00"
BEBIDAS,7801610005651,SN5651,SPRITE NORMAL 3L,"3.890,00"
BEBIDAS,7801610591994,SN591994,SPRITE NORMAL 591CC,"1.690,00"
BEBIDAS,7801610005194,SN5194,SPRITE NORMAL LATA 350CC,"1.290,00"
BEBIDAS,7801610005286,SR2L5286,SPRITE RETORNABLE 2L,"2.290,00"
BEBIDAS,7801610223727,SZ153727,"SPRITE ZERO 1,5L","2.490,00"
BEBIDAS,7801610284339,SZ4339,SPRITE ZERO 3L,"3.890,00"
BEBIDAS,7801610591888,SZ591888,SPRITE ZERO 591CC,"1.590,00"
BEBIDAS,7801610223192,SZ353192,SPRITE ZERO LATA 350CC,"1.390,00"
BEBIDAS,7801610223284,SC33284,SPRITE ZERO RETORNABLE 2L,"2.290,00"
BOTILLERIA,080480004699,SG754699,ST. GERMAIN LICOR FLOR DE SAUCO 750ML,"36.590,00"
DESPENSA,7613038631189,SC881189,STARBUCKS CAFFE MOCHA 88G,"4.990,00"
DESPENSA,8445290216816,SC926816,STARBUCKS CARAMEL LATTE 92G,"4.990,00"
DESPENSA,7613038704425,SV884425,STARBUCKS VAINILLA LATTE 88G,"4.990,00"
CANDYLAND,022000019882,SA259882,"STARBURST ALL PINK 58,7G","2.990,00"
CANDYLAND,40000009702,SF589702,"STARBURST FAVEREDS 58,7G","2.990,00"
DULCES Y CHOCOLATES,040000000518,SO580518,"STARBURST ORIGINAL 58,7G","1.490,00"
USAMARKET,4009900546263,SO1276263,STARBURST ORIGINAL FRUIT CHEW 127GR,"3.190,00"
DESPENSA,7801505003885,STIACEK903885,STEVIA IANSA CERO K 90ML,"2.590,00"
DESPENSA,7804918401651,SN271651,STEVIA NATURAL LIST 270ML,"4.590,00"
LIMPIEZA,7791290793583,SC453583,SUAVIZANTE COMFORT OLEO ARGAN 450ML,"2.590,00"
LIMPIEZA,7500435252959,SUDO452959,SUAVIZANTE DOWNY 450ML,"3.790,00"
LIMPIEZA,7500435160032,SD450032,SUAVIZANTE DOWNY 450ML,"3.290,00"
LIMPIEZA,7804920280572,SF1L0572,SUAVIZANTE FUZOL CLASSIC 1L,"2.190,00"
LIMPIEZA,7804920280343,SF1L0343,SUAVIZANTE FUZOL COLOR PLUS 1L,"2.190,00"
LIMPIEZA,7804920280695,SF1L0695,SUAVIZANTE FUZOL PIEL DELICADA 1L,"2.190,00"
LIMPIEZA,7804920280596,SF1L0596,SUAVIZANTE FUZOL PRIMAVERA 1L,"2.190,00"
LIMPIEZA,7791290788398,SS458398,SUAVIZANTE SOFT CLASSIC 450ML,"2.190,00"
DESPENSA,7802351534707,SD504707,SUCEDANEO DE LIMON DON JUAN 500ML,"1.490,00"
DESPENSA,7802337801014,SD251014,SUCEDANEO DE LIMON TRAVERSO 250ML,890
DESPENSA,7802337801038,SD501038,SUCEDANEO DE LIMON TRAVERSO 500ML,"1.490,00"
BEBIDAS,764451149106,SE639106,SUERO ENERGY ARANDANO POMELO RAZZ I LIKE 630ML,"2.990,00"
BEBIDAS,764451150805,SE300805,SUERO ENERGY BLUE RAZZ I LIKE 630ML,"2.990,00"
BEBIDAS,745853991791,SE631791,SUERO ENERGY LIMA LIMON RAZZ I LIKE 630ML,"2.990,00"
BEBIDAS,764451149113,SE639113,SUERO ENERGY NARANJA MANDARINA RAZZ I LIKE 630ML,"2.990,00"
BEBIDAS,4025127020430,SM500430,SUERO MAX ARANADANO POMELO 500CC,"2.290,00"
BEBIDAS,4025127055555,SM505555,SUERO MAX FRUTILLA FRAMBUESA 500CC,"2.290,00"
BEBIDAS,4025127055791,SM205791,SUERO MAX LIMA LIMON 500CC,"2.390,00"
BEBIDAS,4025127020997,SM500997,SUERO MAX NARANJA MANDARINA 500CC,"2.290,00"
BEBIDAS,764451150201,SUPR630201,SUERO PROTEIN FRUTILLA I LIKE 630ML,"2.990,00"
BEBIDAS,7804651931903,SA631903,SUEROX ARANDANO POMELO 630ML,"3.390,00"
BEBIDAS,7804651931934,SF631934,SUEROX FRUTILLA KIWI 630ML,"3.390,00"
BEBIDAS,7804651935581,SL635581,SUEROX LIMON DE PICA 630ML,"3.390,00"
BEBIDAS,7804651937806,SM637806,SUEROX MANGO DURAZNO 630ML,"3.390,00"
BEBIDAS,7804651931927,SM631927,SUEROX MANZANA 630ML,"3.390,00"
BEBIDAS,7804651931910,SN631910,SUEROX NARANJA 630ML,"3.390,00"
BEBIDAS,7804651935574,SP635574,SUEROX PIÑA 630ML,"3.390,00"
DULCES Y CHOCOLATES,7613032475581,S8425581,SUPER 8 2.0 42G,890
DULCES Y CHOCOLATES,8445290839060,S8369060,SUPER 8 XL 36G,690
SNACKS,7804612220947,SM150947,SUPER MIX SEMBRASOL 150GR,"2.990,00"
SNACKS,7804612220428,SM800428,SUPER MIX SEMBRASOL 80G,"1.790,00"
QUESOS Y FIAMBRES,7801930008745,SC158745,SURTIDO CÓCTEL RECETA DEL ABUELO 150G,"5.090,00"
DESPENSA,84773610581,SD190581,SURTIDO DE MARISCOS ROBINSON CRUSOE 190GR,"3.190,00"
DESPENSA,84773602197,SD192197,SURTIDO DE MARISCOS ROBINSON CRUSOE EN ACEITE 190GR,"3.190,00"
PASTELERIA,7809513011199,SD61199,SURTIDOS CLARISA DE CURACAVI 6U,"4.200,00"
CANDYLAND,079200912338,SO512338,SWEETARTS ORIGINAL 51G,"1.590,00"
TABACO,7804660290251,TB450251,TABACO BRISTOL CARAMELO 45G,"6.590,00"
TABACO,7804660290237,TB450237,TABACO BRISTOL CHOCOLATE 45G,"6.590,00"
TABACO,78026704,TB456704,TABACO BRISTOL FRUTILLA 45GR,"6.590,00"
TABACO,78026605,TB456605,TABACO BRISTOL MENTA 45GR,"6.590,00"
TABACO,7804660290190,TB450190,TABACO BRISTOL ORIGINAL 45G,"6.590,00"
TABACO,78026797,TB456797,TABACO BRISTOL SANDIA 45G,"6.590,00"
TABACO,7804660290268,TB450268,TABACO BRISTOL UVA 45G,"6.590,00"
TABACO,7804660290244,TO450244,TABACO BRISTOL VAINILLA 45G,"6.590,00"
TABACO,5710840182334,TC502334,TABACO CAPITAIN BLACK BRIGHT VIRGINIA 50GR,"11.490,00"
TABACO,5710840172113,TC502113,TABACO CAPITAIN BLACK VIRGINIA 50GR,"11.490,00"
TABAQUERIA,4030700161547,TG301547,TABACO GOLDEN VIRGINIA 30G,"12.490,00"
TABAQUERIA,4030700124054,TG40,TABACO GOLDEN VIRGINIA THE ORIGINAL 40GR,"13.790,00"
TABAQUERIA,4030700161608,TG301608,TABACO GOLDEN VIRGINIA YELLOW 30G,"12.990,00"
TABACO,4006396138026,TM408026,TABACO MANITOU ORGANIC 40G,"10.990,00"
TABACO,4006396134479,TM404479,TABACO MANITOU VIRGINIA 40G,"10.990,00"
TABAQUERIA,5908249942912,TT402912,TABACO TENNESIE CARAMELO 40GR,"9.590,00"
TABAQUERIA,5908249942936,TT402936,TABACO TENNESIE CHERRY  40G,"9.590,00"
TABAQUERIA,5908249946897,TT406897,TABACO TENNESIE GRAPE 40G,"9.590,00"
TABAQUERIA,5908249946871,TT406871,TABACO TENNESIE MINT 40GR,"9.590,00"
TABAQUERIA,5908249946873,TT406873,TABACO TENNESIE MINT 40GR,"8.590,00"
TABAQUERIA,5908249946880,TATE406880,TABACO TENNESIE ORIGINAL 40G,"9.590,00"
TABAQUERIA,5908249942905,TT402905,TABACO TENNESIE VAINILLA 40GR,"9.590,00"
TABACO,5908249942899,TT402899,TABACO TENNESSIE VIRGINIA 40GR,"11.990,00"
BOTILLERIA,7750533000024,TP2L0024,TABERNERO PURO QUEBRANTA 2L,"35.990,00"
QUESOS Y FIAMBRES,7802953000822,TQ300822,TABLA QUESO MANTECOSO PAHUILMO 300G,"7.190,00"
QUESOS Y FIAMBRES,7802953000211,TQ500211,TABLA QUESO MANTECOSO PAHUILMO 500G,"11.690,00"
JUEGOS,JSMU06525,TA1U6525,TABLERO AJEDREZ MAGNETICO 1U,"5.990,00"
JUEGOS,YLHK83926,TA1U3926,TABLERO AJEDREZ MAGNETICO 1U,"5.990,00"
JUEGOS,QDSO46007,TL1U6007,TABLERO LUDO 1U,"5.990,00"
Sin Tipo,7790520995377,TR125377,TABLETA RAID CONTRA MOSQUITO Y ZANCUDOS 12U,"5.390,00"
PANADERIA,7802095181106,TY101106,TACOS Y FAJITAS PANCHO VILLA L 10U,"3.290,00"
DESPENSA,633148100013,TC1420013,TAJIN CLASICO CON LIMON,"5.990,00"
USAMARKET,633148104547,TE454547,TAJIN EN POLVO HABANERO 45GR,"3.990,00"
SNACKS,757528045302,TW175302,TAKI WAPS FUEGO 170G,"3.190,00"
SNACKS,757528049539,TB119539,TAKIS BLUE 113G,"1.790,00"
SNACKS,7803403003851,TB1903851,TAKIS BLUE HEATS 190GR,"2.790,00"
SNACKS,7803403004360,TL194360,TAKIS CHILI LIMON 190GR,"2.790,00"
SNACKS,757528049553,TF119553,TAKIS FUEGO 113G,"1.790,00"
SNACKS,7803403003950,TF1903950,TAKIS FUEGO 190GR,"2.790,00"
SNACKS,757528044992,TF204992,TAKIS FUEGO 200G,"2.590,00"
SNACKS,757528039592,TF569592,TAKIS FUEGO 56G,"1.190,00"
SNACKS,7803403003882,TAINNA193882,TAKIS INTENSE NACHO 190G,"2.790,00"
SNACKS,757528049546,TO119546,TAKIS ORIGINAL 113G,"1.790,00"
SNACKS,7803403003943,TO1903943,TAKIS ORIGINAL 190GR,"2.790,00"
SNACKS,757528044985,TO204985,TAKIS ORIGINAL 200G,"2.590,00"
SNACKS,757528039615,TO569615,TAKIS ORIGINAL 56G,"1.190,00"
SNACK,7500810046890,TT196890,TAKIS TORTILLAS DE MAIZ BUCKIN RANCH 190GR,"2.790,00"
SNACKS,757528049607,TX119607,TAKIS XPLOSION 113G,"1.790,00"
SNACKS,7803403003967,TX193967,TAKIS XPLOSION 190GR,"2.790,00"
SNACKS,757528044978,TX204978,TAKIS XPLOSION 200G,"2.590,00"
SNACKS,757528039639,TX569639,TAKIS XPLOSION 56G,"1.190,00"
BEBES,7804945007819,TP207819,TALCO PARA NIÑOS BABYLAND 200G,"3.090,00"
DESPENSA,7750243073127,TD403127,TALLARIN DON VITTORIO 400G,"1.190,00"
DESPENSA,7802500007045,TT407045,TALLARIN TALIANI N°78 400GR,"1.790,00"
DESPENSA,7802575004635,TC404635,TALLARINES CAROZZI 87 400G,"1.590,00"
DESPENSA,7802500000039,TL4000039,TALLARINES LUCCHETTTI 77 400GR,"1.390,00"
DESPENSA,7802500007038,TT407038,TALLARINES TALLIANI 77 400G,"1.490,00"
HIGIENE Y CUIDADO PERSONAL,7506295369363,TP8U9363,TAMPAX PEARL REGULAR 8U,"4.190,00"
HIGIENE Y CUIDADO PERSONAL,7506295369387,TP8U9387,TAMPAX PEARL SUPER 8U,"4.190,00"
HIGIENE Y CUIDADO PERSONAL,7806500966012,TL86012,TAMPONES LADY SOFT REGULADOR MEDIO FLUJO LEVE 8U,"3.990,00"
HIGIENE Y CUIDADO PERSONAL,7806500966029,TL8U6029,TAMPONES LADYSOFT SUPER 8U,"3.990,00"
HIGIENE Y CUIDADO PERSONAL,7806500966036,TL8U6036,TAMPONES LADYSOFT SUPERPLUS 8U,"3.890,00"
HIGIENE Y CUIDADO PERSONAL,7702026173746,TANOSUX33746,TAMPONES NOSOTRAS SUPER X3,"1.690,00"
FERRETERIA,7805300053953,TS223953,TANAX SIN OLOR 220CC,"1.990,00"
SALUD,7800004399536,TD1U9536,TAPSIN DIA 1U,"1.000,00"
SALUD,7800004399567,TD1U9567,TAPSIN DIA 1U,"1.000,00"
DESPENSA,7801315161126,TC121126,TE CEYLAN DE HOJA EXCELSIOR 125GR,"1.690,00"
DESPENSA,7801875029010,TC1259010,TE CEYLAN EN BOLSA MILDREAD TEA 125GR,"2.290,00"
DESPENSA,7801875047014,TC207014,TÉ CEYLAN ORO SUPREMO 20U,"1.690,00"
DESPENSA,7801875047113,TC407113,TE CEYLAN PREMIUM SUPREMO 20U 40G,"1.790,00"
DESPENSA,9312631119909,TD109909,TE DILMAH CEYLAN 100U,"7.190,00"
DESPENSA,9312631169041,TD252029,TE DILMAH CEYLAN 25U,"3.190,00"
DESPENSA,9312631129953,TD509953,TÉ DILMAH EARL GREY 50U,"8.590,00"
DESPENSA,7805000314774,TE234774,TE EMBLEM TEA 230G,"3.090,00"
DESPENSA,7805000306892,TE226892,TE EMBLEM TEA PREMIUM 225G,"3.790,00"
DESPENSA,7801810140541,TL100541,TE LIPTON PREMIUM BLACK TEA 100U,"6.690,00"
DESPENSA,5063270101353,TL201353,TE LIPTON VERDE CLASICO 20U,"3.090,00"
DESPENSA,7801875052018,TM202018,TE MILDRED TEA CEYLAN 20U,"1.390,00"
DESPENSA,7801875023018,TS123018,TÉ SUPERIOR PURE CEYLON TEA 125G,"1.790,00"
DESPENSA,7801875055118,TS205118,TE SUPREMO AROMATICO NARANJA 20U,"2.290,00"
DESPENSA,7801875057020,TS207020,TE SUPREMO BUEN DESCANSO 20U,"2.590,00"
DESPENSA,7801875047137,TS107137,TE SUPREMO CEYLAN PREMIUM 100U,"7.090,00"
DESPENSA,7801875055019,TS405019,TE SUPREMO CINNAMON FLAVOEWS CEYLON TEA 40GR,"2.290,00"
DESPENSA,7801875058072,TS208072,TE SUPREMO HIERBA MENTA 20U,"1.990,00"
DESPENSA,7801875061010,TS201010,TE SUPREMO HIERBAS SURTIDAS 20U,"1.590,00"
DESPENSA,7801875055132,TS205132,TE SUPREMO MANZANA Y CANELA 20U,"1.890,00"
DESPENSA,7801875058065,TS208065,TE SUPREMO MANZANILLA 20U,"1.790,00"
DESPENSA,7801875058164,TS208164,TE SUPREMO MANZANILLA MIEL 20U,"1.490,00"
DESPENSA,7801875111012,TS201012,TE SUPREMO OCHO HIERBAS 20U,"1.590,00"
DESPENSA,070177197131,TT107131,TE TWININGS ENGLISH BREAKFAST 10U,"4.090,00"
DESPENSA,070177169619,TNA109619,TE TWININGS NARANJA MANGO Y CANELA 10U,"4.090,00"
DESPENSA,070177197179,TT207179,TE TWININGS CAMOMILA 20G,"4.090,00"
DESPENSA,070177197292,TT107292,TE TWININGS EARL GREY 10U,"4.090,00"
DESPENSA,070177197155,TT107155,TE TWININGS FRUTAS VERMELHAS 10U,"4.090,00"
DESPENSA,070177197377,TT107377,TE TWININGS LADY GREY 10U,"4.090,00"
DESPENSA,070177197308,TT107308,TE TWININGS NEGRO SABOR LIMON 10U,"4.090,00"
DESPENSA,070177197124,TT107124,TE TWININGS PRINCE OF WALES 10U,"4.090,00"
DESPENSA,070177197360,TT207360,TE TWININGS SABOR FRUTOS SILVESTRES 20G,"4.090,00"
DESPENSA,070177197285,TT207285,TE TWININGS SABOR INDIAN CHAI 20G,"4.090,00"
DESPENSA,070177197346,TT157346,TE TWININGS SABOR LIMON Y JENGIBRE 15G,"4.090,00"
DESPENSA,070177050580,TT200580,TE TWININGS SABOR PURE CEYLON TEA 20G,"4.090,00"
DESPENSA,7801810804481,TV504481,TE VERDE LIPTON 50U,"4.590,00"
MENAJE Y LIBRERIA,7807265015137,T 6U5137,TEMPERA PROARTE 6U,"2.590,00"
MENAJE Y LIBRERIA,1234515,T14515,TENEDOR 12U,"4.990,00"
MENAJE Y LIBRERIA,7805475005559,TB205559,TENEDOR BIO ELY 20U,"3.390,00"
MENAJE Y LIBRERIA,6094622067262,TD107262,TENEDORES DE MADERA COTILLON&CARNAVAL 10U,"2.290,00"
BOTILLERIA,7501145228203,TB758203,TEQUILA BLANCO JIMADOR 750CC,"20.190,00"
BOTILLERIA,7503030794183,TD754183,TEQUILA DEL ANTIGUO POTRERO 750 CC,"11.290,00"
BOTILLERIA,7501145268100,TE708100,TEQUILA EL JIMADOR BLANCO 700ML,"19.490,00"
BOTILLERIA,7501003698506,TO708506,TEQUILA OLMECA BLANCO 700ML,"18.790,00"
BOTILLERIA,721733000159,TEPARE750159,TEQUILA PATRON REPOSADO 750ML,"67.490,00"
BOTILLERIA,7501054835165,TS755165,TEQUILA SOMBRERO NEGRO 750ML,"15.990,00"
Sin Tipo,2082004140560,TN10560,TERMOVENTILADOR NEX 1900W SMD160B 1U,"19.990,00"
Sin Tipo,2082003505056,TN15056,TERMOVENTILADOR NEX 2000W SMD4400 1U,"21.990,00"
SNACKS,7802420006654,TC176654,TERRA CAMOTE MARCO POLO 170G,"4.590,00"
SNACKS,7802420006647,TM186647,TERRA MARCO POLO VEGETALES 180G,"4.390,00"
FARMACIA,4051892002296,TD1U2296,TEST DE ANTIGENO ABBOTT 1U,"8.990,00"
FARMACIA,7809604504012,TD1U4012,TEST DE EMBARAZO ESANTEST 1U,"3.890,00"
USAMARKET,868070000401,TT1L0401,THAIWALA THAI TEA 1L,"7.990,00"
POSTRES,785397004335,TC684335,THE CHEESCAKE FACTORY WHITE CHOCOLATE RASPBERRY TRUFFLE 680GR,"20.990,00"
DULCES Y CHOCOLATES,78934696,TF164696,TICTAC FRUTAS 16G,990
DULCES Y CHOCOLATES,78600010,TM160010,TICTAC MENTA 16G,990
DULCES Y CHOCOLATE,78600027,TINA160027,TICTAC NARANJA 16G,990
DULCES Y CHOCOLATES,7802225430340,T220340,TIFANYS 22G,390
MENAJE Y LIBRERIA,7807265009563,TE1U9563,TIJERA ESCOLAR PROARTE PUNTO ROJO 1U,"1.590,00"
SNACKS,7804630011503,TC1501503,TIKA CHILOE 150GR,"5.190,00"
SNACKS,7804630011404,TC181060,TIKA CHILOE 180G,"4.790,00"
SNACKS,7804630011398,TF181053,TIKA FURIOSAS 180G,"4.090,00"
SNACKS,7804630010735,TN180735,TIKA NATIVA CEBOLLITA DULCE 180G,"4.090,00"
SNACKS,7804630011367,TINACHDEPARESACEDU151367,TIKA NATIVAS CHIPS DE PAPAS REALES SABOR CEBOLLITA DULCE 150G,"2.990,00"
SNACKS,7804630010612,TN180612,TIKA NATIVAS PATRIOTA 180G,"4.090,00"
SNACKS,7804630010599,TN180599,TIKA NATIVAS PESTO 180G,"4.090,00"
SNACKS,7804630011381,TP181046,TIKA PATAGONIA 180G,"4.790,00"
SNACKS,7804630010933,TR1700933,TIKA RAMITAS CEBOLLITAS GRILLADAS170G,"3.390,00"
SNACKS,7804630010766,TV100766,TIKA VEGAN HIERBAS FRESCAS 100G,"2.690,00"
SNACK,7804630011497,TF1501497,TIKAS FURIOSAS 150GR,"4.490,00"
HIGIENE Y CUIDADO PERSONAL,7899026462601,TC1U2601,TINTURA CAPILAR COR INTENSA 5.0 1U,"2.990,00"
HIGIENE Y CUIDADO PERSONAL,7899026462625,TC1U2625,TINTURA CAPILAR COR INTENSA 6.0 1U,"2.990,00"
HIGIENE Y CUIDADO PERSONAL,7899026462670,TC1U2670,TINTURA CAPILAR COR INTENSA 7.0 1U,"2.990,00"
HIGIENE Y CUIDADO PERSONAL,7898587770699,TC1U0699,TINTURA CAPILAR COR INTENSA 7.1 1U,"2.990,00"
HIGIENE Y CUIDADO PERSONAL,7899026462687,TC1U2687,TINTURA CAPILAR COR INTENSA 8.0 1U,"2.990,00"
HIGIENE Y CUIDADO PERSONAL,7899026462557,TC1U2557,TINTURA CAPILAR COR INTENSA GARNIER 3.0 1U,"2.990,00"
HIGIENE Y CUIDADO PERSONAL,7899026462656,TC1U2656,TINTURA CAPILAR COR INTENSA GARNIER 6.6 1U,"2.990,00"
HIGIENE Y CUIDADO PERSONAL,7509552916386,TC1U6386,TINTURA CAPILAR COR INTENSA GARNIER 6.66 1U,"2.990,00"
HIGIENE Y CUIDADO PERSONAL,7898587775946,TC1U5946,TINTURA CAPILAR COR INTENSA GARNIER 9.0 1U,"2.990,00"
TABAQUERIA,7798121253162,TIFU503162,TIPS FUMANCHU 50U,"1.290,00"
CARNICERIA,7809611718990,TD358990,TIRITAS DE POLLO SUPER POLLO 350G,"3.590,00"
CONGELADOS,7809611710994,TD700994,TIRITAS DE POLLO SUPER POLLO 700G,"7.390,00"
CONGELADOS,7809611718709,TD508709,TIRITAS DE PULPA DE CERDO 500G,"5.190,00"
DULCES Y CHOCOLATES,7803403004506,TK344506,TKCH MARINELA 34GR,790
LIMPIEZA,7804612610366,TP1603666,TOALLA DE PAPEL 160M,0
LIMPIEZA,7806500406884,TODEPANO3R6884,TOALLA DE PAPEL NOVA 3R,"3.090,00"
LIMPIEZA,7806500406877,TD1R6877,TOALLA DE PAPEL NOVA CLASICA 1 ROLLO,"1.190,00"
LIMPIEZA,7806500406709,TD3R6709,TOALLA DE PAPEL NOVA CLASICA 3R,"2.790,00"
LIMPIEZA,7806500406921,74698271495326,TOALLA DE PAPEL NOVA ULTRA 2 ROLLOS,"4.390,00"
LIMPIEZA,7806500406839,TD26839,TOALLA DE PAPEL NOVA ULTRA MEGA ROLLO 26MTS 2U,"4.690,00"
LIMPIEZA,7806500406846,TD2U6846,TOALLA DE PAPEL NOVA ULTRA MEGA ROLLO 2U,"3.090,00"
LIMPIEZA,7804653341601,TD701601,TOALLA DE PAPEL SWAN 70MTRS,"3.890,00"
LIMPIEZA,7806540004569,TD2R4569,TOALLA DE PAPEL TORK 2U,"2.290,00"
LIMPIEZA,7806810007344,TD357344,TOALLA DESINFECTANTE VIRUTEX AROMA FRESH 35U,"3.590,00"
HIGIENE Y CUIDADO PERSONAL,7790250096061,TH8U6061,TOALLA HIGIENICA LADYSOFT ULTRA DELGADA 8U,"2.290,00"
HIGIENE Y CUIDADO PERSONAL,7790250096078,TH8U6078,TOALLA HIGIENICA LADYSOFT ULTRA DELGADA TELA 8U,"2.290,00"
LIMPIEZA,7806810007368,TM307368,TOALLA MULTIUSO PEPINO O LAVANDA 30U,"1.590,00"
LIMPIEZA,7806500406822,TN1U6822,TOALLA NOVA 100 MTS 1U,"4.690,00"
LIMPIEZA,7806500406860,TN706860,TOALLA NOVA DOBLE HOJA GIGANTE 70MT 1U,"4.890,00"
LIMPIEZA,7806500406389,TN106389,TOALLA NOVA XL ABOLENGO 100M,"4.490,00"
LIMPIEZA,7806810007375,TD127375,TOALLAS DESINFECTANTES LIMON VIRUTEX 12U,"1.690,00"
LIMPIEZA,7806810007337,TD357337,TOALLAS DESINFECTANTES LIMON VIRUTEX 35U,"3.290,00"
LIMPIEZA,7806810007399,TD507399,TOALLAS DESINFECTANTES LIMON VIRUTEX 50U,"3.390,00"
LIMPIEZA,7806810007177,TD757177,TOALLAS DESINFECTANTES MULTIUSO VIRUTEX 75U,"5.990,00"
HIGIENE Y CUIDADO PERSONAL,7751493009720,TF89720,TOALLAS FEMENINAS KOTEX NOCTURNA CON ALAS 8U,"1.590,00"
HIGIENE Y CUIDADO PERSONAL,7806500962854,TH1428574,TOALLAS HIGENICAS LADYSOFT NOCTURNAS ULTRA DELGADAZ 14U,"4.090,00"
HIGIENE Y CUIDADO PERSONAL,7500435167680,TH8U7680,TOALLAS HIGIENICAS ALWAYS NOCTURNA 8U,"2.390,00"
HIGIENE Y CUIDADO PERSONAL,7809604028464,KOAN408464,TOALLAS HIGIENICAS KOTEX ANTIBACTERIAL 40U,"2.390,00"
HIGIENE Y CUIDADO PERSONAL,7702425802735,TH8U2735,TOALLAS HIGIENICAS KOTEX NOCTURNA 8U,"1.990,00"
HIGIENE Y CUIDADO PERSONAL,7794626999314,TH8U9314,TOALLAS HIGIENICAS KOTEX NORMAL 8U,"1.990,00"
HIGIENE Y CUIDADO PERSONAL,7806500962809,TH8U2809,TOALLAS HIGIENICAS LADYSOFT NOCTURNAS ULTRADELGADAS 8U,"2.090,00"
HIGIENE Y CUIDADO,7790250096085,TH8U6085,TOALLAS HIGIÉNICAS LADYSOFT TELA SUAVE CON ALAS 8U,"1.890,00"
HIGIENE Y CUIDADO PERSONAL,7702425807648,TH8U7648,TOALLAS HIGIENICAS NOCTURNAS KOTEX 8U,"2.590,00"
BEBES,7806500731177,TH451177,TOALLAS HUMEDAS BABYSEC PREMIUM 45U,"1.890,00"
BEBES,7806500731184,TH701184,TOALLAS HUMEDAS BABYSEC PREMIUM 70U,"2.890,00"
BEBES,7804603541785,TH801785,TOALLAS HUMEDAS EMUBABY 80U,"1.890,00"
HIGIENE Y CUIDADO PERSONAL,7500435167697,L87697,TOALLITAS HIGIENICAS ALWAYS 8U,"2.890,00"
BEBES,400050920912,TH800912,TOALLITAS HUMEDAS AQUA WIPES 99.9% 80U,"3.890,00"
BEBES,7806500731191,TH31191,TOALLITAS HUMEDAS BABYSEC PREMIUN SUPER PACK 3U,"3.890,00"
BEBES,7794626011023,TH481023,TOALLITAS HUMEDAS HUGGIES 48U,"1.890,00"
BEBES,400050002250,TH702250,TOALLITAS HUMEDAS PARENTS CHOISE CON ACEITE DE CALENDULA POLICE 70U,"1.790,00"
LIMPIEZA,7806810027373,TH307373,TOALLITAS HUMEDAS VIRUTEX DESINFECTANTES PUREZA HERBAL 30U,"2.290,00"
LIMPIEZA,7806810027380,TH307380,TOALLITAS HUMEDAS VIRUTEX FLORAL HIGIENIZANTES 30U,"2.290,00"
HIGIENE Y CUIDADO PERSONAL,4005900985798,TN205798,TOALLITAS NIVEA DESMAQUILLANTES 20U,"4.090,00"
HIGIENE Y CUIDADO,4005900773869,TN253869,TOALLITAS NIVEA DESMAQUILLANTES 25U,"3.790,00"
HIGIENE Y CUIDADO,400051156143,TP806143,TOALLITAS PARENTS CHOICE 80U,"3.290,00"
DULCES Y CHOCOLATES,7614500010013,T100013,TOBLERONE 100G,"4.690,00"
DULCES Y CHOCOLATES,7614500035788,TO205788,TOBLERONE 200G,"7.490,00"
DULCES Y CHOCOLATES,7614500010310,TB100310,TOBLERONE BLANCO 100G,"4.690,00"
DULCES Y CHOCOLATES,7614500010617,TN100617,TOBLERONE NEGRO 100G,"4.590,00"
QUESOS Y FIAMBRES,76728766636038,TA20,TOCINO AHUMADO LA FIAMBRERIA 200GR,"5.490,00"
QUESOS Y FIAMBRES,7801916002880,TC182880,TOCINO CORTADO LA PREFERIDA 180G,"4.390,00"
QUESOS Y FIAMBRES,7801916039602,TL109602,TOCINO LA PREFERIDA 100G,"4.590,00"
DULCES Y CHOCOLATES,7802200021136,TOSU131136,TOFFEE SURTIDO 130G,"1.590,00"
DESPENSA,7801315000128,TE400128,TOMATE ENTERO ESMERALDA 400G,"1.790,00"
DESPENSA,7798030160049,TT950049,TOMATE TRITURADO ESBLAN 950G,"4.990,00"
DESPENSA,7802410206651,TE7G6651,TOMILLO EN HOJAS FRASCO GOURMET 7G,"1.990,00"
PASTELERIA,1234561,TR1U4561,TOP RELLENO DE CHOCOLATE 1U,990
FERRETERIA,6922073105625,TL1U5625,TOQUE LUZ HYPER TOUGH 1U,"2.290,00"
PASTELERIA,77634744057284,TD17284,TORTA DE MILHOJA 1U,"2.200,00"
PASTELERIA,123451004,TO1U1004,TORTAS 1U,1
PANADERIA,7803403000195,TB350195,TORTILLA BURRERA TIA ROSA 8U 350G,"3.090,00"
PANADERIA,7803468003452,TC103452,TORTILLA CHICAS ANDALE 10U,"3.190,00"
PANADERIA,7803403004087,TI414087,TORTILLA IDEAL RAPIDITA INTEGRAL XL 415GR,"3.090,00"
PANADERIA,7803473002242,TM322242,TORTILLA MEXICANA FAJITAS TIA ROSA 10U 320G,"3.290,00"
PANADERIA,7803403001895,TT8U1895,TORTILLA TIA ROSA INTEGRAL 8U,"3.190,00"
PANADERIA,7803403002304,TX622304,TORTILLA XXL TÍA ROSA 8 U 620G,"3.990,00"
PANADERIA,7803403005145,TI415146,TORTILLAS IDEAL RAPIDITAS PROTEIN 416GR,"3.990,00"
DESPENSA,7803403000188,PAFI240188,TORTILLAS PACK FIESTA TIA ROSA 24U,"4.690,00"
PANADERIA,7802095181168,TOPAVIL1168,TORTILLAS PANCHO VILLA L,"3.190,00"
PANADERIA,7802095000209,TOPAVIM0209,TORTILLAS PANCHO VILLA M,"1.690,00"
GALLETAS,7896058259445,TOBO909445,TORTITAS BON O BON 90G,"1.090,00"
PASTELERIA,7809513011144,TD61144,TORTITAS CLARISA DE CURACAVI 6U,"4.200,00"
SNACKS,7802000020827,TE200827,TOSITOS EVERCRIPS SABOR SALSA VERDE 200GR,"3.190,00"
MENAJE Y LIBRERIA,7806810210010,TP1U0010,TOSTADOR PARRILLA ILKO 1U,"4.990,00"
SNACK,7802000015649,TS285649,TOSTITO SALADO EVERCRIPS 285G,"4.190,00"
BOTILLERIA,7802000020865,TE200GR0865,TOSTITOS EVERCRISP SAL DE MAR 200GR,"1.590,00"
SNACKS,7803403004599,TT13,TOTOPOS TIA ROSS 130GR,"1.990,00"
SNACKS,7802000019036,TT225311,TRAGA TRAGA FRAMBUESA EVERCRIPS 200G,"3.190,00"
LIMPIEZA,7806810014403,TA1U4403,TRAPERO ABSORBENTE VIRUTEX 40X40 U1,"2.890,00"
LIMPIEZA,1234519,TA1U4519,TRAPERO AMARILLO CON OJAL 1U,"1.490,00"
LIMPIEZA,781159797781,TC1U7781,TRAPERO CON OJAL DE MICOFIBRA TEDDY 1U,"1.290,00"
LIMPIEZA,7805020002620,TH102620,TRAPERO HUMEDO CLASICO EXCELL 10U,"3.090,00"
LIMPIEZA,7806500750031,TRHUDENO100031,TRAPERO HUMEDO DESINFECTANTE NOVA 10U,"3.290,00"
LIMPIEZA,7806810021746,TH121746,TRAPERO HUMEDO IMPEQUE 12U,"3.890,00"
LIMPIEZA,7805040004451,TH104451,TRAPERO HUMEDO LAVANDA VIRGINIA 10U,"3.790,00"
LIMPIEZA,7806810017442,TH107442,TRAPERO HUMEDO MULTIUSO LAVANDA VIRUTEX 10U,"3.890,00"
LIMPIEZA,7806810007443,TH1U7443,TRAPERO HUMEDO MULTIUSO LIMON VIRUTEX 10U,"3.890,00"
LIMPIEZA,7806810007764,TH107764,TRAPERO HUMEDO PARA PISO FLOTANTE COCO VIRUTEX 10U,"3.890,00"
LIMPIEZA,7805020002644,TRHU102644,TRAPERO HUMEDO PISO FLOTANTE EXCELL 10U,"4.490,00"
LIMPIEZA,7808304315928,TH125928,TRAPERO HUMEDO PISOS TEDDY 12U,"3.090,00"
LIMPIEZA,7805040004772,TH104772,TRAPERO HUMEDO VIRGINIA AROMA NARANJA 10U,"3.690,00"
LIMPIEZA,7805040004697,TH104697,TRAPERO HUMEDO VIRGINIA MANZANA VERDE 10U,"3.690,00"
LIMPIEZA,7808304316086,TM1U6086,TRAPERO MICROFIBRA TEDDY 1U,"1.490,00"
LIMPIEZA,7806810007061,TP1U7061,TRAPERO MOPA AVION 1U,0
LIMPIEZA,7806810014014,TV14014,TRAPERO VIRUTEX MULTIUSO CON OJAL 1U,"4.890,00"
LIMPIEZA,7805040004925,TH104925,TRAPEROS HUMEDOS DESINFECTANTES IGENIX 10U,"3.290,00"
PASTELERIA,7803495001360,TR1U1360,TRENZA RUSA PULMAHUE 1 UNIDAD,"4.290,00"
DULCES Y CHOCOLATES,7802200009028,TRNE249028,TRES NEGRITOS 24G,490
DULCES Y CHOCOLATES,7622201776602,"TF8,6602","TRIDENT FRESA 8,5G",690
DULCES Y CHOCOLATES,7622202272196,TF8G2196,TRIDENT FRESA 8G,690
DULCES Y CHOCOLATES,7506105606077,TF186077,TRIDENT FRESHMINT 18U,"1.790,00"
DULCES Y CHOCOLATES,7622201678036,TI148036,TRIDENT INFINIT MNTA 14U,"1.890,00"
DULCES Y CHOCOLATES,7622201677756,TI147756,TRIDENT INFINIT SPREADMINT 14U,"1.890,00"
DULCES Y CHOCOLATES,7622201776664,"TM8,6664","TRIDENT MENTA 8,5G",690
DULCES Y CHOCOLATE,7622202272943,TM852943,"TRIDENT MENTA 8,5G",690
DULCES Y CHOCOLATES,7622201776695,TM86695,TRIDENT MORA AZUL 8.5G,690
DULCES Y CHOCOLATES,7622201776633,"TS8,6633","TRIDENT SANDIA 8,5G",690
DULCES Y CHOCOLATE,7622202272219,TS8G2219,TRIDENT SANDIA 8G,690
DULCES Y CHOCOLATES,7622201776572,"TY8,6572","TRIDENT YERBABUENA 8,5G",690
DULCES Y CHOCOLATE,7622202272172,TY8G2172,TRIDENT YERBABUENA 8G,690
BOTILLERIA,7802150000823,TS750823,TRIPLE SEC MITJANS 750CC,"8.090,00"
GALLETAS,1234512,TN104512,TRITON NORMAL 103G,990
CANDYLAND,020709012302,TS142302,TROLLI SOUR BRITE CRAWLERS 142G,"2.490,00"
PASTELERIA,72989086857900,TDPL1234,TROZO DE PIE DE LIMON,"3.990,00"
DULCES Y CHOCOLATES,73781057354077,TRQU1U,TROZO DE QUEQUE 1U,"1.690,00"
PASTELERIA,72989079880745,TDLR1234,TROZO DE TORTA LAURA R,1
PASTELERIA,1234567890,TP11234,TROZO PASTEL 1U,"3.490,00"
DULCES Y CHOCOLATES,78939387,TC169387,TUBITO CHOCOLATE TRENCITO PEQUEÑO NESTLE 16G,490
TABAQUERIA,611319475016,TF100U016,TUBO CON FILTRO PARA TABACO GIZEH 100U,"2.290,00"
DULCES Y CHOCOLATES,7898591453144,TF173144,TUBOS FINI 17G,690
DULCES Y CHOCOLATES,7898591453137,TF803137,TUBOS FINI 80G,"1.890,00"
DULCES Y CHOCOLATE,7908228803270,TF803270,TUBOS FINI ACIDO FRUTAS SILVESTRES 80GR,"1.890,00"
DULCES Y CHOCOLATES,7908228802761,TF802761,TUBOS FINI FRUTAS SILVESTRES Y CREMA ACIDA 80GR,"1.690,00"
DULCES Y CHOCOLATES,7908228801924,TF801924,TUBOS FINI SABOR UVA 80GR,"1.890,00"
DULCES Y CHOCOLATES,7898591453106,TF803106,TUBOS FINI TUTTIFRUTTI ACIDO 80GR,"1.890,00"
DULCES Y CHOCOLATE,7908228801917,TF801917,TUBOS FINI UVA DULCE 80GR,"1.890,00"
DESPENSA,7802950012316,TUCA242316,TUCO CARNE MAGGI 245G,"2.290,00"
DULCES Y CHOCOLATES,7802225260657,TD450657,TURRON DE MANI DOS EN UNO 45G,590
CONGELADOS,7809611700674,TD500G0674,TUTITOS DE POLLO SUPERPOLLO 500G,"4.090,00"
Sin Tipo,7804609253569,TWCHFU603569,TWENTY'S CHOCOLATE FUDGE 60G,"3.190,00"
Sin Tipo,7804609252630,T3ELECH,TWENTY'S LEMON CHEESCAKE,"3.190,00"
SALUD,7804609252616,TWCH602616,TWENTYS CHOCOLATE BROWNIE 60G,"3.190,00"
Sin Tipo,7804609254177,TEMICHFU254177,TWENTY´'S MINI CHOCOLATE FUDGE 25G,"2.090,00"
SNACKS,7802000016387,TS106387,TWISTOS SABOR JAMON IBERCO 100G,"1.690,00"
SNACKS,7802000016394,TS106394,TWISTOS SABOR QUESO 100G,"1.690,00"
DULCES Y CHOCOLATES,040000514206,T504206,"TWIX 50,7G","1.890,00"
LIMPIEZA,7702137007138,ULQU90,ULTRA QUITAMANCHAS CLORO ROPA BLANCA 90G 90G,"1.890,00"
LACTEOS,78024533,UA804533,UNO AL DIA EN CAJA SABOR FRUTILLA 80ML,490
LACTEOS,7802900238421,UA128421,UNO AL DIA PACK FRUTILLA 12U,"5.390,00"
LACTEOS,7802900238599,UA188599,UNO AL DIA PACK FRUTILLA 18U,"7.490,00"
LACTEOS,7802900238322,UA6U8322,UNO AL DIA PACK FRUTILLA 6U,"2.790,00"
LACTEOS,7802900238445,UA128445,UNO AL DIA PACK MULTIFRUTA 12U,"5.390,00"
LACTEOS,7802900238346,UA6U8346,UNO AL DIA PACK MULTIFRUTA 6U,"2.790,00"
DESPENSA,1234516,UA1U4516,UNO AL DIA UNIDAD 1U,490
LACTEOS,78024540,US804540,UNO SOPROLE FRUTILLA 80ML,490
DESPENSA,8445291178977,VL148545,VAINILLA LATTE INSTANTANEO NESCAFE 8U 148G,"5.490,00"
LIMPIEZA,7702626218687,VR108687,VANISH ROPA BLANCA 100G,"1.890,00"
LIMPIEZA,7891035040191,VS750191,VANISH SUPER BARRA 75G,"2.190,00"
LIMPIEZA,7891035040276,VS750276,VANISH SUPER BARRA COLOR 75G,"2.190,00"
TABAQUERIA,5059362564472,VAFU804472,VAPE FUYL BUBBLEGUM 8000PUFFS,"20.890,00"
TABAQUERIA,5059362599627,VF6009627,VAPER FUYL 600PFF BLUBERRY ICE,"9.790,00"
TABAQUERIA,5059362599634,VF1U9634,VAPER FUYL 600PFF BUBBLEGUM ICE 1U,"9.790,00"
TABAQUERIA,5059362599658,VF1U9658,VAPER FUYL 600PFF SPEARMINT MENTHOL 1U,"9.790,00"
TABAQUERIA,5059362599665,VF1U9665,VAPER FUYL 600PFF VANILLA TOBACCO 1U,"9.790,00"
TABAQUERIA,5059362599672,VF6009672,VAPER FUYL 600PFF WATERMELON ICE,"9.790,00"
TABAQUERIA,5059362564465,VF1U4465,VAPER FUYL 8000PF BLUEBERRY ICE 1U,"20.890,00"
TABAQUERIA,6921426642909,VAIN702909,VAPER INNOBAR 7000PUFFS BLUE RAZZ,"15.990,00"
TABAQUERIA,6921426642978,VAIN702978,VAPER INNOBAR 7000PUFFS TROPICAL GUMMY,"15.990,00"
TABAQUERIA,6921426642930,VAIN702930,VAPER INNOBAR 7000PUFFS WATERMELON ICE,"15.990,00"
TABAQUERIA,6941770064226,VAOX804226,VAPER OXBAR G8000 MANGO ICE,"21.990,00"
TABAQUERIA,6941770064219,OXME804219,VAPER OXBAR G8000 MENTA LIMON,"21.990,00"
TABAQUERIA,6941770053268,VAOX803268,VAPER OXBAR G8000 SANDIA TROPICAL,"21.990,00"
TABAQUERIA,6941770064196,VAOX804196,VAPER OXBAR G8000 TUTTI FRUTTI,"21.990,00"
TABAQUERIA,6932467602029,OXHE222029,VAPER OXBAR MINI 2200 HELADO DE MANGO,"9.990,00"
TABAQUERIA,6932467602050,OXUV222050,VAPER OXBAR MINI 2200 UVA ICE,"9.990,00"
TABAQUERIA,6932467630800,VO22000800,VAPER OXBAR MINI 2200 ARANDANO ICE,"9.990,00"
TABAQUERIA,6932467630916,VO22000916,VAPER OXBAR MINI 2200 LIMON FRUTILLA ICE,"9.990,00"
TABAQUERIA,6932467630879,VO22000879,VAPER OXBAR MINI 2200 MANGO TRIO ICE,"9.990,00"
TABAQUERIA,6932467630848,VO228048,VAPER OXBAR MINI 2200 MENTA TROPICAL,"9.990,00"
TABAQUERIA,6932467630855,VO22000855,VAPER OXBAR MINI 2200 UVA ICE,"9.990,00"
TABAQUERIA,5059362341622,VP6001622,VAPER PRO DINNER LADY BUBBLEGUM ICE 600PUFFS,"9.990,00"
TABAQUERIA,5059362386616,VP6006616,VAPER PRO DINNER LADY P,"9.990,00"
TABAQUERIA,5059362386661,VP6006661,VAPER PRO DINNER LADY RED THUNDER 600PUFFS,"9.990,00"
TABAQUERIA,5059362386630,VP6006630,VAPER PRO DINNER LADY STRAWBERRY ICE CREAM 600PUFFS,"9.990,00"
TABAQUERIA,5059362386692,VP6006692,VAPER PRO DINNER LADY STRAWBERRY WATERMELON 600PUFFS,"9.990,00"
TABAQUERIA,5059362386708,VP6006708,VAPER PRO DINNER LADYN WATERMELON ICE 600PUFFS,"9.990,00"
TABAQUERIA,6932467630886,VO22000886,VAPOR OXBAR MINI 2200 SANDIA ICE,"9.990,00"
TABAQUERIA,6978818935101,VN255101,VAPORIZADOR NEXBAR 25K BLUEBERRY RASPBERRY,"23.990,00"
TABAQUERIA,6978818935057,VN105057,VAPORIZADOR NEXBAR BLUBERRY ICE 10K,"17.990,00"
TABAQUERIA,6977587615108,WN105108,VAPORIZADOR NEXBAR BLUE RAZZ ICE 10K,"17.990,00"
TABAQUERIA,6977587615153,VN105153,VAPORIZADOR NEXBAR BLUEBERRY RASPBERRY 10K,"17.990,00"
TABAQUERIA,6977587615122,WN105122,VAPORIZADOR NEXBAR GRAPE ICE 10K,"18.990,00"
TABAQUERIA,6977587615139,VN105139,VAPORIZADOR NEXBAR STRAWBERRY ICE 10K,"18.990,00"
TABAQUERIA,6977587615146,VN105146,VAPORIZADOR NEXBAR STRAWBERRY MANGO 10K,"18.990,00"
TABAQUERIA,6977587615092,VN105092,VAPORIZADOR NEXBAR WATERMELON ICE 10K,"17.990,00"
TABAQUERIA,6976412954580,VN504580,VAPORIZADOR NEXPOD KIT BLUE RAZZ ICE,"18.990,00"
TABAQUERIA,6978093769989,VN509989,VAPORIZADOR NEXPOD KIT GRAPE APPLE 5000,"18.990,00"
TABAQUERIA,6976975639610,VN509610,VAPORIZADOR NEXPOD KIT MONSTER ICE 5000,"18.990,00"
TABAQUERIA,6975222031825,VN501825,VAPORIZADOR NEXPOD KIT STRAWBERRY MANGO 5000PUFF,"15.990,00"
TABAQUERIA,6975222035137,VAWO505137,VAPORIZADOR NEXPOD KIT WATERMELON ICE 5000 CARAMEL TOBACCO,"18.990,00"
TABAQUERIA,6975222035083,VAWO505083,VAPORIZADOR NEXPOD KIT WATERMELON ICE 5000 MINT,"18.990,00"
TABAQUERIA,6975222031603,VAWO501603,VAPORIZADOR NEXPOD KIT WATERMELON ICE 5000 WATERMELON ICE,"18.990,00"
TABAQUERIA,6971131748595,VN8595,VAPORIZADOR NEXPOD REFILLED MINT,"9.990,00"
TABAQUERIA,6971131745648,VN5648,VAPORIZADOR NEXPOD REFILLED STABERRY MANGO,"9.990,00"
TABAQUERIA,6971131748793,VN8793,VAPORIZADOR NEXPOD REFILLED STRABERRY CONE,"9.990,00"
TABAQUERIA,6976975634936,VN4936,VAPORIZADOR NEXPOD REFILLED WATERMELON ICE,"9.990,00"
TABAQUERIA,6932467627688,VO287688,VAPORIZADOR OXBAR BLUE RAZZ ICE 28000,"25.990,00"
TABAQUERIA,6932467627664,VO287664,VAPORIZADOR OXBAR GRAPE ICE 28000,"25.990,00"
TABAQUERIA,6932467627732,VO287732,VAPORIZADOR OXBAR MIAMI MINT 28000,"25.990,00"
TABAQUERIA,6932467630831,VO220831,VAPORIZADOR OXBAR MINI SANDIA DURAZNO ICE 2200,"9.990,00"
TABAQUERIA,6932467630817,VO220817,VAPORIZADOR OXBAR MINI UVA MANZANA 2200,"9.990,00"
TABAQUERIA,6932467627695,VO287695,VAPORIZADOR OXBAR MIXES BERRIES 28000,"25.990,00"
TABAQUERIA,6932467627701,VO287701,VAPORIZADOR OXBAR TRIPLE MANGO 28000,"25.990,00"
TABAQUERIA,6932467627718,VO287718,VAPORIZADOR OXBAR WATERMELON STRAWBERRY KIWI 28000,"25.990,00"
HIGIENE Y CUIDADO PERSONAL,7805633015956,VD275956,VARITAS DE ALGODON BUBU 270U,"1.790,00"
HIGIENE Y CUIDADO PERSONAL,7804945002197,VD202197,VARITAS DE ALGODON SIMODS 200U,"2.790,00"
BEBES,7804945002074,VS112074,VASELINA SIMONDS 110ML,"3.490,00"
MENAJE Y LIBRERIA,8412497147281,VP1U7281,VASO PLASTICO CON BOMBILLA PARA NIÑOS 1U,"2.590,00"
MENAJE Y LIBRERIA,7861158700821,VP250821,VASO PLASTICO DURO 500CC 25U,"6.090,00"
MENAJE Y LIBRERIA,7898509283917,VB253917,VASOS BICOLOR 500CC 25U,"5.890,00"
Sin Tipo,1507500104294,VF64294,VASOS FTA SHOT 6U,"4.990,00"
Sin Tipo,6094622045246,VC35246,VELA CONTILLON&CARNAVAL NUM 3,"1.090,00"
Sin Tipo,6094622045208,VC5208,VELA CONTILLON&CARNAVAL NUM?,"1.090,00"
Sin Tipo,6094622045215,VC05215,VELA COTILLON&CARNAVAL NUM 0,"1.090,00"
Sin Tipo,6094622045222,VC15222,VELA COTILLON&CARNAVAL NUM 1,"1.090,00"
Sin Tipo,6094622045239,VC25239,VELA COTILLON&CARNAVAL NUM 2,"1.090,00"
MENAJE Y LIBRERIA,7804656037921,VC1U7921,VELA CUMPLEAÑOS MULTICOLOR PALMS 1U,"1.290,00"
MENAJE Y LIBRERIA,6972105919997,VC1U9997,VELA CUMPLEAÑOS NUMEROS BIRTHDAY CANDLE 1U,"1.290,00"
MENAJE Y LIBRERIA,9815632301545,VC1U1545,VELA CUMPLEAÑOS NUMEROS HAPPY BIRTHDAY 1U,"1.290,00"
FERRETERIA,7805025690518,VL4U0518,VELA LUMINOSA SUPER ECONOMICA 4U 5H,"1.290,00"
FERRETERIA,7805025690501,VL4U0501,VELA LUMINOSA SUPER ECONOMICA 4U 7H,"1.290,00"
Sin Tipo,7805475013264,VM123264,VELA MAGICA 12U,"1.990,00"
MENAJE Y LIBRERIA,6094622045253,VM1U5253,VELA MULTICOLOR DE CUMPLEAÑOS NUMERO 4 1U,"1.290,00"
MENAJE Y LIBRERIA,6094622045260,VM1U5260,VELA MULTICOLOR DE CUMPLEAÑOS NUMERO 5 1U,"1.290,00"
MENAJE Y LIBRERIA,6094622045277,VM1U5277,VELA MULTICOLOR DE CUMPLEAÑOS NUMERO 6 1U,"1.290,00"
MENAJE Y LIBRERIA,6094622045284,VM1U5284,VELA MULTICOLOR DE CUMPLEAÑOS NUMERO 7 1U,"1.290,00"
MENAJE Y LIBRERIA,6094622045291,VM1U5291,VELA MULTICOLOR DE CUMPLEAÑOS NUMERO 8 1U,"1.290,00"
MENAJE Y LIBRERIA,6094622045307,VM1U5307,VELA MULTICOLOR DE CUMPLEAÑOS NUMERO 9 1U,"1.290,00"
MENAJE Y LIBRERIA,7804615004513,VC1U4513,VELAS CUMPLEAÑOS DISEÑO 1U,"3.890,00"
MENAJE Y LIBRERIA,737536248088,VD6U8088,VELAS DE CUMPLEAÑOS 6U,"3.790,00"
MENAJE Y LIBRERIA,737536032830,VD6U2830,VELAS DE CUMPLEAÑOS 6U,"3.790,00"
MENAJE Y LIBRERIA,12345113,VN1U5113,VELAS NUMEROS 1U,"1.590,00"
FERRETERIA,7808304316307,VTCH6307,VELAS TEDDY CHICA 4U CH,"1.190,00"
FERRETERIA,7808304316291,VTG6291,VELAS TEDDY GRANDE 4U G,"1.590,00"
QUESOS Y FIAMBRES,7801907010306,VR200306,VIENESAS RECETA TRADICIONAL SAN JORGE 20U,"5.190,00"
DESPENSA,7802356000009,VIMA250009,VINAGRE DE MANZANA TRAVERSO 250ML,"1.590,00"
DESPENSA,7802337101039,VD501039,VINAGRE DE MANZANA TRAVERSO 500ML,"2.690,00"
DESPENSA,7802351000585,VM500585,VINAGRE MANZANA DON JUAN 500ML,"2.090,00"
DESPENSA,7802337102302,VM502302,VINAGRE MANZANA TRAVERSO 500ML,"2.690,00"
DESPENSA,7802337101121,VT501121,VINAGRE TRAVERSO INCOLORO 500ML,"1.590,00"
DESPENSA,7802337101015,VV251015,VINAGRE VINO BLANCO TRAVERSO 250ML,790
DESPENSA,7802351524708,VV504708,VINAGRE VINO BLANCO TRAVERSO 500ML,"1.190,00"
DESPENSA,7802337101022,VV251022,VINAGRE VINO ROSADO TRAVERSO 250ML,890
DESPENSA,7802337101046,VV501046,VINAGRE VINO ROSADO TRAVERSO 500ML,"1.190,00"
BOTILLERIA,7804330141210,V1701210,VINO 120 SANTA RITA SAUVIGNON BLANC 700CC,"3.390,00"
BOTILLERIA,7804330010332,V1150332,VINO 120 SPRITZ ROSATO 1500CC,"6.390,00"
BOTILLERIA,7804300123345,V1753345,VINO 1865 CABERNET SAUVIGNON 750ML,"18.890,00"
BOTILLERIA,7804300150594,V1750594,VINO 1865 CARMENERE 750ML,"18.090,00"
BOTILLERIA,7804300123413,V1753413,VINO 1865 CARMENERE 750ML,"18.090,00"
BOTILLERIA,7804343004137,VILAJOME75,VINO BISQUERETT SINGLE LA JOYA MERLOT 750ML,"14.890,00"
BOTILLERIA,7804343001945,VB751945,VINO BISQUERTT LA JOYA GRAN RESERVA SYRAH 750ML,"10.590,00"
BOTILLERIA,7804320568386,VB2L8386,VINO BLANCO CLOS DE PIRQUE 2L,"5.090,00"
BOTILLERIA,7804320568300,VC1L8300,VINO BLANCO CLOS DE PIRQUE 1L,"3.390,00"
BOTILLERIA,7804320568256,VB508256,VINO BLANCO CLOS DE PIRQUE 500CC,"1.990,00"
BOTILLERIA,7804300155896,VB155896,"VINO BLANCO GATO SELECCION DULCE BOTELLON 1,5L","4.990,00"
BOTILLERIA,7804300159146,VB159146,"VINO BLANCO GATO SELECCION DULCE CHOCOLATE BOTELLON 1,5L","4.990,00"
BOTILLERIA,7804300159191,VB159191,"VINO BLANCO GATO SELECCION DULCE NAVEGADO BOTELLON 1,5L","4.990,00"
BOTILLERIA,7804300122096,VB502096,VINO BLANCO SANTA HELENA 500CC,"1.590,00"
BOTILLERIA,7804320402703,VC752703,VINO CABERNET SAUVIGNON 20 BARRELS LIMITED EDITION 750ML,"22.890,00"
BOTILLERIA,7804320569307,VB1L307,VINO CABERNET SAUVIGNON CLOS DE PIRQUE 1L,"3.390,00"
BOTILLERIA,7804320569383,VC2L9383,VINO CABERNET SAUVIGNON CLOS DE PIRQUE 2L,"5.090,00"
BOTILLERIA,7804320569253,VC509253,VINO CABERNET SAUVIGNON CLOS DE PIRQUE 500CC,"1.990,00"
BOTILLERIA,7808704700058,VC750058,VINO CABERNET SOUVIGNON MISIONES DE RENGO 750CC,"4.190,00"
BOTILLERIA,7809531601594,VC751594,VINO CASAS DEL BOSQUE SYRAH 750ML,"10.790,00"
BOTILLERIA,7804320087016,VC757016,VINO CASILLERO DEL DIABLLO RESERVA CARMENERE 750ML,"7.090,00"
BOTILLERIA,7804320762418,VC75002418,VINO CASILLERO DEL DIABLO CABERNET SAUVIGNON 750ML,"7.490,00"
BOTILLERIA,7804320256900,VC756900,VINO CASILLERO DEL DIABLO CHARDONNAY 750CC,"5.890,00"
BOTILLERIA,7804320760131,CD750131,VINO CASILLERO DEL DIABLO FABULOUS RED 750CC,"7.090,00"
BOTILLERIA,7804320760117,CD750117,VINO CASILLERO DEL DIABLO FANTASTIC SWEET 750CC,"7.090,00"
BOTILLERIA,7804320303178,VC753178,VINO CASILLERO DEL DIABLO RESERVA CABERNET SAUVIGNON 750ML,"7.090,00"
BOTILLERIA,7804320746685,VC706685,VINO CASILLERO DEL DIABLO RESERVA ESPECIAL CABERNET SAIVIGNON 750CC,"8.990,00"
BOTILLERIA,7804320753331,VC753331,VINO CASILLERO DEL DIABLO RESERVA ESPECIAL CARMENERE 750CC,"8.990,00"
BOTILLERIA,7804320750927,VC750927,VINO CASILLERO DEL DIABLO RESERVA ESPECIAL MERLOT 750CC,"8.990,00"
BOTILLERIA,7804320985633,VC755633,VINO CASILLERO DEL DIABLO RESERVA MERLOT 750ML,"7.090,00"
BOTILLERIA,7804320301174,VC751174,VINO CASILLERO DEL DIABLO SAUVIGNON BLANC 750CC,"7.090,00"
BOTILLERIA,7804300010614,VC750614,VINO CASTILLO DE MOLINA CABERNET SAUVIGNON 750ML,"10.490,00"
BOTILLERIA,7804300129491,VICA759491,VINO CASTILLO DE MOLINA GR SAUVIGNON BLANC 750ML,"10.290,00"
BOTILLERIA,7804300158422,VC758422,VINO CASTILLO DE MOLINA RED BLEND 750ML,"10.690,00"
BOTILLERIA,7804644589425,VICH759425,VINO CHARDONNAY COBRERO 750CC,"7.490,00"
BOTILLERIA,5801420569253,VC5009253,VINO CLOS DE PIRQUE CABERNET SAUVIGNON 500CC,"2.290,00"
BOTILLERIA,7804320640464,CS150464,VINO CLOS DE PIRQUE CABERNET SAUVIGNON BOTELLON 1500CC,"4.690,00"
BOTILLERIA,7804320723655,BC153655,VINO CLOS DE PIRQUE CARM-CABER SAUVIGNON BOTELLON 1500CC,"5.190,00"
BOTILLERIA,7804320627243,BC157243,VINO CLOS DE PIRQUE MERLOT BOTELLON 1500CC,"5.190,00"
BOTILLERIA,7804320328164,LH378164,VINO CONCHA Y TORO LATE HARVEST 375CC,"4.890,00"
BOTILLERIA,7804320384382,VC754382,VINO CONCHA Y TORO THE WINE CABERNET SAUVIGNON 750CC,"11.990,00"
BOTILLERIA,7804320384252,VC754252,VINO CONCHA Y TORO THE WINE CARMENERE 750CC,"11.990,00"
BOTILLERIA,7804305000818,VC7500818,VINO COUSIÑO MACUL DON LUIS RESERVA CABERNET SAUVIGNON 750 ML,"6.890,00"
BOTILLERIA,7804305000825,VC7500825,VINO COUSIÑO MACUL DON LUIS RESERVA MERLOT 750 ML,"6.890,00"
BOTILLERIA,7804305000849,VICO750849,VINO COUSIÑO MACUL RESERVA CARMENERE 750ML,"6.890,00"
BOTILLERIA,7804606221486,VC751486,VINO CUCAO CARMENERE 750ML,"8.390,00"
BOTILLERIA,7804320750552,VD750552,VINO DIABLO CABERNET SAUVIGNON 750ML,"9.590,00"
BOTILLERIA,7804320746104,VD756104,VINO DIABLO DARK RED 750ML,"9.590,00"
BOTILLERIA,7804320758626,VD758626,VINO DIABLO DEEP CARMENERE 750CC,"9.590,00"
BOTILLERIA,7804320758640,VD7508640,VINO DIABLO PURPLE MALBEC 750ML,"9.590,00"
BOTILLERIA,7804320761718,VD751718,VINO DIABLO VELVET MERLOT 750ML,"9.690,00"
BOTILLERIA,7804320756714,VD756714,VINO DIABLO VOLCANIC CAB 750ML,"11.490,00"
BOTILLERIA,7804305000764,VD750764,VINO DON MATIAS CABERNET SAUVIGNON 750ML,"8.390,00"
BOTILLERIA,7804305000788,VD750788,VINO DON MATIAS CARMENERE 750ML,"8.990,00"
BOTILLERIA,7804454000325,VD750325,VINO DOÑA DOMINGA CABERNET SAUVIGNON 750CC,"5.190,00"
BOTILLERIA,7804454001001,VIDODOCA751001,VINO DOÑA DOMINGA CARMENERE 750CC,"5.190,00"
BOTILLERIA,7804320150611,VE700611,VINO EMILIANA CABERNET SAUVIGNON 700CC,"3.790,00"
BOTILLERIA,7804320759166,VE2L9166,VINO ENSAMBLAJE BLANCO CLOS DE PIRQUE GRAN SELECCIÓN 2L,"5.390,00"
BOTILLERIA,7804335006132,ESLA256132,VINO ESPUMANTE EN LATA CARMEN 250ML,"2.990,00"
BOTILLERIA,7802180068169,VE758169,VINO ESPUMANTE VALDIVIESO BRUT 750ML,"7.890,00"
BOTILLERIA,7802180068107,VE758107,VINO ESPUMANTE VALDIVIESO ROSE 750ML,"7.890,00"
BOTILLERIA,7804320749211,VE709211,VINO EXPORTACION CABERNET SAUVIGNON 700ML,"3.090,00"
BOTILLERIA,7804320749228,VE709228,VINO EXPORTACION CARMENERE CABERNET SAUVIGNON 700ML,"3.090,00"
BOTILLERIA,7804320760001,VE150001,"VINO EXPORTACION RESERVADO 1,5L","5.590,00"
BOTILLERIA,7804320365848,VE155848,"VINO EXPORTACION SELECTO CABERNET SAUVIGNON 1,5L","4.690,00"
BOTILLERIA,7804320764221,VE154221,"VINO EXPORTACION SELECTO FRUTAL CEREZA 1,5L","5.990,00"
BOTILLERIA,7804320761756,ES151756,"VINO EXPORTACIÓN SELECTO FRUTAL DURAZNO 1,5L","5.590,00"
BOTILLERIA,7804320760872,ES100872,"VINO EXPORTACIÓN SELECTO FRUTAL FRUTILLA & NARANJA 1,5L","5.590,00"
BOTILLERIA,7804320761749,ES151749,"VINO EXPORTACIÓN SELECTO FRUTAL FRUTILLA BORGOÑA 1,5L","5.590,00"
BOTILLERIA,7804320760889,ES150889,"VINO EXPORTACIÓN SELECTO FRUTAL MELVIN 1,5L","5.590,00"
BOTILLERIA,7804320760018,ES150018,"VINO EXPORTACIÓN SELECTO FRUTAL NARANJA & MANZANA 1,5L","5.590,00"
BOTILLERIA,7804320761763,VE151763,"VINO EXPORTACION SELECTO FRUTAL TERREMOTO 1,5L","5.090,00"
BOTILLERIA,7804320762814,VN152814,"VINO EXPORTACION SELECTO FRUTAL TROPICAL 1,5L","5.090,00"
BOTILLERIA,7804320365831,VE155831,"VINO EXPORTACION SELECTO MERLOT 1,5","5.990,00"
BOTILLERIA,7804320749204,VE709204,VINO EXPORTACION SELECTO SAUVIGNON BLANC 700ML,"3.190,00"
BOTILLERIA,7804320646732,VE16732,"VINO EXPORTACION SELECTO VINO BLANCO CONCHA Y TORO 1,5L","4.690,00"
BOTILLERIA,7804300121457,VIGABL2L1457,VINO GATO BLANCO 2L,"5.290,00"
BOTILLERIA,7804300122157,VG5002157,VINO GATO BLANCO 500ML,"2.290,00"
BOTILLERIA,7804300122928,VIGACASA152928,VINO GATO CABERNET SAUVIGNON 1500CC,"5.690,00"
BOTILLERIA,7804300121440,VG21440,VINO GATO CABERNET SAUVIGNON 2L,"6.690,00"
BOTILLERIA,7804300122140,VC502140,VINO GATO CAJA CABERNET SAUVIGNON 500ML,"2.190,00"
BOTILLERIA,7804300137595,VG15007595,VINO GATO CARMENER 1500CC,"6.090,00"
BOTILLERIA,7804300131715,VIGAME151715,VINO GATO MERLOT 1500CC,"5.690,00"
BOTILLERIA, 7804300122935 ,VIGA157804,VINO GATO MERLOT 1500CC VINO GATO BLANCO 1500CC,"5.690,00"
BOTILLERIA,7804300131692,VG2L1692,VINO GATO MERLOT 2L,"5.890,00"
BOTILLERIA,7804300143657,VG753657,VINO GATO PREMIUM CABERNET SAUVIGNON 750CC,"3.990,00"
BOTILLERIA,7804300158620,VIGASEDUBOFR1.8620,VINO GATO SELECCION DULCE BORGOÑA FRUTILLA 1.5ML,"5.690,00"
BOTILLERIA,7804300158606,VIGASEDUCH158606,VINO GATO SELECCION DULCE CHIRIMOYA 1500CC,"5.690,00"
BOTILLERIA,7804300157388,"VG1,7388","VINO GATO SELECCION DULCE ROSE 1,5L","5.690,00"
BOTILLERIA,7804640499483,VIGR759483,VINO GRAN RESERVA CABRO GRANDE 750ML,"8.590,00"
BOTILLERIA,7804300122959,VG752959,VINO GRAN RESERVA CARMENERE CASTILLO DE MOLINA  750CC,"10.390,00"
BOTILLERIA,7804300121396,VG751396,VINO GRAN RESERVA MERLOT CASTILLO DE MOLINA 750CC,"10.390,00"
BOTILLERIA,7804305000771,VG750771,VINO GRAN RESERVA MERLOT DON MATIAS COUSIÑO-MACUL 750CC,"8.390,00"
BOTILLERIA,781159943904,VH753904,VINO HAND HARVEST BESTIA GOLD CARMENERE 750ML,"20.990,00"
BOTILLERIA,7804343004120,VL754120,VINO LA JOYA CABERNET SAUVIGNON 750ML,"14.990,00"
BOTILLERIA,7804343001938,VL751938,VINO LA JOYA GRAN RESERVA SAUVIGNON BLANC 750ML,"10.390,00"
BOTILLERIA,7804320760025,VL750025,VINO LATE HARVEST CASILLERO DEL DIABLO 750CC,"8.390,00"
BOTILLERIA,7808704701123,VL751123,VINO LATE HARVEST MISIONES DE RENGO 750CC,"7.190,00"
BOTILLERIA,7804320753317,VL373317,VINO LATE HARVEST ROSE 375CC,"4.890,00"
BOTILLERIA,7804340905109,VL505109,VINO LATE HARVEST TARAPACA 500CC,"5.790,00"
BOTILLERIA,7804340902641,VL752641,VINO LEON TARAPACA CARMENERE 750CC,"3.790,00"
BOTILLERIA,7808734200146,VL750146,VINO LEYDA SYRAH 2020 750CC,"7.290,00"
BOTILLERIA,7804300155476,VM3505476,VINO MANQUEHUITO FRUTOS ROJOS 350ML,"1.490,00"
BOTILLERIA,7804300156084,VM7506084,VINO MANQUEHUITO FRUTOS ROJOS 750ML,"3.890,00"
BOTILLERIA,7804300132835,VM3502835,VINO MANQUEHUITO PIÑA COOLER 350ML,"1.490,00"
BOTILLERIA,7804320411149,VM751149,VINO MARQUES CHARDONAY 750CC,"17.190,00"
BOTILLERIA,7804320761862,VM751862,VINO MARQUES DE CASA CONCHA BLUE CARMENERE 750ML,"24.290,00"
BOTILLERIA,7804320333175,VM753175,VINO MARQUES DE CASA Y CONCHA CABERNET SAUVIGNON 750ML,"17.990,00"
BOTILLERIA,7804320365039,VM755039,VINO MARQUES DE CASA Y CONCHA CARMENERE 750ML,"17.990,00"
BOTILLERIA,7804320253480,VM753480,VINO MARQUES DE CASA Y CONCHA MERLOT 750ML,"17.990,00"
BOTILLERIA,7804330010004,VM150004,VINO MELVIN 120 SABORES 1.5LT,"5.090,00"
BOTILLERIA,7804644581184,VIME751184,VINO MEREQUETENGUE RED WINE SEMI SWEET 750CC,"6.890,00"
BOTILLERIA,7804320129914,VM1L9914,VINO MERLOT CLOS DE PIRQUE 1L,"3.590,00"
BOTILLERIA,7804320129907,VM2L9907,VINO MERLOT CLOS DE PIRQUE 2L,"5.390,00"
BOTILLERIA,8410113005298,VM7505298,VINO MIGUEL TORRES CABERNET SAUVIGNON GRAN RESERVA 750ML,"12.890,00"
BOTILLERIA,7804626930054,VM750054,VINO MIGUEL TORRES GRAN RESERVA CARMENERE 750ML,"12.890,00"
BOTILLERIA,7804300158026,VM758026,VINO MISION CARMENERE MISIONES DE RENGO 750CC,"7.990,00"
BOTILLERIA,7808704701093,VM751093,VINO MISION MEDIUM SWEET CABERNET SAUVIGNON MISIONES DE RENGO 750CC,"7.990,00"
BOTILLERIA,7808704701109,VM751109,VINO MISION RED BLEND MISIONES DE RENGO 750CC,"7.990,00"
BOTILLERIA,7804300157517,VM757517,VINO MISION SAUVIGNON BLANC MISIONES DE RENGO 750CC,"7.990,00"
BOTILLERIA,7808704700072,VM750072,VINO MISIONES DE RENGO CHARDONAY 750ML,"4.390,00"
BOTILLERIA,7804300157395,LH757395,VINO MISIONES DE RENGO LATE HARVEST ROSE 750CC,"7.390,00"
BOTILLERIA,7808704700140,VC750140,VINO MISIONES DE RENGO MERLOT 750CC,"4.190,00"
BOTILLERIA,7808704700034,VC750034,VINO MISIONES DE RENGO MERLOT 750CC,"4.190,00"
BOTILLERIA,7808704700089,VM750089,VINO MISIONES DE RENGO RESERVA CHARDONAY 750CC,"7.090,00"
BOTILLERIA,7804600771338,VO751338,VINO OVEJA NEGRA CABERNET FRANC CARMENERE 750CC,"6.690,00"
BOTILLERIA,7804600772762,VO752762,VINO OVEJA NEGRA CARMENERE MERLOT 750CC,"7.840,00"
BOTILLERIA,7804315001065,VP751065,VINO PINOT UNDURRAGA CABERNET SAUVIGNON 750CC,"4.590,00"
BOTILLERIA,7603014959079,VP2L9079,VINO PIPEÑO LA ARENA 2L,"3.290,00"
BOTILLERIA,9780201379624,VP59624,VINO PIPEÑO VIÑA LA ARENA BLANCO 5L,"5.990,00"
BOTILLERIA,7804644580002,VIPO750002,VINO POR FIN ENSAMBLAJE TINTO 2021 750ML,"25.690,00"
BOTILLERIA,7808704700157,VR750157,VINO RESERVA CABERNET SOUVIGNON MISIONES DE RENGO 750CC,"6.990,00"
BOTILLERIA,7808704700003,VR750003,VINO RESERVA CARMENERE MISIONES DE RENGO 750CC,"5.090,00"
BOTILLERIA,7808704700195,VR750195,VINO RESERVA MERLOT MISIONES DE RENGO 750CC,"6.890,00"
BOTILLERIA,7804320214085,VR754085,VINO RESERVA PALO ALTO CABERNET SAUVIGNON 750CC,"5.990,00"
BOTILLERIA,7804320272252,VR752252,VINO RESERVA PRIVADA CASILLERO DEL DIABLO CABE. SAUV. 750ML,"10.890,00"
BOTILLERIA,7804320626895,VR756895,VINO RESERVA PRIVADA CASILLERO DEL DIABLO CARMENERE 750ML,"10.890,00"
BOTILLERIA,7808704700218,VR750218,VINO RESERVA SAUVIGNON BLANC MISIONES DE RENGO 750CC,"6.990,00"
BOTILLERIA,7802940053282,VR753282,VINO RESERVA TORO DE PIEDRA CARMENERE 750CC,"5.790,00"
BOTILLERIA,7802940053299,VR753299,VINO RESERVA TORO DE PIEDRA RESERVA SAUVIGNON BLANC 750ML,"8.090,00"
BOTILLERIA,7804319005007,VS755007,VINO SANTA EMA CABERNET SAUVIGNON 750CC,"9.190,00"
BOTILLERIA,7804319003003,VS753003,VINO SANTA EMA CABERNET SAUVIGNON 750ML,"9.190,00"
BOTILLERIA,7804319009241,VS759241,VINO SANTA EMA CARMENERE 750ML,"9.190,00"
BOTILLERIA,7804319009081,VS379081,VINO SANTA EMA SELECT TERROIR RESERVA CABERNET SAUVIGNON 375CC,"4.390,00"
BOTILLERIA,7804320343112,VS703112,VINO SANTA EMILIANA CABERNET SAUVIGNON 700CC,"3.790,00"
BOTILLERIA,7804320110950,VS750950,VINO SANTA EMILIANA CARMENERE 750CC,"3.790,00"
BOTILLERIA,7804320098784,VS708784,VINO SANTA EMILIANA MERLOT 700CC,"3.790,00"
BOTILLERIA,7804320756592,VS706592,VINO SANTA EMILIANA SAUVIGNON BLANC 700CC,"3.890,00"
BOTILLERIA,7804320341118,VS701118,VINO SANTA EMILIANA SAUVIGNON BLANC 700CC,"3.990,00"
BOTILLERIA,7804300122089,VS502089,VINO SANTA HELENA 500CC,"1.590,00"
BOTILLERIA,7804300123925,VS2L3925,VINO SANTA HELENA BLANCO 2L,"5.390,00"
BOTILLERIA,7804300158231,CS2L8231,VINO SANTA HELENA ROSE 2L,"5.390,00"
BOTILLERIA,7804300123918,VS2L23918,VINO SANTA HELENA TINTO 2L,"5.390,00"
BOTILLERIA,7804330141111,VS701111,VINO SANTA RITA 120 TRES MEDALLAS CABERNET 700CC,"4.090,00"
BOTILLERIA,7804330000944,VS700944,VINO SANTA RITA 120 TRES MEDALLAS CARMENERE 700CC,"4.090,00"
BOTILLERIA,7804330001828,VS701828,VINO SANTA RITA 120 TRES MEDALLAS MERLOT 700CC,"4.090,00"
BOTILLERIA,7804330004362,VS154362,"VINO SANTA RITA CARMENERE 1,5L","4.990,00"
BOTILLERIA,7804330121113,VS751113,VINO SANTA RITA MEDALLA REAL RESERVA CABERNET SAUVIGNON 750 CC,"6.190,00"
BOTILLERIA,7804330007554,VS757554,VINO SANTA RITA MEDALLA REAL RESERVA MALBEC 750CC,"6.190,00"
BOTILLERIA,7804330006946,VS756946,VINO SANTA RITA MEDALLA REAL RESERVA SYRAH 750CC,"6.190,00"
BOTILLERIA,7804330143245,VS4U3245,VINO SANTA RITA SAUVIGNON BLANC 187ML 4U,"4.390,00"
BOTILLERIA,7804644581658,VISA751658,VINO SAUVIGNON BLANC JANO 750CC,"7.590,00"
BOTILLERIA,7808704700065,VS750065,VINO SAUVIGNON BLANC MISIONES DE RENGO 750CC,"4.190,00"
BOTILLERIA,7804320749235,VT709235,VINO SELECTO EXPORTACIÓN MERLOT 700ML,"3.090,00"
BOTILLERIA,851764002850,VISI182850,VINO SIERRA BATUCO RESERVA 187.5CC CABERNET SAUVIGNON,"3.990,00"
BOTILLERIA,851764002416,VISI182416,VINO SIERRA BATUCO RESERVA 187.5CC CARMENERE,"2.090,00"
BOTILLERIA,851764002829,VISI182829,VINO SIERRA BATUCO RESERVA 187.5CC SAUVIGNON BLANC,"2.090,00"
BOTILLERIA,7804340909039,VT759039,VINO TARAPACA CABERNET SAUVIGNON RESERVA 750ML,"7.190,00"
BOTILLERIA,7804340909053,VT759053,VINO TARAPACÁ GRAN RESERVA CABERNET SAUVIGNON 750ML,"13.290,00"
BOTILLERIA,7804330352111,VT152111,"VINO TINTO 120 CABERNET SAUVIGNON 1,5L","4.690,00"
BOTILLERIA,7804330003730,VT153730,"VINO TINTO 120 MERLOT 1,5L","4.690,00"
BOTILLERIA,7804300151829,VT151829,"VINO TINTO DULCE GATO 1,5L","5.690,00"
BOTILLERIA,7804320058931,VT158931,"VINO TINTO EXPORTACION SELECTO CABERNET SAUVIGNON 1,5L","4.690,00"
BOTILLERIA,7804320389318,VT159318,"VINO TINTO EXPORTACION SELECTO CARMENERE 1,5L","4.690,00"
BOTILLERIA,7802940730701,VT750701,VINO TORO DE PIEDRA GRAN RESERVA CABERNET SAUVIGNON 750CC,"12.590,00"
BOTILLERIA,7802940001795,VT751795,VINO TORO DE PIEDRA GRAN RESERVA CARMENERE 750ML,"12.590,00"
BOTILLERIA,7802940016706,VT756706,VINO TORO DE PIEDRA GRAN RESERVA MERLOT 750CC,"12.590,00"
BOTILLERIA,7802940053275,VT753275,VINO TORO DE PIEDRA RESERVA CABERNET SAUVIGNON 750CC,"5.790,00"
BOTILLERIA,7804315001140,VU751140,VINO UNDURRAGA VIEJO ROBLE CABERNET 750CC,"5.690,00"
BOTILLERIA,7804619040265,VIVECASAGRRE0265,VINO VERAMONTE CABERNET SAUVIGNON GRAN RESERVA,"11.490,00"
BOTILLERIA,793573200877,VIME750877,VINO VIEJO FEO 2020 RESERVA 750CC MERLOT,"8.990,00"
BOTILLERIA,7808726906629,VIPI756629,VINO VIEJO FEO 2020 RESERVA 750CC PINOT NOIR,"8.990,00"
BOTILLERIA,793573200846,VV750846,VINO VIEJO FEO CARMENERE 750CC,0
BOTILLERIA,7808726903925,VIVI203925,VINO VIEJO FEO GRAN RESERVA 2019 750CC CABERNET SAUVIGNON,"12.890,00"
BOTILLERIA,7808726902874,VV752874,VINO VIEJO FEO MERLOT RESERVA 750CC,0
BOTILLERIA,7808726900030,VV750030,VINO VIEJO FEO RESERVA CABERNET SAUVIGNON 750CC,0
BOTILLERIA,7804340901170,VG7501170,VINO VIÑA TARAPA MERLOT GRAN RESERVA 750ML,"13.990,00"
BOTILLERIA,7804340901613,VV751613,VINO VIÑA TARAPACA CARMENERE 750CC,"7.190,00"
BOTILLERIA,7804315003854,VV753854,VINO VOLCANES CARMENERE 750ML,"5.890,00"
LIMPIEZA,1234564899,VD1U4899,VIRUTILLA DORADA VIRUTEX 1U,790
LIMPIEZA,7804657020007,VK10007,VIRUTILLA KEY DORADA 1U,"2.490,00"
LIMPIEZA,7804657020076,VK10076,VIRUTILLA KEY N°2 DE PISO 1U,"1.590,00"
LIMPIEZA,6944260500013,VM1U0013,VIRUTILLA METALICA CHINA 1U,390
DESPENSA,7800120162236,VC362236,VIVO CHECK CACAO 360G,"4.090,00"
BOTILLERIA,7312040350261,VOABPE38750261,VODKA ABSOLUT PEARS 38° 750CC,"16.090,00"
BOTILLERIA,7312040090754,VA750754,VODKA ABSOLUT CITRON 750CC,"16.090,00"
BOTILLERIA,7312040350216,VA750216,VODKA ABSOLUT MANGO 750CC,"16.090,00"
BOTILLERIA,7312040017034,VA1L7034,VODKA ABSOLUT ORIGINAL 1L,"19.590,00"
BOTILLERIA,7312040017010,VA757010,VODKA ABSOLUT ORIGINAL 750CC,"13.190,00"
BOTILLERIA,7312040350063,VA750063,VODKA ABSOLUT RASPBERRI 750CC,"16.090,00"
BOTILLERIA,7802105000991,VE1L0991,VODKA ERISTOFF BLACK 1L,"9.490,00"
BOTILLERIA,5010677801553,VE1553,VODKA ERISTOFF BLACK 700ML,"8.690,00"
BOTILLERIA,7501008660751,VE1L0751,VODKA ERISTOFF ORIGINAL 1L,"8.290,00"
BOTILLERIA,7610113030318,VE7030318,VODKA ERISTOFF PINK 700ML,"8.690,00"
BOTILLERIA,5010677800754,VE700754,VODKA ERISTOFF PREMIUM 700CC,"7.490,00"
BOTILLERIA,4750021000164,VOST40100164,VODKA STOLICHNAYA 40° 1000CC,"14.890,00"
BOTILLERIA,811751020601,VS750601,VODKA STOLICHNAYA ELIT 750ML,"49.190,00"
BOTILLERIA,4750021000157,VS750157,VODKA STOLICHNAYA PREMIUM 750CC,"12.090,00"
MASCOTAS,6927749830153,WABE100153,WANPY BEEF 100G,"6.490,00"
MASCOTAS,6927749810896,WACH100896,WANPY CHICKEN 100G,"6.490,00"
MASCOTAS,6927749820123,WADU100123,WANPY DUCK 100G,"6.490,00"
MASCOTAS,6927749870234,WALA900234,WANPY LAMB 90G,"3.190,00"
CANDYLAND,32134265062,WB855062,WARHEADS BLUE RASPERRY CUBES THEATER 85GR,"3.990,00"
DULCES Y CHOCOLATE,032134232217,WC142217,WARHEADS CHEWY CUBES SOUR BERRY 141G,"4.990,00"
USAMARKET,032134239100,WC569100,WARHEADS CUBES BAG 56G,"2.490,00"
USAMARKET,032134239179,WC99,WARHEADS CUBES BLUERASPBERRY 99GR,"3.990,00"
CANDYLAND,032134235010,WJ115010,WARHEADS JELLY BEANS SOUR 113G,"3.990,00"
CANDYLAND,032134210420,WALIWO990420,WARHEADS LIL WORMS 99G,"3.990,00"
DULCES Y CHOCOLATES,32134210420,WL990420,WARHEADS LIL'WORMS 99G,"3.990,00"
CANDYLAND,032134212264,WAOOCH992264,WARHEADS OOZE CHEWZ 99G,"3.990,00"
DULCES Y CHOCOLATES,83933262981,WS9G2981,WARHEADS SOUR POPPING CANDY WATERMELON BAG 9G,"1.990,00"
DULCES Y CHOCOLATES,032134240502,WS640502,WARHEADS SOUR WATERMELON SQUEEZE CANDY 64G,"3.990,00"
USAMARKET,032134228005,WS308005,WARHEADS SUPER SOUR DOUBLE DROPS 30ML,"3.990,00"
USAMARKET,032134217009,WS207009,WARHEADS SUPER SOUR SPRAY 20ML,"3.990,00"
BEBIDAS,7801620002343,WT152343,"WATTS TUTTIKIWI 1,5L","2.090,00"
MASCOTAS,7896029047101,WM857101,WHISKAS 2-12 MESES SABOR CARNE 85G,"1.090,00"
MASCOTAS,7797453972345,WS1K2345,WHISKAS SABOR CARNE 1K,"7.090,00"
MASCOTAS,7797453972260,WS1K2260,WHISKAS SABOR CARNE Y LECHE 1K,"7.090,00"
MASCOTAS,7797453972291,WS1K2291,WHISKAS SABOR PESCADO 1K,"7.090,00"
MASCOTAS,7797453972390,WS1K2390,WHISKAS SABOR POLLO 1K,"7.090,00"
MASCOTAS,7797453973144,WS1K3144,WHISKAS SABOR SALMON 1K,"7.090,00"
BOTILLERIA,96749021246,WE751246,WHISKEY EVAN WILLIAMS 750CC,"26.990,00"
BOTILLERIA,96749002672,WE752672,WHISKEY EVAN WILLIAMS APPLE 750CC,"26.990,00"
BOTILLERIA,96749000906,WE750906,WHISKEY EVAN WILLIAMS PEACH 750CC,"20.290,00"
BOTILLERIA,5000299628034,WB708034,WHISKY BALLANTINES 7 AÑOS 700CC,"20.190,00"
BOTILLERIA,5000299628355,WB708355,WHISKY BALLANTINES SABOR CEREZA 30° 700ML,"13.690,00"
BOTILLERIA,5010106111925,WB1L1925,WHISKY BALLENTINES 1L,"17.990,00"
BOTILLERIA,5010106111536,WB1536,WHISKY BALLENTINES 750ML,"15.490,00"
BOTILLERIA,50196388,WHBU756388,WHISKY BUCHANAN´S DELUXE 750CC,"39.290,00"
BOTILLERIA,080432400432,WC1L0395,WHISKY CHIVAS REGAL 12 AÑOS 40° 1L,"46.190,00"
BOTILLERIA,080432400395,WC750395,WHISKY CHIVAS REGAL 12 AÑOS 40° 750ML,"41.590,00"
BOTILLERIA,96749021284,WE751284,WHISKY EVAN WILLIAMS FIRE 750CC,"20.290,00"
BOTILLERIA,96749021802,WE751802,WHISKY EVAN WILLIAMS HONEY RESERVE 750CC,"20.290,00"
BOTILLERIA,96749021345,WE751345,WHISKY EVANS WILLIAMS 750ML,"26.990,00"
BOTILLERIA,088004144678,WF1L4678,WHISKY FIREBALL CINNAMON 1L,"21.590,00"
BOTILLERIA,88004146689,WF756689,WHISKY FIREBALL CINNAMON 750ML,"19.590,00"
BOTILLERIA,082184038727,WG758727,WHISKY GENTLEMAN JACK  750CC,"41.590,00"
BOTILLERIA,5000281003160,WG753160,WHISKY GRAND OLD PARR 12 AÑOS 750ML,"32.190,00"
BOTILLERIA,7804320751825,WG751825,WHISKY GUILIGANS 750CC,"14.090,00"
BOTILLERIA,082184090466,JD750466,WHISKY JACK DANIELS 750CC,"34.890,00"
BOTILLERIA,082184090442,JD1L0442,WHISKY JACK DANIELS 1L,"40.490,00"
BOTILLERIA,082184004364,WJ1L4364,WHISKY JACK DANIELS APPLE 1L,"40.490,00"
BOTILLERIA,082184004371,WJ754371,WHISKY JACK DANIELS APPLE 750ML,"34.890,00"
BOTILLERIA,7802101001602,WJ751602,WHISKY JACK DANIELS APPLE+VASO 750ML,"44.990,00"
BOTILLERIA,082184008737,WJ758737,WHISKY JACK DANIELS BLACKBERRY 750CC,"34.890,00"
BOTILLERIA,082184001172,WJ751172,WHISKY JACK DANIELS FIRE 750ML,"34.890,00"
BOTILLERIA,082184000328,WK1L0328,WHISKY JACK DANIELS HONEY 1 L,"40.490,00"
BOTILLERIA,082184000335,WJ750335,WHISKY JACK DANIELS HONEY 750ML,"34.890,00"
BOTILLERIA,82184087008,JD757008,WHISKY JACK DANIELS SINGLE BARREL SELECT 750CC,"71.290,00"
BOTILLERIA,082184201916,JD750191,WHISKY JACK DANIELS TENNESSEE HONEY 750ML & VASO ALTO,"37.990,00"
BOTILLERIA,5000267023601,WJ1L3601,WHISKY JOHNNIE WALKER BLACK LABEL 1L,"47.190,00"
BOTILLERIA,5000267024011,WJ754011,WHISKY JOHNNIE WALKER BLACK LABEL 750CC,"32.690,00"
BOTILLERIA,5000267190556,WJ750556,WHISKY JOHNNIE WALKER BLOND 750ML,"17.190,00"
BOTILLERIA,5000267116419,JW756419,WHISKY JOHNNIE WALKER DOUBLE BLACK 750ML,"46.590,00"
BOTILLERIA,5000267013602,WJ1L3602,WHISKY JOHNNIE WALKER RED LABEL 1LITRO,"20.690,00"
BOTILLERIA,5000267014005,JW754005,WHISKY JOHNNIE WALKER RED LABEL 750ML,"17.190,00"
BOTILLERIA,5000267091013,JOWA751013,WHISKY JOHNNIE WALKER SWING 750ML,"56.590,00"
BOTILLERIA,5000265001328,WW1L01328,WHISKY WHITE HORSE 1L,"14.790,00"
BOTILLERIA,5000265001007,WW751007,WHISKY WHITE HORSE 750CC,"11.490,00"
TABAQUERIA,6977587615160,WN105160,WOTOFO NEXBAR PEACH ICE 10K,"17.990,00"
SNACK,799192222580,XM132580,XNACK MADURITOS PLATANO DULCE NATURAL 135GR,"2.990,00"
CANDYLAND,72320600017,YY570017,YAN YAN 57G,"1.990,00"
DESPENSA,7790710334603,YM504603,YERBA MATE CBSE DE GUARANA 500GR,"7.190,00"
DESPENSA,7790710334610,YM504610,YERBA MATE CBSE DE POMELO 500GR,"7.190,00"
DESPENSA,7790710334535,YM504535,YERBA MATE CBSE HIERBAS SERRNAS 500GR,"7.190,00"
DESPENSA,7801875067036,YM507036,YERBA MATE JAVIERA 500G,"4.190,00"
DESPENSA,7801875068033,YM508033,YERBA MATE SUPREMO 500G,"4.090,00"
LACTEOS,7802900130114,YB150114,YOGHURT BATIDO NATURAL SOPROLE 155G,590
LACTEOS,7802920010830,YOBA120830,YOGHURT BATIDO SIN LACTOSA COLUN 120G,490
LACTEOS,7802900300302,YOBA160302,YOGHURT BATIDO SOPROLE 165G CHIRIMOYA,690
LACTEOS,7802900300029,YOBA160029,YOGHURT BATIDO SOPROLE 165G FRUTILLA,690
LACTEOS,7802900300050,YOBA160050,YOGHURT BATIDO SOPROLE 165G VAINILLA,690
LACTEOS,7802900234256,BAVI124256,YOGHURT BATIDO VAINILLA SIN AZUCAR SOPROLE 120G,390
LACTEOS,7802920001005,YOCO121005,YOGHURT COLUN 125G CEREZA,390
LACTEOS,7802920000961,YOCO120961,YOGHURT COLUN 125G DAMASCO,390
LACTEOS,7802920000947,YOCO120947,YOGHURT COLUN 125G FRAMBUESA,390
LACTEOS,7802920000930,YOCO120930,YOGHURT COLUN 125G FRUTILLA,390
LACTEOS,7802920000978,YOCO120978,YOGHURT COLUN 125G MORA,390
LACTEOS,7802920000923,YOCO120923,YOGHURT COLUN 125G NATURAL,390
LACTEOS,7802920000992,YOCO120992,YOGHURT COLUN 125G PIÑA,390
LACTEOS,7802920000985,YOCO120985,YOGHURT COLUN 125G PLATANO,390
LACTEOS,7802920000954,YOCO120954,YOGHURT COLUN 125G VAINILLA,390
LACTEOS,7802920010847,YC120847,YOGHURT COLUN CHIRIMOYA LIGHT SIN LACTOSA 120GR,490
LACTEOS,7802920010670,YC120670,YOGHURT COLUN CHIRIMOYA SIN LACTOSA 120GR,490
LACTEOS,7802920004969,YC124969,YOGHURT COLUN DAMASCO SIN LACTOSA 125GR,490
LACTEOS,7802920010823,YC120823,YOGHURT COLUN FRUTILLA LIGHT SIN LACTOSA 120GR,490
LACTEOS,7802920010625,YOCO120625,YOGHURT COLUN KEFIR 120G FRUTILLA,590
LACTEOS,7802920010632,YOCO120632,YOGHURT COLUN KEFIR 120G PIÑA,590
LACTEOS,7802920011080,YC121080,YOGHURT COLUN KEFIR DE NARANJA 120GR,590
LACTEOS,7802920011073,YC121073,YOGHURT COLUN KEFIR FRAMBUESA 120GR,590
LACTEOS,7802920010618,YC120618,YOGHURT COLUN KEFIR NATURAL 120GR,590
LACTEOS,7802920010816,YC1200816,YOGHURT COLUN LICHT NATURAL 120GR,390
LACTEOS,7802920010687,YC1200687,YOGHURT COLUN LICHT VAINILLA SIN AZUCAR 120GR,390
LACTEOS,7802920010663,YC1200663,YOGHURT COLUN LIGHT SIN AZUCAR FRUTILLA 120ML,390
LACTEOS,7802920011028,YC121028,YOGHURT COLUN MORA LIGHT SIN AZUCAR 120GR,490
LACTEOS,7802920012131,YC152131,YOGHURT COLUN NATURAL SIN LACTOSA 150GR,690
LACTEOS,7802920012063,YC152063,YOGHURT COLUN ORIGEN NATURAL 150GR,490
LACTEOS,7802920010601,YC150601,YOGHURT COLUN ORIGEN VAINILLA 150GR,490
LACTEOS,7802920010199,YC190199,YOGHURT COLUN PROTEIN PLUS CHIRIMOYA 190GR,"1.790,00"
LACTEOS,7802900002176,YOFRSIAZ152176,YOGHURT FRUTILLA SIN AZUCAR 155G,790
LACTEOS,7802900000370,YG1659370,YOGHURT GOLD LUCUMA NUECES 165GR,990
LACTEOS,780290000370,YG1650370,YOGHURT GOLD LUCUMA Y NUECES 165GR,990
POSTRES,7802900000356,YG160356,YOGHURT GOLD SOPROLE FRUTOS SECOS 165G,990
LACTEOS,7613287424037,YG144037,YOGHURT GOODNES DEFENSAS FRUTILLA 140G,690
LACTEOS,7613287424068,YG144068,YOGHURT GOODNES DEFENSAS VAINILLA 140G,690
LACTEOS,8445291285507,YG1405507,YOGHURT GOODNES NESTLE PROTEIN CHIRIMOYA 140GR,790
LACTEOS,8445291285637,YG145637,YOGHURT GOODNES PROTEIN FRUTILLA 140G,690
LACTEOS,7802920010755,YOLI120755,YOGHURT LIGHT ENDULZADO NATURALMENTE COLUN 120G DAMASCO,390
LACTEOS,7802920010748,YOLI120748,YOGHURT LIGHT ENDULZADO NATURALMENTE COLUN 120G FRUTILLA,390
LACTEOS,7802920010786,YOLI120786,YOGHURT LIGHT ENDULZADO NATURALMENTE COLUN 120G VAINILLA,390
LACTEOS,7613036467339,YN127339,YOGHURT NATURAL SIN ENDULZAR GRIEGO NESTLE 120G,590
LACTEOS,7613036467179,YN1157179,YOGHURT NESTLE BATIDO FRAMBUESA 115GR,390
LACTEOS,8445291878105,YN148105,YOGHURT NESTLE GOODNES MAGNESIO FRUTILLA 140GR,790
LACTEOS,8445291285477,YN145477,YOGHURT NETLE PROTEIN NATURAL ENDULZADO 140GR,790
LACTEOS,7802920010588,YOOR120588,YOGHURT ORIGEN NATURAL COLUN 120G,490
LACTEOS,7802900002022,YP152022,YOGHURT PROTEIN CHIRIMOYA 155G,890
LACTEOS,7802900003302,YOPRKIPLMATRDEFR3302,YOGHURT PROTEIN KIWI PLATANO Y MANZANA TROZOS DE FRUTA,"1.090,00"
LACTEOS,7802910007079,YOPR147079,YOGHURT PROTEIN LONCO LECHE 140G FRUTILLA,990
LACTEOS,7802910007062,YOPR147062,YOGHURT PROTEIN LONCO LECHE 140G NATURAL,990
LACTEOS,7802910007338,YOPR147338,YOGHURT PROTEIN LONCO LECHE 140G VAINILLA,990
LACTEOS,7802900001414,YP151414,YOGHURT PROTEIN NATURAL 155G,790
LACTEOS,7802920010229,YOPR19,YOGHURT PROTEIN SABOR FRUTILLA 190G 190G,"1.790,00"
LACTEOS,7802900003296,YP1553296,YOGHURT PROTEIN SOPROLE FRUTOS SECOS 155GR,"1.090,00"
LACTEOS,7802900001926,YP151926,YOGHURT PROTEIN TROZOS FRUTILLA 155G,"1.090,00"
LACTEOS,7802920006895,YS126895,YOGHURT S/LACTOSA LIGHT CHIRIMOYA 125G,390
LACTEOS,7802920006871,YS126871,YOGHURT S/LACTOSA LIGHT FRUTILLA 125G,390
LACTEOS,7802920006888,YS126888,YOGHURT S/LACTOSA LIGHT VAINILLA 125G,390
LACTEOS,7802920004952,YOSI124952,YOGHURT SIN LACTOSA COLUN 125G FRUTILLA,590
LACTEOS,7802920005294,YOSI125294,YOGHURT SIN LACTOSA COLUN 125G VAINILLA,590
LACTEOS,7802900005092,YS165092,YOGHURT SOPROLE BATIFRUT DAMASCO 165GR,890
LACTEOS,7802900004330,YB164330,YOGHURT SOPROLE BATIFRUT PAPAYA TROZO 165GR,890
LACTEOS,7802900000318,YS1650318,YOGHURT SOPROLE BATIFRUT PIÑA 165GR,890
LACTEOS,7802900004323,YS1654323,YOGHURT SOPROLE BATIRUT MANGO MARACUYA 165GR,890
LACTEOS,7802900004439,YS164439,"YOGHURT SOPROLE GOLD NUECES, ALMENDRAS Y MIEL 165GR",990
LACTEOS,7802900004408,YP1554408,YOGHURT SOPROLE PROTEIN TROZOS DE FRUTA ARANDANO Y FRUTILLA 155GR,"1.090,00"
LACTEOS,7802900002305,YS1552305,YOGHURT SOPROLE PROTEIN TROZOS DE FRUTA MANGO Y MARACUYA 155GR,990
LACTEOS,7802900000943,74698236741448,YOGHURT SOPROLE SIN AZUCAR SABOR FRUTILLA,890
LACTEOS,7802900000950,74698228807379,YOGHURT SOPROLE SIN AZUCAR SABOR PAPAYA,890
LACTEOS,7802900234218,YS1204218,YOGHURT SOPROLE SIN AZUCRA DURAZNO 120GR,390
LACTEOS,7802900234232,YS1204232,YOGHURT SOPROLE SIN AZUR PIÑA 120GR,390
LACTEOS,7802900002190,YOSOVASIAZ152190,YOGHURT SOPROLE VAINILLA SIN AZUCAR 155G,690
LACTEOS,7802900000967,YOTRCHARSIAZ150967,YOGHURT TROZOS CHIA ARANDANOS SIN AZUCAR 155G,790
POSTRES,7613033081538,YY141538,YOGHURT Y CHOCAPIC NESTLE 142G,890
LACTEOS,7613033088605,YY148605,YOGHURT Y MILO NESTLE 142G,890
LACTEOS,7613033081477,YY121477,YOGHURT Y TRIX NESTLE 142G,890
POSTRES,7613033088766,YY148766,YOGHURT Y ZUCOSOS NESTLE 142G,890
LACTEOS,7802910306202,YY206202,YOGU YOGU CHIRIMOYA 200ML,690
LACTEOS,7802910300200,YY200200,YOGU YOGU DAMASCO 200ML,690
LACTEOS,7802910301207,YY201207,YOGU YOGU FRUTILLA 200ML,690
LACTEOS,7802910303201,YY203201,YOGU YOGU MORA 200ML,690
LACTEOS,7802910305205,YY205205,YOGU YOGU VAINILLA 200ML,690
LACTEOS,7802900230227,YS120227,YOGUITO SOPORLE FRUTILLA 120G,390
LACTEOS,7802900230296,YS120296,YOGUITO SOPORLE PLATANO 120G,390
LACTEOS,7802900230289,YS120289,YOGUITO SOPROLE FRAMBUESA 120G,390
LACTEOS,7802900230258,YS120258,YOGUITO SOPROLE VAINILLA 120G,390
LACTEOS,7802900002671,Y1152671,YOGURT 1+1 MINI PILLOWS 150G,990
LACTEOS,7613036466714,YB116714,YOGURT BATIDO DAMASCO NESTLE 115G,390
LACTEOS,7802900234225,YB124225,YOGURT BATIDO FRUTILLA LIGHT SOPROLE 120G,390
LACTEOS,7613036464963,YB114963,YOGURT BATIDO FRUTILLA NESTLE 115G,390
LACTEOS,7613036466684,YB116684,YOGURT BATIDO VAINILLA NESTLE 115G,390
LACTEOS,7802900332402,YC142402,YOGURT CEREAL 1+1 ZUCARITAS 140G,990
LACTEOS,7802920009070,YN129070,YOGURT COLUN NATURAL 120G,490
LACTEOS,7802900000363,YG160363,YOGURT GOLD CHOCOLATE Y ALMENDRAS SOPROLE 165G,990
LACTEOS,7802900335168,YG165168,YOGURT GOLD NUECES Y CRANBERRIES 165G,990
LACTEOS,7613287423764,YG140G3764,YOGURT GOODNES DEFENSAS NATURAL 140G,690
LACTEOS,7802900001704,YP151704,YOGURT PROTEIN MARACUYA SOPROLE 155G,890
LACTEOS,7802900002107,YP152107,YOGURT PROTEIN TROZOS DE FRUTA ARANDANO FRAMBUESA SOPROLE 155G,"1.090,00"
LACTEOS,7802900001407,YP151407,YOGURT PROTEINA FRUTILLA 155G,890
LACTEOS,7802900002039,YP152039,YOGURT PROTEINA VAINILLA 155G,890
LACTEOS,7802900230241,YS120241,YOGURT SOPROLE DAMASCO  120G,290
LACTEOS,7802900235222,YZ125222,YOGURT ZERO LACTO SOPROLE FRUTILLA 120G,390
LACTEOS,7613038883953,YV113953,YOGURTH VEGGIE BERRIES NESTLE 115G,690
CONGELADOS,7801300002915,ZACU352915,ZAPALLO FRUTOS DEL MAIPO CONGELADO 350GR,"2.290,00"